[08:53:17:731] [INFO] - my.utils.loggerUtils.info(loggerUtils.java:18) - 加载version文件完成！
[08:53:17:762] [INFO] - my.utils.loggerUtils.info(loggerUtils.java:18) - 加载nmb.apk完成！
[08:53:17:800] [INFO] - my.utils.loggerUtils.info(loggerUtils.java:18) - 实例化服务完成！
[08:53:17:949] [WARN] - com.zaxxer.hikari.HikariConfig.validateNumerics(HikariConfig.java:1084) - data-pool- - idleTimeout is close to or more than maxLifetime, disabling it.
[08:53:17:952] [INFO] - com.zaxxer.hikari.HikariDataSource.<init>(HikariDataSource.java:80) - data-pool- - Starting...
[08:53:18:010] [INFO] - com.zaxxer.hikari.HikariDataSource.<init>(HikariDataSource.java:82) - data-pool- - Start completed.
[08:53:18:275] [INFO] - my.utils.loggerUtils.info(loggerUtils.java:18) - 定时任务启动完成！
[08:53:18:876] [INFO] - my.utils.loggerUtils.info(loggerUtils.java:18) - 服务已经启动/9667
[09:01:18:279] [WARN] - com.zaxxer.hikari.pool.PoolBase.isConnectionAlive(PoolBase.java:184) - data-pool- - Failed to validate connection org.mariadb.jdbc.Connection@2ab07cf5 ((conn=15633) Connection.setNetworkTimeout cannot be called on a closed connection). Possibly consider using a shorter maxLifetime value.
[09:01:18:285] [WARN] - com.zaxxer.hikari.pool.PoolBase.isConnectionAlive(PoolBase.java:184) - data-pool- - Failed to validate connection org.mariadb.jdbc.Connection@55374151 ((conn=15634) Connection.setNetworkTimeout cannot be called on a closed connection). Possibly consider using a shorter maxLifetime value.
[09:01:18:290] [WARN] - com.zaxxer.hikari.pool.PoolBase.isConnectionAlive(PoolBase.java:184) - data-pool- - Failed to validate connection org.mariadb.jdbc.Connection@18ca4372 ((conn=15635) Connection.setNetworkTimeout cannot be called on a closed connection). Possibly consider using a shorter maxLifetime value.
[09:01:18:292] [WARN] - com.zaxxer.hikari.pool.PoolBase.isConnectionAlive(PoolBase.java:184) - data-pool- - Failed to validate connection org.mariadb.jdbc.Connection@31b4d34a ((conn=15636) Connection.setNetworkTimeout cannot be called on a closed connection). Possibly consider using a shorter maxLifetime value.
[09:03:58:284] [WARN] - com.zaxxer.hikari.pool.PoolBase.isConnectionAlive(PoolBase.java:184) - data-pool- - Failed to validate connection org.mariadb.jdbc.Connection@bbc844f ((conn=15638) Connection.setNetworkTimeout cannot be called on a closed connection). Possibly consider using a shorter maxLifetime value.
[09:03:58:286] [WARN] - com.zaxxer.hikari.pool.PoolBase.isConnectionAlive(PoolBase.java:184) - data-pool- - Failed to validate connection org.mariadb.jdbc.Connection@509e4002 ((conn=15639) Connection.setNetworkTimeout cannot be called on a closed connection). Possibly consider using a shorter maxLifetime value.
[09:03:58:287] [WARN] - com.zaxxer.hikari.pool.PoolBase.isConnectionAlive(PoolBase.java:184) - data-pool- - Failed to validate connection org.mariadb.jdbc.Connection@6ff4fcf ((conn=15640) Connection.setNetworkTimeout cannot be called on a closed connection). Possibly consider using a shorter maxLifetime value.
[09:03:58:287] [WARN] - com.zaxxer.hikari.pool.PoolBase.isConnectionAlive(PoolBase.java:184) - data-pool- - Failed to validate connection org.mariadb.jdbc.Connection@698e3da3 ((conn=15641) Connection.setNetworkTimeout cannot be called on a closed connection). Possibly consider using a shorter maxLifetime value.
[09:06:48:288] [WARN] - com.zaxxer.hikari.pool.PoolBase.isConnectionAlive(PoolBase.java:184) - data-pool- - Failed to validate connection org.mariadb.jdbc.Connection@7e4c0503 ((conn=15643) Connection.setNetworkTimeout cannot be called on a closed connection). Possibly consider using a shorter maxLifetime value.
[09:06:48:290] [WARN] - com.zaxxer.hikari.pool.PoolBase.isConnectionAlive(PoolBase.java:184) - data-pool- - Failed to validate connection org.mariadb.jdbc.Connection@95a27d2 ((conn=15644) Connection.setNetworkTimeout cannot be called on a closed connection). Possibly consider using a shorter maxLifetime value.
[09:06:48:291] [WARN] - com.zaxxer.hikari.pool.PoolBase.isConnectionAlive(PoolBase.java:184) - data-pool- - Failed to validate connection org.mariadb.jdbc.Connection@3098dee5 ((conn=15645) Connection.setNetworkTimeout cannot be called on a closed connection). Possibly consider using a shorter maxLifetime value.
[09:06:48:292] [WARN] - com.zaxxer.hikari.pool.PoolBase.isConnectionAlive(PoolBase.java:184) - data-pool- - Failed to validate connection org.mariadb.jdbc.Connection@2e62a1e8 ((conn=15646) Connection.setNetworkTimeout cannot be called on a closed connection). Possibly consider using a shorter maxLifetime value.
[09:12:18:288] [WARN] - com.zaxxer.hikari.pool.PoolBase.isConnectionAlive(PoolBase.java:184) - data-pool- - Failed to validate connection org.mariadb.jdbc.Connection@12d03975 ((conn=15653) Connection.setNetworkTimeout cannot be called on a closed connection). Possibly consider using a shorter maxLifetime value.
[09:12:18:291] [WARN] - com.zaxxer.hikari.pool.PoolBase.isConnectionAlive(PoolBase.java:184) - data-pool- - Failed to validate connection org.mariadb.jdbc.Connection@14747df3 ((conn=15654) Connection.setNetworkTimeout cannot be called on a closed connection). Possibly consider using a shorter maxLifetime value.
[09:14:28:282] [WARN] - com.zaxxer.hikari.pool.PoolBase.isConnectionAlive(PoolBase.java:184) - data-pool- - Failed to validate connection org.mariadb.jdbc.Connection@608074eb ((conn=15658) Connection.setNetworkTimeout cannot be called on a closed connection). Possibly consider using a shorter maxLifetime value.
[09:15:38:284] [WARN] - com.zaxxer.hikari.pool.PoolBase.isConnectionAlive(PoolBase.java:184) - data-pool- - Failed to validate connection org.mariadb.jdbc.Connection@3746066b ((conn=15661) Connection.setNetworkTimeout cannot be called on a closed connection). Possibly consider using a shorter maxLifetime value.
[09:20:58:291] [WARN] - com.zaxxer.hikari.pool.PoolBase.isConnectionAlive(PoolBase.java:184) - data-pool- - Failed to validate connection org.mariadb.jdbc.Connection@d23fcbc ((conn=15669) Connection.setNetworkTimeout cannot be called on a closed connection). Possibly consider using a shorter maxLifetime value.
[09:20:58:294] [WARN] - com.zaxxer.hikari.pool.PoolBase.isConnectionAlive(PoolBase.java:184) - data-pool- - Failed to validate connection org.mariadb.jdbc.Connection@2d46d2f4 ((conn=15670) Connection.setNetworkTimeout cannot be called on a closed connection). Possibly consider using a shorter maxLifetime value.
[09:20:58:296] [WARN] - com.zaxxer.hikari.pool.PoolBase.isConnectionAlive(PoolBase.java:184) - data-pool- - Failed to validate connection org.mariadb.jdbc.Connection@101aa7c ((conn=15671) Connection.setNetworkTimeout cannot be called on a closed connection). Possibly consider using a shorter maxLifetime value.
[09:20:58:291] [WARN] - com.zaxxer.hikari.pool.PoolBase.isConnectionAlive(PoolBase.java:184) - data-pool- - Failed to validate connection org.mariadb.jdbc.Connection@3032c152 ((conn=15668) Connection.setNetworkTimeout cannot be called on a closed connection). Possibly consider using a shorter maxLifetime value.
[09:23:08:279] [WARN] - com.zaxxer.hikari.pool.PoolBase.isConnectionAlive(PoolBase.java:184) - data-pool- - Failed to validate connection org.mariadb.jdbc.Connection@5ccc4812 ((conn=15673) Connection.setNetworkTimeout cannot be called on a closed connection). Possibly consider using a shorter maxLifetime value.
[09:23:08:280] [WARN] - com.zaxxer.hikari.pool.PoolBase.isConnectionAlive(PoolBase.java:184) - data-pool- - Failed to validate connection org.mariadb.jdbc.Connection@18092a72 ((conn=15674) Connection.setNetworkTimeout cannot be called on a closed connection). Possibly consider using a shorter maxLifetime value.
[09:23:48:280] [WARN] - com.zaxxer.hikari.pool.PoolBase.isConnectionAlive(PoolBase.java:184) - data-pool- - Failed to validate connection org.mariadb.jdbc.Connection@27d8f995 ((conn=15675) Connection.setNetworkTimeout cannot be called on a closed connection). Possibly consider using a shorter maxLifetime value.
[09:23:48:281] [WARN] - com.zaxxer.hikari.pool.PoolBase.isConnectionAlive(PoolBase.java:184) - data-pool- - Failed to validate connection org.mariadb.jdbc.Connection@4042d69e ((conn=15676) Connection.setNetworkTimeout cannot be called on a closed connection). Possibly consider using a shorter maxLifetime value.
[09:25:18:274] [WARN] - com.zaxxer.hikari.pool.PoolBase.isConnectionAlive(PoolBase.java:184) - data-pool- - Failed to validate connection org.mariadb.jdbc.Connection@385ae107 ((conn=15678) Connection.setNetworkTimeout cannot be called on a closed connection). Possibly consider using a shorter maxLifetime value.
[09:25:18:276] [WARN] - com.zaxxer.hikari.pool.PoolBase.isConnectionAlive(PoolBase.java:184) - data-pool- - Failed to validate connection org.mariadb.jdbc.Connection@1aec30ee ((conn=15679) Connection.setNetworkTimeout cannot be called on a closed connection). Possibly consider using a shorter maxLifetime value.
[09:28:28:280] [WARN] - com.zaxxer.hikari.pool.PoolBase.isConnectionAlive(PoolBase.java:184) - data-pool- - Failed to validate connection org.mariadb.jdbc.Connection@7706fa97 ((conn=15684) Connection.setNetworkTimeout cannot be called on a closed connection). Possibly consider using a shorter maxLifetime value.
[09:31:18:287] [WARN] - com.zaxxer.hikari.pool.PoolBase.isConnectionAlive(PoolBase.java:184) - data-pool- - Failed to validate connection org.mariadb.jdbc.Connection@8496f70 ((conn=15689) Connection.setNetworkTimeout cannot be called on a closed connection). Possibly consider using a shorter maxLifetime value.
[09:31:58:284] [WARN] - com.zaxxer.hikari.pool.PoolBase.isConnectionAlive(PoolBase.java:184) - data-pool- - Failed to validate connection org.mariadb.jdbc.Connection@b503b90 ((conn=15691) Connection.setNetworkTimeout cannot be called on a closed connection). Possibly consider using a shorter maxLifetime value.
[09:34:18:279] [WARN] - com.zaxxer.hikari.pool.PoolBase.isConnectionAlive(PoolBase.java:184) - data-pool- - Failed to validate connection org.mariadb.jdbc.Connection@e1e9686 ((conn=15695) Connection.setNetworkTimeout cannot be called on a closed connection). Possibly consider using a shorter maxLifetime value.
[09:39:38:283] [WARN] - com.zaxxer.hikari.pool.PoolBase.isConnectionAlive(PoolBase.java:184) - data-pool- - Failed to validate connection org.mariadb.jdbc.Connection@67ab09ca ((conn=15703) Connection.setNetworkTimeout cannot be called on a closed connection). Possibly consider using a shorter maxLifetime value.
[09:39:38:285] [WARN] - com.zaxxer.hikari.pool.PoolBase.isConnectionAlive(PoolBase.java:184) - data-pool- - Failed to validate connection org.mariadb.jdbc.Connection@4c04e420 ((conn=15704) Connection.setNetworkTimeout cannot be called on a closed connection). Possibly consider using a shorter maxLifetime value.
[09:39:38:287] [WARN] - com.zaxxer.hikari.pool.PoolBase.isConnectionAlive(PoolBase.java:184) - data-pool- - Failed to validate connection org.mariadb.jdbc.Connection@681b2d2a ((conn=15705) Connection.setNetworkTimeout cannot be called on a closed connection). Possibly consider using a shorter maxLifetime value.
[09:41:48:279] [WARN] - com.zaxxer.hikari.pool.PoolBase.isConnectionAlive(PoolBase.java:184) - data-pool- - Failed to validate connection org.mariadb.jdbc.Connection@37420467 ((conn=15708) Connection.setNetworkTimeout cannot be called on a closed connection). Possibly consider using a shorter maxLifetime value.
[09:41:48:279] [WARN] - com.zaxxer.hikari.pool.PoolBase.isConnectionAlive(PoolBase.java:184) - data-pool- - Failed to validate connection org.mariadb.jdbc.Connection@249815c1 ((conn=15707) Connection.setNetworkTimeout cannot be called on a closed connection). Possibly consider using a shorter maxLifetime value.
[09:41:48:282] [WARN] - com.zaxxer.hikari.pool.PoolBase.isConnectionAlive(PoolBase.java:184) - data-pool- - Failed to validate connection org.mariadb.jdbc.Connection@708969d0 ((conn=15709) Connection.setNetworkTimeout cannot be called on a closed connection). Possibly consider using a shorter maxLifetime value.
[09:50:38:279] [WARN] - com.zaxxer.hikari.pool.PoolBase.isConnectionAlive(PoolBase.java:184) - data-pool- - Failed to validate connection org.mariadb.jdbc.Connection@24e9526b ((conn=15723) Connection.setNetworkTimeout cannot be called on a closed connection). Possibly consider using a shorter maxLifetime value.
[09:53:48:284] [WARN] - com.zaxxer.hikari.pool.PoolBase.isConnectionAlive(PoolBase.java:184) - data-pool- - Failed to validate connection org.mariadb.jdbc.Connection@147d8580 ((conn=15730) Connection.setNetworkTimeout cannot be called on a closed connection). Possibly consider using a shorter maxLifetime value.
[09:56:28:279] [WARN] - com.zaxxer.hikari.pool.PoolBase.isConnectionAlive(PoolBase.java:184) - data-pool- - Failed to validate connection org.mariadb.jdbc.Connection@2e27c544 ((conn=15732) Connection.setNetworkTimeout cannot be called on a closed connection). Possibly consider using a shorter maxLifetime value.
[09:56:28:282] [WARN] - com.zaxxer.hikari.pool.PoolBase.isConnectionAlive(PoolBase.java:184) - data-pool- - Failed to validate connection org.mariadb.jdbc.Connection@7c9acf9 ((conn=15733) Connection.setNetworkTimeout cannot be called on a closed connection). Possibly consider using a shorter maxLifetime value.
[09:56:28:282] [WARN] - com.zaxxer.hikari.pool.PoolBase.isConnectionAlive(PoolBase.java:184) - data-pool- - Failed to validate connection org.mariadb.jdbc.Connection@2bfb955e ((conn=15734) Connection.setNetworkTimeout cannot be called on a closed connection). Possibly consider using a shorter maxLifetime value.
[09:56:28:283] [WARN] - com.zaxxer.hikari.pool.PoolBase.isConnectionAlive(PoolBase.java:184) - data-pool- - Failed to validate connection org.mariadb.jdbc.Connection@3be67880 ((conn=15735) Connection.setNetworkTimeout cannot be called on a closed connection). Possibly consider using a shorter maxLifetime value.
[09:56:28:287] [WARN] - com.zaxxer.hikari.pool.PoolBase.isConnectionAlive(PoolBase.java:184) - data-pool- - Failed to validate connection org.mariadb.jdbc.Connection@1277870e ((conn=15736) Connection.setNetworkTimeout cannot be called on a closed connection). Possibly consider using a shorter maxLifetime value.
[10:02:28:289] [WARN] - com.zaxxer.hikari.pool.PoolBase.isConnectionAlive(PoolBase.java:184) - data-pool- - Failed to validate connection org.mariadb.jdbc.Connection@6ab42717 ((conn=15747) Connection.setNetworkTimeout cannot be called on a closed connection). Possibly consider using a shorter maxLifetime value.
[10:11:18:286] [WARN] - com.zaxxer.hikari.pool.PoolBase.isConnectionAlive(PoolBase.java:184) - data-pool- - Failed to validate connection org.mariadb.jdbc.Connection@357e7f9d ((conn=15761) Connection.setNetworkTimeout cannot be called on a closed connection). Possibly consider using a shorter maxLifetime value.
[10:11:18:287] [WARN] - com.zaxxer.hikari.pool.PoolBase.isConnectionAlive(PoolBase.java:184) - data-pool- - Failed to validate connection org.mariadb.jdbc.Connection@615f3804 ((conn=15762) Connection.setNetworkTimeout cannot be called on a closed connection). Possibly consider using a shorter maxLifetime value.
[10:17:28:289] [WARN] - com.zaxxer.hikari.pool.PoolBase.isConnectionAlive(PoolBase.java:184) - data-pool- - Failed to validate connection org.mariadb.jdbc.Connection@2fd8876f ((conn=15773) Connection.setNetworkTimeout cannot be called on a closed connection). Possibly consider using a shorter maxLifetime value.
[10:19:48:290] [WARN] - com.zaxxer.hikari.pool.PoolBase.isConnectionAlive(PoolBase.java:184) - data-pool- - Failed to validate connection org.mariadb.jdbc.Connection@4c994eb8 ((conn=15775) Connection.setNetworkTimeout cannot be called on a closed connection). Possibly consider using a shorter maxLifetime value.
[10:23:08:281] [WARN] - com.zaxxer.hikari.pool.PoolBase.isConnectionAlive(PoolBase.java:184) - data-pool- - Failed to validate connection org.mariadb.jdbc.Connection@30122a79 ((conn=15782) Connection.setNetworkTimeout cannot be called on a closed connection). Possibly consider using a shorter maxLifetime value.
[10:23:08:281] [WARN] - com.zaxxer.hikari.pool.PoolBase.isConnectionAlive(PoolBase.java:184) - data-pool- - Failed to validate connection org.mariadb.jdbc.Connection@66f1f056 ((conn=15783) Connection.setNetworkTimeout cannot be called on a closed connection). Possibly consider using a shorter maxLifetime value.
[10:28:22:241] [WARN] - com.zaxxer.hikari.pool.PoolBase.isConnectionAlive(PoolBase.java:184) - data-pool- - Failed to validate connection org.mariadb.jdbc.Connection@7fdd1904 ((conn=15790) Connection.setNetworkTimeout cannot be called on a closed connection). Possibly consider using a shorter maxLifetime value.
[10:28:22:243] [WARN] - com.zaxxer.hikari.pool.PoolBase.isConnectionAlive(PoolBase.java:184) - data-pool- - Failed to validate connection org.mariadb.jdbc.Connection@2197a645 ((conn=15791) Connection.setNetworkTimeout cannot be called on a closed connection). Possibly consider using a shorter maxLifetime value.
[10:28:22:244] [WARN] - com.zaxxer.hikari.pool.PoolBase.isConnectionAlive(PoolBase.java:184) - data-pool- - Failed to validate connection org.mariadb.jdbc.Connection@5f87ea9e ((conn=15792) Connection.setNetworkTimeout cannot be called on a closed connection). Possibly consider using a shorter maxLifetime value.
[10:28:22:245] [WARN] - com.zaxxer.hikari.pool.PoolBase.isConnectionAlive(PoolBase.java:184) - data-pool- - Failed to validate connection org.mariadb.jdbc.Connection@4885cd53 ((conn=15793) Connection.setNetworkTimeout cannot be called on a closed connection). Possibly consider using a shorter maxLifetime value.
[10:31:28:287] [WARN] - com.zaxxer.hikari.pool.PoolBase.isConnectionAlive(PoolBase.java:184) - data-pool- - Failed to validate connection org.mariadb.jdbc.Connection@6cc22165 ((conn=15798) Connection.setNetworkTimeout cannot be called on a closed connection). Possibly consider using a shorter maxLifetime value.
[10:33:48:286] [WARN] - com.zaxxer.hikari.pool.PoolBase.isConnectionAlive(PoolBase.java:184) - data-pool- - Failed to validate connection org.mariadb.jdbc.Connection@64e70f83 ((conn=15800) Connection.setNetworkTimeout cannot be called on a closed connection). Possibly consider using a shorter maxLifetime value.
[10:36:58:283] [WARN] - com.zaxxer.hikari.pool.PoolBase.isConnectionAlive(PoolBase.java:184) - data-pool- - Failed to validate connection org.mariadb.jdbc.Connection@37e4f880 ((conn=15805) Connection.setNetworkTimeout cannot be called on a closed connection). Possibly consider using a shorter maxLifetime value.
[10:36:58:286] [WARN] - com.zaxxer.hikari.pool.PoolBase.isConnectionAlive(PoolBase.java:184) - data-pool- - Failed to validate connection org.mariadb.jdbc.Connection@70e9c81a ((conn=15806) Connection.setNetworkTimeout cannot be called on a closed connection). Possibly consider using a shorter maxLifetime value.
[10:36:58:287] [WARN] - com.zaxxer.hikari.pool.PoolBase.isConnectionAlive(PoolBase.java:184) - data-pool- - Failed to validate connection org.mariadb.jdbc.Connection@317f9050 ((conn=15807) Connection.setNetworkTimeout cannot be called on a closed connection). Possibly consider using a shorter maxLifetime value.
[10:36:58:288] [WARN] - com.zaxxer.hikari.pool.PoolBase.isConnectionAlive(PoolBase.java:184) - data-pool- - Failed to validate connection org.mariadb.jdbc.Connection@214f4e07 ((conn=15808) Connection.setNetworkTimeout cannot be called on a closed connection). Possibly consider using a shorter maxLifetime value.
[10:45:28:287] [WARN] - com.zaxxer.hikari.pool.PoolBase.isConnectionAlive(PoolBase.java:184) - data-pool- - Failed to validate connection org.mariadb.jdbc.Connection@65fdea04 ((conn=15830) Connection.setNetworkTimeout cannot be called on a closed connection). Possibly consider using a shorter maxLifetime value.
[10:45:28:290] [WARN] - com.zaxxer.hikari.pool.PoolBase.isConnectionAlive(PoolBase.java:184) - data-pool- - Failed to validate connection org.mariadb.jdbc.Connection@11fab66a ((conn=15831) Connection.setNetworkTimeout cannot be called on a closed connection). Possibly consider using a shorter maxLifetime value.
[10:45:28:290] [WARN] - com.zaxxer.hikari.pool.PoolBase.isConnectionAlive(PoolBase.java:184) - data-pool- - Failed to validate connection org.mariadb.jdbc.Connection@51f27269 ((conn=15832) Connection.setNetworkTimeout cannot be called on a closed connection). Possibly consider using a shorter maxLifetime value.
[10:45:28:292] [WARN] - com.zaxxer.hikari.pool.PoolBase.isConnectionAlive(PoolBase.java:184) - data-pool- - Failed to validate connection org.mariadb.jdbc.Connection@5bd51f99 ((conn=15833) Connection.setNetworkTimeout cannot be called on a closed connection). Possibly consider using a shorter maxLifetime value.
[10:57:18:287] [WARN] - com.zaxxer.hikari.pool.PoolBase.isConnectionAlive(PoolBase.java:184) - data-pool- - Failed to validate connection org.mariadb.jdbc.Connection@261653d5 ((conn=15852) Connection.setNetworkTimeout cannot be called on a closed connection). Possibly consider using a shorter maxLifetime value.
[10:57:18:289] [WARN] - com.zaxxer.hikari.pool.PoolBase.isConnectionAlive(PoolBase.java:184) - data-pool- - Failed to validate connection org.mariadb.jdbc.Connection@7b03a64c ((conn=15853) Connection.setNetworkTimeout cannot be called on a closed connection). Possibly consider using a shorter maxLifetime value.
[10:59:28:284] [WARN] - com.zaxxer.hikari.pool.PoolBase.isConnectionAlive(PoolBase.java:184) - data-pool- - Failed to validate connection org.mariadb.jdbc.Connection@43dd7290 ((conn=15856) Connection.setNetworkTimeout cannot be called on a closed connection). Possibly consider using a shorter maxLifetime value.
[10:59:28:287] [WARN] - com.zaxxer.hikari.pool.PoolBase.isConnectionAlive(PoolBase.java:184) - data-pool- - Failed to validate connection org.mariadb.jdbc.Connection@4b4d3ed8 ((conn=15857) Connection.setNetworkTimeout cannot be called on a closed connection). Possibly consider using a shorter maxLifetime value.
[11:00:38:287] [WARN] - com.zaxxer.hikari.pool.PoolBase.isConnectionAlive(PoolBase.java:184) - data-pool- - Failed to validate connection org.mariadb.jdbc.Connection@5b66826e ((conn=15859) Connection.setNetworkTimeout cannot be called on a closed connection). Possibly consider using a shorter maxLifetime value.
[11:02:58:277] [WARN] - com.zaxxer.hikari.pool.PoolBase.isConnectionAlive(PoolBase.java:184) - data-pool- - Failed to validate connection org.mariadb.jdbc.Connection@1e70b47f ((conn=15862) Connection.setNetworkTimeout cannot be called on a closed connection). Possibly consider using a shorter maxLifetime value.
[11:02:58:279] [WARN] - com.zaxxer.hikari.pool.PoolBase.isConnectionAlive(PoolBase.java:184) - data-pool- - Failed to validate connection org.mariadb.jdbc.Connection@2c963427 ((conn=15863) Connection.setNetworkTimeout cannot be called on a closed connection). Possibly consider using a shorter maxLifetime value.
[11:02:58:285] [WARN] - com.zaxxer.hikari.pool.PoolBase.isConnectionAlive(PoolBase.java:184) - data-pool- - Failed to validate connection org.mariadb.jdbc.Connection@e1ff9ac ((conn=15864) Connection.setNetworkTimeout cannot be called on a closed connection). Possibly consider using a shorter maxLifetime value.
[11:05:48:281] [WARN] - com.zaxxer.hikari.pool.PoolBase.isConnectionAlive(PoolBase.java:184) - data-pool- - Failed to validate connection org.mariadb.jdbc.Connection@21488444 ((conn=15867) Connection.setNetworkTimeout cannot be called on a closed connection). Possibly consider using a shorter maxLifetime value.
[11:05:48:285] [WARN] - com.zaxxer.hikari.pool.PoolBase.isConnectionAlive(PoolBase.java:184) - data-pool- - Failed to validate connection org.mariadb.jdbc.Connection@4f7b70a8 ((conn=15868) Connection.setNetworkTimeout cannot be called on a closed connection). Possibly consider using a shorter maxLifetime value.
[11:05:48:286] [WARN] - com.zaxxer.hikari.pool.PoolBase.isConnectionAlive(PoolBase.java:184) - data-pool- - Failed to validate connection org.mariadb.jdbc.Connection@19704cf9 ((conn=15869) Connection.setNetworkTimeout cannot be called on a closed connection). Possibly consider using a shorter maxLifetime value.
[11:08:38:286] [WARN] - com.zaxxer.hikari.pool.PoolBase.isConnectionAlive(PoolBase.java:184) - data-pool- - Failed to validate connection org.mariadb.jdbc.Connection@5b5f8797 ((conn=15872) Connection.setNetworkTimeout cannot be called on a closed connection). Possibly consider using a shorter maxLifetime value.
[11:08:38:290] [WARN] - com.zaxxer.hikari.pool.PoolBase.isConnectionAlive(PoolBase.java:184) - data-pool- - Failed to validate connection org.mariadb.jdbc.Connection@4d38ef6 ((conn=15873) Connection.setNetworkTimeout cannot be called on a closed connection). Possibly consider using a shorter maxLifetime value.
[11:08:38:292] [WARN] - com.zaxxer.hikari.pool.PoolBase.isConnectionAlive(PoolBase.java:184) - data-pool- - Failed to validate connection org.mariadb.jdbc.Connection@52734ed4 ((conn=15874) Connection.setNetworkTimeout cannot be called on a closed connection). Possibly consider using a shorter maxLifetime value.
[11:08:38:295] [WARN] - com.zaxxer.hikari.pool.PoolBase.isConnectionAlive(PoolBase.java:184) - data-pool- - Failed to validate connection org.mariadb.jdbc.Connection@75b70832 ((conn=15875) Connection.setNetworkTimeout cannot be called on a closed connection). Possibly consider using a shorter maxLifetime value.
[11:20:28:276] [WARN] - com.zaxxer.hikari.pool.PoolBase.isConnectionAlive(PoolBase.java:184) - data-pool- - Failed to validate connection org.mariadb.jdbc.Connection@6546f624 ((conn=15903) Connection.setNetworkTimeout cannot be called on a closed connection). Possibly consider using a shorter maxLifetime value.
[11:20:28:280] [WARN] - com.zaxxer.hikari.pool.PoolBase.isConnectionAlive(PoolBase.java:184) - data-pool- - Failed to validate connection org.mariadb.jdbc.Connection@e6e91df ((conn=15904) Connection.setNetworkTimeout cannot be called on a closed connection). Possibly consider using a shorter maxLifetime value.
[11:20:28:282] [WARN] - com.zaxxer.hikari.pool.PoolBase.isConnectionAlive(PoolBase.java:184) - data-pool- - Failed to validate connection org.mariadb.jdbc.Connection@3df062c3 ((conn=15905) Connection.setNetworkTimeout cannot be called on a closed connection). Possibly consider using a shorter maxLifetime value.
[11:23:48:286] [WARN] - com.zaxxer.hikari.pool.PoolBase.isConnectionAlive(PoolBase.java:184) - data-pool- - Failed to validate connection org.mariadb.jdbc.Connection@1557775c ((conn=15912) Connection.setNetworkTimeout cannot be called on a closed connection). Possibly consider using a shorter maxLifetime value.
[11:29:28:288] [WARN] - com.zaxxer.hikari.pool.PoolBase.isConnectionAlive(PoolBase.java:184) - data-pool- - Failed to validate connection org.mariadb.jdbc.Connection@530d9e39 ((conn=15921) Connection.setNetworkTimeout cannot be called on a closed connection). Possibly consider using a shorter maxLifetime value.
[11:29:28:291] [WARN] - com.zaxxer.hikari.pool.PoolBase.isConnectionAlive(PoolBase.java:184) - data-pool- - Failed to validate connection org.mariadb.jdbc.Connection@1921612d ((conn=15922) Connection.setNetworkTimeout cannot be called on a closed connection). Possibly consider using a shorter maxLifetime value.
[11:38:18:287] [WARN] - com.zaxxer.hikari.pool.PoolBase.isConnectionAlive(PoolBase.java:184) - data-pool- - Failed to validate connection org.mariadb.jdbc.Connection@3501d947 ((conn=15934) Connection.setNetworkTimeout cannot be called on a closed connection). Possibly consider using a shorter maxLifetime value.
[11:38:18:292] [WARN] - com.zaxxer.hikari.pool.PoolBase.isConnectionAlive(PoolBase.java:184) - data-pool- - Failed to validate connection org.mariadb.jdbc.Connection@5c411315 ((conn=15936) Connection.setNetworkTimeout cannot be called on a closed connection). Possibly consider using a shorter maxLifetime value.
[11:38:18:294] [WARN] - com.zaxxer.hikari.pool.PoolBase.isConnectionAlive(PoolBase.java:184) - data-pool- - Failed to validate connection org.mariadb.jdbc.Connection@6fc588be ((conn=15937) Connection.setNetworkTimeout cannot be called on a closed connection). Possibly consider using a shorter maxLifetime value.
[11:41:28:285] [WARN] - com.zaxxer.hikari.pool.PoolBase.isConnectionAlive(PoolBase.java:184) - data-pool- - Failed to validate connection org.mariadb.jdbc.Connection@38fe7743 ((conn=15943) Connection.setNetworkTimeout cannot be called on a closed connection). Possibly consider using a shorter maxLifetime value.
[11:44:48:274] [WARN] - com.zaxxer.hikari.pool.PoolBase.isConnectionAlive(PoolBase.java:184) - data-pool- - Failed to validate connection org.mariadb.jdbc.Connection@5eedd5e8 ((conn=15959) Connection.setNetworkTimeout cannot be called on a closed connection). Possibly consider using a shorter maxLifetime value.
[11:47:18:284] [WARN] - com.zaxxer.hikari.pool.PoolBase.isConnectionAlive(PoolBase.java:184) - data-pool- - Failed to validate connection org.mariadb.jdbc.Connection@7785c915 ((conn=15963) Connection.setNetworkTimeout cannot be called on a closed connection). Possibly consider using a shorter maxLifetime value.
[11:47:18:286] [WARN] - com.zaxxer.hikari.pool.PoolBase.isConnectionAlive(PoolBase.java:184) - data-pool- - Failed to validate connection org.mariadb.jdbc.Connection@1b163e25 ((conn=15964) Connection.setNetworkTimeout cannot be called on a closed connection). Possibly consider using a shorter maxLifetime value.
[11:50:08:290] [WARN] - com.zaxxer.hikari.pool.PoolBase.isConnectionAlive(PoolBase.java:184) - data-pool- - Failed to validate connection org.mariadb.jdbc.Connection@38f98e1f ((conn=15966) Connection.setNetworkTimeout cannot be called on a closed connection). Possibly consider using a shorter maxLifetime value.
[11:50:08:292] [WARN] - com.zaxxer.hikari.pool.PoolBase.isConnectionAlive(PoolBase.java:184) - data-pool- - Failed to validate connection org.mariadb.jdbc.Connection@555db3e3 ((conn=15967) Connection.setNetworkTimeout cannot be called on a closed connection). Possibly consider using a shorter maxLifetime value.
[11:50:08:294] [WARN] - com.zaxxer.hikari.pool.PoolBase.isConnectionAlive(PoolBase.java:184) - data-pool- - Failed to validate connection org.mariadb.jdbc.Connection@36a394e7 ((conn=15968) Connection.setNetworkTimeout cannot be called on a closed connection). Possibly consider using a shorter maxLifetime value.
[11:50:08:296] [WARN] - com.zaxxer.hikari.pool.PoolBase.isConnectionAlive(PoolBase.java:184) - data-pool- - Failed to validate connection org.mariadb.jdbc.Connection@53644dfc ((conn=15969) Connection.setNetworkTimeout cannot be called on a closed connection). Possibly consider using a shorter maxLifetime value.
[11:58:58:287] [WARN] - com.zaxxer.hikari.pool.PoolBase.isConnectionAlive(PoolBase.java:184) - data-pool- - Failed to validate connection org.mariadb.jdbc.Connection@698980fb ((conn=15982) Connection.setNetworkTimeout cannot be called on a closed connection). Possibly consider using a shorter maxLifetime value.
[11:58:58:287] [WARN] - com.zaxxer.hikari.pool.PoolBase.isConnectionAlive(PoolBase.java:184) - data-pool- - Failed to validate connection org.mariadb.jdbc.Connection@7253a736 ((conn=15983) Connection.setNetworkTimeout cannot be called on a closed connection). Possibly consider using a shorter maxLifetime value.
[12:04:48:280] [WARN] - com.zaxxer.hikari.pool.PoolBase.isConnectionAlive(PoolBase.java:184) - data-pool- - Failed to validate connection org.mariadb.jdbc.Connection@5707b251 ((conn=15991) Connection.setNetworkTimeout cannot be called on a closed connection). Possibly consider using a shorter maxLifetime value.
[12:04:48:281] [WARN] - com.zaxxer.hikari.pool.PoolBase.isConnectionAlive(PoolBase.java:184) - data-pool- - Failed to validate connection org.mariadb.jdbc.Connection@466aad72 ((conn=15992) Connection.setNetworkTimeout cannot be called on a closed connection). Possibly consider using a shorter maxLifetime value.
[12:16:48:287] [WARN] - com.zaxxer.hikari.pool.PoolBase.isConnectionAlive(PoolBase.java:184) - data-pool- - Failed to validate connection org.mariadb.jdbc.Connection@27c4d11a ((conn=16024) Connection.setNetworkTimeout cannot be called on a closed connection). Possibly consider using a shorter maxLifetime value.
[12:19:38:280] [WARN] - com.zaxxer.hikari.pool.PoolBase.isConnectionAlive(PoolBase.java:184) - data-pool- - Failed to validate connection org.mariadb.jdbc.Connection@678ade09 ((conn=16027) Connection.setNetworkTimeout cannot be called on a closed connection). Possibly consider using a shorter maxLifetime value.
[12:19:38:280] [WARN] - com.zaxxer.hikari.pool.PoolBase.isConnectionAlive(PoolBase.java:184) - data-pool- - Failed to validate connection org.mariadb.jdbc.Connection@4c3e4e82 ((conn=16028) Connection.setNetworkTimeout cannot be called on a closed connection). Possibly consider using a shorter maxLifetime value.
[12:19:38:280] [WARN] - com.zaxxer.hikari.pool.PoolBase.isConnectionAlive(PoolBase.java:184) - data-pool- - Failed to validate connection org.mariadb.jdbc.Connection@c2c7998 ((conn=16029) Connection.setNetworkTimeout cannot be called on a closed connection). Possibly consider using a shorter maxLifetime value.
[12:22:18:285] [WARN] - com.zaxxer.hikari.pool.PoolBase.isConnectionAlive(PoolBase.java:184) - data-pool- - Failed to validate connection org.mariadb.jdbc.Connection@6b50dc7a ((conn=16031) Connection.setNetworkTimeout cannot be called on a closed connection). Possibly consider using a shorter maxLifetime value.
[12:27:48:281] [WARN] - com.zaxxer.hikari.pool.PoolBase.isConnectionAlive(PoolBase.java:184) - data-pool- - Failed to validate connection org.mariadb.jdbc.Connection@1237d213 ((conn=16041) Connection.setNetworkTimeout cannot be called on a closed connection). Possibly consider using a shorter maxLifetime value.
[12:31:08:275] [WARN] - com.zaxxer.hikari.pool.PoolBase.isConnectionAlive(PoolBase.java:184) - data-pool- - Failed to validate connection org.mariadb.jdbc.Connection@596af934 ((conn=16046) Connection.setNetworkTimeout cannot be called on a closed connection). Possibly consider using a shorter maxLifetime value.
[12:31:08:276] [WARN] - com.zaxxer.hikari.pool.PoolBase.isConnectionAlive(PoolBase.java:184) - data-pool- - Failed to validate connection org.mariadb.jdbc.Connection@4ce80400 ((conn=16047) Connection.setNetworkTimeout cannot be called on a closed connection). Possibly consider using a shorter maxLifetime value.
[12:31:08:277] [WARN] - com.zaxxer.hikari.pool.PoolBase.isConnectionAlive(PoolBase.java:184) - data-pool- - Failed to validate connection org.mariadb.jdbc.Connection@6cf6fe96 ((conn=16048) Connection.setNetworkTimeout cannot be called on a closed connection). Possibly consider using a shorter maxLifetime value.
[12:31:08:278] [WARN] - com.zaxxer.hikari.pool.PoolBase.isConnectionAlive(PoolBase.java:184) - data-pool- - Failed to validate connection org.mariadb.jdbc.Connection@625b1965 ((conn=16049) Connection.setNetworkTimeout cannot be called on a closed connection). Possibly consider using a shorter maxLifetime value.
[12:33:58:275] [WARN] - com.zaxxer.hikari.pool.PoolBase.isConnectionAlive(PoolBase.java:184) - data-pool- - Failed to validate connection org.mariadb.jdbc.Connection@59fa2c95 ((conn=16051) Connection.setNetworkTimeout cannot be called on a closed connection). Possibly consider using a shorter maxLifetime value.
[12:33:58:277] [WARN] - com.zaxxer.hikari.pool.PoolBase.isConnectionAlive(PoolBase.java:184) - data-pool- - Failed to validate connection org.mariadb.jdbc.Connection@21bfca9e ((conn=16052) Connection.setNetworkTimeout cannot be called on a closed connection). Possibly consider using a shorter maxLifetime value.
[12:33:58:278] [WARN] - com.zaxxer.hikari.pool.PoolBase.isConnectionAlive(PoolBase.java:184) - data-pool- - Failed to validate connection org.mariadb.jdbc.Connection@1c318bad ((conn=16053) Connection.setNetworkTimeout cannot be called on a closed connection). Possibly consider using a shorter maxLifetime value.
[12:33:58:278] [WARN] - com.zaxxer.hikari.pool.PoolBase.isConnectionAlive(PoolBase.java:184) - data-pool- - Failed to validate connection org.mariadb.jdbc.Connection@1427923a ((conn=16054) Connection.setNetworkTimeout cannot be called on a closed connection). Possibly consider using a shorter maxLifetime value.
[12:36:18:276] [WARN] - com.zaxxer.hikari.pool.PoolBase.isConnectionAlive(PoolBase.java:184) - data-pool- - Failed to validate connection org.mariadb.jdbc.Connection@154f6d2 ((conn=16056) Connection.setNetworkTimeout cannot be called on a closed connection). Possibly consider using a shorter maxLifetime value.
[12:39:48:283] [WARN] - com.zaxxer.hikari.pool.PoolBase.isConnectionAlive(PoolBase.java:184) - data-pool- - Failed to validate connection org.mariadb.jdbc.Connection@2799a8f9 ((conn=16062) Connection.setNetworkTimeout cannot be called on a closed connection). Possibly consider using a shorter maxLifetime value.
[12:39:48:283] [WARN] - com.zaxxer.hikari.pool.PoolBase.isConnectionAlive(PoolBase.java:184) - data-pool- - Failed to validate connection org.mariadb.jdbc.Connection@6b98cbe2 ((conn=16063) Connection.setNetworkTimeout cannot be called on a closed connection). Possibly consider using a shorter maxLifetime value.
[12:39:48:285] [WARN] - com.zaxxer.hikari.pool.PoolBase.isConnectionAlive(PoolBase.java:184) - data-pool- - Failed to validate connection org.mariadb.jdbc.Connection@35cd6ee5 ((conn=16064) Connection.setNetworkTimeout cannot be called on a closed connection). Possibly consider using a shorter maxLifetime value.
[12:42:38:288] [WARN] - com.zaxxer.hikari.pool.PoolBase.isConnectionAlive(PoolBase.java:184) - data-pool- - Failed to validate connection org.mariadb.jdbc.Connection@4c28a998 ((conn=16066) Connection.setNetworkTimeout cannot be called on a closed connection). Possibly consider using a shorter maxLifetime value.
[12:42:38:290] [WARN] - com.zaxxer.hikari.pool.PoolBase.isConnectionAlive(PoolBase.java:184) - data-pool- - Failed to validate connection org.mariadb.jdbc.Connection@29380ea1 ((conn=16070) Connection.setNetworkTimeout cannot be called on a closed connection). Possibly consider using a shorter maxLifetime value.
[12:42:38:291] [WARN] - com.zaxxer.hikari.pool.PoolBase.isConnectionAlive(PoolBase.java:184) - data-pool- - Failed to validate connection org.mariadb.jdbc.Connection@7e3b414f ((conn=16071) Connection.setNetworkTimeout cannot be called on a closed connection). Possibly consider using a shorter maxLifetime value.
[12:42:38:294] [WARN] - com.zaxxer.hikari.pool.PoolBase.isConnectionAlive(PoolBase.java:184) - data-pool- - Failed to validate connection org.mariadb.jdbc.Connection@77564379 ((conn=16072) Connection.setNetworkTimeout cannot be called on a closed connection). Possibly consider using a shorter maxLifetime value.
[12:45:28:286] [WARN] - com.zaxxer.hikari.pool.PoolBase.isConnectionAlive(PoolBase.java:184) - data-pool- - Failed to validate connection org.mariadb.jdbc.Connection@460e4845 ((conn=16081) Connection.setNetworkTimeout cannot be called on a closed connection). Possibly consider using a shorter maxLifetime value.
[12:45:28:287] [WARN] - com.zaxxer.hikari.pool.PoolBase.isConnectionAlive(PoolBase.java:184) - data-pool- - Failed to validate connection org.mariadb.jdbc.Connection@723a9394 ((conn=16082) Connection.setNetworkTimeout cannot be called on a closed connection). Possibly consider using a shorter maxLifetime value.
[12:45:28:291] [WARN] - com.zaxxer.hikari.pool.PoolBase.isConnectionAlive(PoolBase.java:184) - data-pool- - Failed to validate connection org.mariadb.jdbc.Connection@8077200 ((conn=16083) Connection.setNetworkTimeout cannot be called on a closed connection). Possibly consider using a shorter maxLifetime value.
[12:45:28:291] [WARN] - com.zaxxer.hikari.pool.PoolBase.isConnectionAlive(PoolBase.java:184) - data-pool- - Failed to validate connection org.mariadb.jdbc.Connection@3cff4f25 ((conn=16084) Connection.setNetworkTimeout cannot be called on a closed connection). Possibly consider using a shorter maxLifetime value.
[12:50:58:286] [WARN] - com.zaxxer.hikari.pool.PoolBase.isConnectionAlive(PoolBase.java:184) - data-pool- - Failed to validate connection org.mariadb.jdbc.Connection@6d372817 ((conn=16091) Connection.setNetworkTimeout cannot be called on a closed connection). Possibly consider using a shorter maxLifetime value.
[12:54:08:287] [WARN] - com.zaxxer.hikari.pool.PoolBase.isConnectionAlive(PoolBase.java:184) - data-pool- - Failed to validate connection org.mariadb.jdbc.Connection@3e31a929 ((conn=16097) Connection.setNetworkTimeout cannot be called on a closed connection). Possibly consider using a shorter maxLifetime value.
[12:54:08:289] [WARN] - com.zaxxer.hikari.pool.PoolBase.isConnectionAlive(PoolBase.java:184) - data-pool- - Failed to validate connection org.mariadb.jdbc.Connection@382d32d ((conn=16098) Connection.setNetworkTimeout cannot be called on a closed connection). Possibly consider using a shorter maxLifetime value.
[12:54:08:289] [WARN] - com.zaxxer.hikari.pool.PoolBase.isConnectionAlive(PoolBase.java:184) - data-pool- - Failed to validate connection org.mariadb.jdbc.Connection@2becdfb0 ((conn=16099) Connection.setNetworkTimeout cannot be called on a closed connection). Possibly consider using a shorter maxLifetime value.
[12:59:38:289] [WARN] - com.zaxxer.hikari.pool.PoolBase.isConnectionAlive(PoolBase.java:184) - data-pool- - Failed to validate connection org.mariadb.jdbc.Connection@4437ce0d ((conn=16106) Connection.setNetworkTimeout cannot be called on a closed connection). Possibly consider using a shorter maxLifetime value.
[12:59:38:291] [WARN] - com.zaxxer.hikari.pool.PoolBase.isConnectionAlive(PoolBase.java:184) - data-pool- - Failed to validate connection org.mariadb.jdbc.Connection@2fcb7145 ((conn=16107) Connection.setNetworkTimeout cannot be called on a closed connection). Possibly consider using a shorter maxLifetime value.
[12:59:38:292] [WARN] - com.zaxxer.hikari.pool.PoolBase.isConnectionAlive(PoolBase.java:184) - data-pool- - Failed to validate connection org.mariadb.jdbc.Connection@712f881f ((conn=16108) Connection.setNetworkTimeout cannot be called on a closed connection). Possibly consider using a shorter maxLifetime value.
[12:59:38:293] [WARN] - com.zaxxer.hikari.pool.PoolBase.isConnectionAlive(PoolBase.java:184) - data-pool- - Failed to validate connection org.mariadb.jdbc.Connection@b126791 ((conn=16109) Connection.setNetworkTimeout cannot be called on a closed connection). Possibly consider using a shorter maxLifetime value.
[13:05:38:281] [WARN] - com.zaxxer.hikari.pool.PoolBase.isConnectionAlive(PoolBase.java:184) - data-pool- - Failed to validate connection org.mariadb.jdbc.Connection@5ff75f5a ((conn=16119) Connection.setNetworkTimeout cannot be called on a closed connection). Possibly consider using a shorter maxLifetime value.
[13:40:28:280] [WARN] - com.zaxxer.hikari.pool.PoolBase.isConnectionAlive(PoolBase.java:184) - data-pool- - Failed to validate connection org.mariadb.jdbc.Connection@4cf1d152 ((conn=16187) Connection.setNetworkTimeout cannot be called on a closed connection). Possibly consider using a shorter maxLifetime value.
[13:40:28:280] [WARN] - com.zaxxer.hikari.pool.PoolBase.isConnectionAlive(PoolBase.java:184) - data-pool- - Failed to validate connection org.mariadb.jdbc.Connection@14a81e2b ((conn=16188) Connection.setNetworkTimeout cannot be called on a closed connection). Possibly consider using a shorter maxLifetime value.
[13:40:28:281] [WARN] - com.zaxxer.hikari.pool.PoolBase.isConnectionAlive(PoolBase.java:184) - data-pool- - Failed to validate connection org.mariadb.jdbc.Connection@7ba30f1 ((conn=16189) Connection.setNetworkTimeout cannot be called on a closed connection). Possibly consider using a shorter maxLifetime value.
[13:40:28:283] [WARN] - com.zaxxer.hikari.pool.PoolBase.isConnectionAlive(PoolBase.java:184) - data-pool- - Failed to validate connection org.mariadb.jdbc.Connection@45831a15 ((conn=16190) Connection.setNetworkTimeout cannot be called on a closed connection). Possibly consider using a shorter maxLifetime value.
[13:42:48:281] [WARN] - com.zaxxer.hikari.pool.PoolBase.isConnectionAlive(PoolBase.java:184) - data-pool- - Failed to validate connection org.mariadb.jdbc.Connection@6340db0d ((conn=16202) Connection.setNetworkTimeout cannot be called on a closed connection). Possibly consider using a shorter maxLifetime value.
[13:43:08:288] [WARN] - com.zaxxer.hikari.pool.PoolBase.isConnectionAlive(PoolBase.java:184) - data-pool- - Failed to validate connection org.mariadb.jdbc.Connection@1b6fd2e2 ((conn=16203) Connection.setNetworkTimeout cannot be called on a closed connection). Possibly consider using a shorter maxLifetime value.
[13:43:08:289] [WARN] - com.zaxxer.hikari.pool.PoolBase.isConnectionAlive(PoolBase.java:184) - data-pool- - Failed to validate connection org.mariadb.jdbc.Connection@1a34f06 ((conn=16204) Connection.setNetworkTimeout cannot be called on a closed connection). Possibly consider using a shorter maxLifetime value.
[13:43:08:290] [WARN] - com.zaxxer.hikari.pool.PoolBase.isConnectionAlive(PoolBase.java:184) - data-pool- - Failed to validate connection org.mariadb.jdbc.Connection@177519f2 ((conn=16205) Connection.setNetworkTimeout cannot be called on a closed connection). Possibly consider using a shorter maxLifetime value.
[13:45:08:289] [WARN] - com.zaxxer.hikari.pool.PoolBase.isConnectionAlive(PoolBase.java:184) - data-pool- - Failed to validate connection org.mariadb.jdbc.Connection@1cd2e2f ((conn=16207) Connection.setNetworkTimeout cannot be called on a closed connection). Possibly consider using a shorter maxLifetime value.
[13:45:48:289] [WARN] - com.zaxxer.hikari.pool.PoolBase.isConnectionAlive(PoolBase.java:184) - data-pool- - Failed to validate connection org.mariadb.jdbc.Connection@2c634539 ((conn=16208) Connection.setNetworkTimeout cannot be called on a closed connection). Possibly consider using a shorter maxLifetime value.
[13:45:48:290] [WARN] - com.zaxxer.hikari.pool.PoolBase.isConnectionAlive(PoolBase.java:184) - data-pool- - Failed to validate connection org.mariadb.jdbc.Connection@3c9fcffb ((conn=16209) Connection.setNetworkTimeout cannot be called on a closed connection). Possibly consider using a shorter maxLifetime value.
[13:45:48:290] [WARN] - com.zaxxer.hikari.pool.PoolBase.isConnectionAlive(PoolBase.java:184) - data-pool- - Failed to validate connection org.mariadb.jdbc.Connection@14812c10 ((conn=16210) Connection.setNetworkTimeout cannot be called on a closed connection). Possibly consider using a shorter maxLifetime value.
[13:48:38:280] [WARN] - com.zaxxer.hikari.pool.PoolBase.isConnectionAlive(PoolBase.java:184) - data-pool- - Failed to validate connection org.mariadb.jdbc.Connection@3f4fc6e0 ((conn=16212) Connection.setNetworkTimeout cannot be called on a closed connection). Possibly consider using a shorter maxLifetime value.
[13:48:38:280] [WARN] - com.zaxxer.hikari.pool.PoolBase.isConnectionAlive(PoolBase.java:184) - data-pool- - Failed to validate connection org.mariadb.jdbc.Connection@5fe5d9a ((conn=16213) Connection.setNetworkTimeout cannot be called on a closed connection). Possibly consider using a shorter maxLifetime value.
[13:48:38:281] [WARN] - com.zaxxer.hikari.pool.PoolBase.isConnectionAlive(PoolBase.java:184) - data-pool- - Failed to validate connection org.mariadb.jdbc.Connection@6fa97f50 ((conn=16214) Connection.setNetworkTimeout cannot be called on a closed connection). Possibly consider using a shorter maxLifetime value.
[13:48:38:281] [WARN] - com.zaxxer.hikari.pool.PoolBase.isConnectionAlive(PoolBase.java:184) - data-pool- - Failed to validate connection org.mariadb.jdbc.Connection@2e90cc83 ((conn=16215) Connection.setNetworkTimeout cannot be called on a closed connection). Possibly consider using a shorter maxLifetime value.
[13:51:18:283] [WARN] - com.zaxxer.hikari.pool.PoolBase.isConnectionAlive(PoolBase.java:184) - data-pool- - Failed to validate connection org.mariadb.jdbc.Connection@39220b1e ((conn=16217) Connection.setNetworkTimeout cannot be called on a closed connection). Possibly consider using a shorter maxLifetime value.
[13:51:18:284] [WARN] - com.zaxxer.hikari.pool.PoolBase.isConnectionAlive(PoolBase.java:184) - data-pool- - Failed to validate connection org.mariadb.jdbc.Connection@696db42 ((conn=16218) Connection.setNetworkTimeout cannot be called on a closed connection). Possibly consider using a shorter maxLifetime value.
[13:51:18:284] [WARN] - com.zaxxer.hikari.pool.PoolBase.isConnectionAlive(PoolBase.java:184) - data-pool- - Failed to validate connection org.mariadb.jdbc.Connection@67978cfe ((conn=16219) Connection.setNetworkTimeout cannot be called on a closed connection). Possibly consider using a shorter maxLifetime value.
[13:51:18:284] [WARN] - com.zaxxer.hikari.pool.PoolBase.isConnectionAlive(PoolBase.java:184) - data-pool- - Failed to validate connection org.mariadb.jdbc.Connection@13bfc529 ((conn=16220) Connection.setNetworkTimeout cannot be called on a closed connection). Possibly consider using a shorter maxLifetime value.
[13:57:31:179] [INFO] - my.utils.loggerUtils.info(loggerUtils.java:18) - 加载version文件完成！
[13:57:31:203] [INFO] - my.utils.loggerUtils.info(loggerUtils.java:18) - 加载nmb.apk完成！
[13:57:31:241] [INFO] - my.utils.loggerUtils.info(loggerUtils.java:18) - 实例化服务完成！
[13:57:31:371] [WARN] - com.zaxxer.hikari.HikariConfig.validateNumerics(HikariConfig.java:1084) - data-pool- - idleTimeout is close to or more than maxLifetime, disabling it.
[13:57:31:373] [INFO] - com.zaxxer.hikari.HikariDataSource.<init>(HikariDataSource.java:80) - data-pool- - Starting...
[13:57:31:430] [INFO] - com.zaxxer.hikari.HikariDataSource.<init>(HikariDataSource.java:82) - data-pool- - Start completed.
[13:57:31:706] [INFO] - my.utils.loggerUtils.info(loggerUtils.java:18) - 定时任务启动完成！
[13:57:32:265] [INFO] - my.utils.loggerUtils.info(loggerUtils.java:18) - 服务已经启动/9667
[13:59:51:716] [WARN] - com.zaxxer.hikari.pool.PoolBase.isConnectionAlive(PoolBase.java:184) - data-pool- - Failed to validate connection org.mariadb.jdbc.Connection@498d5640 ((conn=16237) Connection.setNetworkTimeout cannot be called on a closed connection). Possibly consider using a shorter maxLifetime value.
[13:59:51:717] [WARN] - com.zaxxer.hikari.pool.PoolBase.isConnectionAlive(PoolBase.java:184) - data-pool- - Failed to validate connection org.mariadb.jdbc.Connection@3dc93d43 ((conn=16238) Connection.setNetworkTimeout cannot be called on a closed connection). Possibly consider using a shorter maxLifetime value.
[13:59:51:719] [WARN] - com.zaxxer.hikari.pool.PoolBase.isConnectionAlive(PoolBase.java:184) - data-pool- - Failed to validate connection org.mariadb.jdbc.Connection@1ed543ec ((conn=16239) Connection.setNetworkTimeout cannot be called on a closed connection). Possibly consider using a shorter maxLifetime value.
[13:59:51:719] [WARN] - com.zaxxer.hikari.pool.PoolBase.isConnectionAlive(PoolBase.java:184) - data-pool- - Failed to validate connection org.mariadb.jdbc.Connection@6ca02e5a ((conn=16240) Connection.setNetworkTimeout cannot be called on a closed connection). Possibly consider using a shorter maxLifetime value.
[14:03:01:718] [WARN] - com.zaxxer.hikari.pool.PoolBase.isConnectionAlive(PoolBase.java:184) - data-pool- - Failed to validate connection org.mariadb.jdbc.Connection@210efa4d ((conn=16245) Connection.setNetworkTimeout cannot be called on a closed connection). Possibly consider using a shorter maxLifetime value.
[14:05:51:708] [WARN] - com.zaxxer.hikari.pool.PoolBase.isConnectionAlive(PoolBase.java:184) - data-pool- - Failed to validate connection org.mariadb.jdbc.Connection@15c9bfde ((conn=16250) Connection.setNetworkTimeout cannot be called on a closed connection). Possibly consider using a shorter maxLifetime value.
[14:08:11:708] [WARN] - com.zaxxer.hikari.pool.PoolBase.isConnectionAlive(PoolBase.java:184) - data-pool- - Failed to validate connection org.mariadb.jdbc.Connection@481aced1 ((conn=16252) Connection.setNetworkTimeout cannot be called on a closed connection). Possibly consider using a shorter maxLifetime value.
[14:08:11:709] [WARN] - com.zaxxer.hikari.pool.PoolBase.isConnectionAlive(PoolBase.java:184) - data-pool- - Failed to validate connection org.mariadb.jdbc.Connection@5a002a19 ((conn=16253) Connection.setNetworkTimeout cannot be called on a closed connection). Possibly consider using a shorter maxLifetime value.
[14:08:11:717] [WARN] - com.zaxxer.hikari.pool.PoolBase.isConnectionAlive(PoolBase.java:184) - data-pool- - Failed to validate connection org.mariadb.jdbc.Connection@3c5f23ff ((conn=16254) Connection.setNetworkTimeout cannot be called on a closed connection). Possibly consider using a shorter maxLifetime value.
[14:08:11:718] [WARN] - com.zaxxer.hikari.pool.PoolBase.isConnectionAlive(PoolBase.java:184) - data-pool- - Failed to validate connection org.mariadb.jdbc.Connection@22ad1ee3 ((conn=16255) Connection.setNetworkTimeout cannot be called on a closed connection). Possibly consider using a shorter maxLifetime value.
[14:11:31:734] [WARN] - com.zaxxer.hikari.pool.PoolBase.isConnectionAlive(PoolBase.java:184) - data-pool- - Failed to validate connection org.mariadb.jdbc.Connection@5f099f57 ((conn=16262) Connection.setNetworkTimeout cannot be called on a closed connection). Possibly consider using a shorter maxLifetime value.
[14:13:39:830] [ERROR] - my.utils.loggerUtils.error(loggerUtils.java:34) - 玩家金额出现小于0 99
[14:14:11:724] [WARN] - com.zaxxer.hikari.pool.PoolBase.isConnectionAlive(PoolBase.java:184) - data-pool- - Failed to validate connection org.mariadb.jdbc.Connection@643cc2f0 ((conn=16275) Connection.setNetworkTimeout cannot be called on a closed connection). Possibly consider using a shorter maxLifetime value.
[14:16:21:718] [WARN] - com.zaxxer.hikari.pool.PoolBase.isConnectionAlive(PoolBase.java:184) - data-pool- - Failed to validate connection org.mariadb.jdbc.Connection@344eee70 ((conn=16277) Connection.setNetworkTimeout cannot be called on a closed connection). Possibly consider using a shorter maxLifetime value.
[14:19:21:721] [WARN] - com.zaxxer.hikari.pool.PoolBase.isConnectionAlive(PoolBase.java:184) - data-pool- - Failed to validate connection org.mariadb.jdbc.Connection@4698267 ((conn=16282) Connection.setNetworkTimeout cannot be called on a closed connection). Possibly consider using a shorter maxLifetime value.
[14:19:21:723] [WARN] - com.zaxxer.hikari.pool.PoolBase.isConnectionAlive(PoolBase.java:184) - data-pool- - Failed to validate connection org.mariadb.jdbc.Connection@aae7c9a ((conn=16283) Connection.setNetworkTimeout cannot be called on a closed connection). Possibly consider using a shorter maxLifetime value.
[14:19:21:725] [WARN] - com.zaxxer.hikari.pool.PoolBase.isConnectionAlive(PoolBase.java:184) - data-pool- - Failed to validate connection org.mariadb.jdbc.Connection@e91e917 ((conn=16284) Connection.setNetworkTimeout cannot be called on a closed connection). Possibly consider using a shorter maxLifetime value.
[14:19:21:726] [WARN] - com.zaxxer.hikari.pool.PoolBase.isConnectionAlive(PoolBase.java:184) - data-pool- - Failed to validate connection org.mariadb.jdbc.Connection@4b9376a1 ((conn=16285) Connection.setNetworkTimeout cannot be called on a closed connection). Possibly consider using a shorter maxLifetime value.
[14:30:21:710] [WARN] - com.zaxxer.hikari.pool.PoolBase.isConnectionAlive(PoolBase.java:184) - data-pool- - Failed to validate connection org.mariadb.jdbc.Connection@e89db8a ((conn=16303) Connection.setNetworkTimeout cannot be called on a closed connection). Possibly consider using a shorter maxLifetime value.
[14:30:21:711] [WARN] - com.zaxxer.hikari.pool.PoolBase.isConnectionAlive(PoolBase.java:184) - data-pool- - Failed to validate connection org.mariadb.jdbc.Connection@471b0fa ((conn=16304) Connection.setNetworkTimeout cannot be called on a closed connection). Possibly consider using a shorter maxLifetime value.
[14:30:21:712] [WARN] - com.zaxxer.hikari.pool.PoolBase.isConnectionAlive(PoolBase.java:184) - data-pool- - Failed to validate connection org.mariadb.jdbc.Connection@41733e10 ((conn=16305) Connection.setNetworkTimeout cannot be called on a closed connection). Possibly consider using a shorter maxLifetime value.
[14:31:06:101] [ERROR] - my.utils.loggerUtils.error(loggerUtils.java:34) - 玩家金额出现小于0 99
[14:33:51:717] [WARN] - com.zaxxer.hikari.pool.PoolBase.isConnectionAlive(PoolBase.java:184) - data-pool- - Failed to validate connection org.mariadb.jdbc.Connection@64018de0 ((conn=16311) Connection.setNetworkTimeout cannot be called on a closed connection). Possibly consider using a shorter maxLifetime value.
[14:35:23:509] [WARN] - com.zaxxer.hikari.pool.PoolBase.isConnectionAlive(PoolBase.java:184) - data-pool- - Failed to validate connection org.mariadb.jdbc.Connection@6891047c ((conn=16314) Connection.setNetworkTimeout cannot be called on a closed connection). Possibly consider using a shorter maxLifetime value.
[14:36:11:722] [WARN] - com.zaxxer.hikari.pool.PoolBase.isConnectionAlive(PoolBase.java:184) - data-pool- - Failed to validate connection org.mariadb.jdbc.Connection@589671b6 ((conn=16315) Connection.setNetworkTimeout cannot be called on a closed connection). Possibly consider using a shorter maxLifetime value.
[14:36:40:051] [WARN] - com.zaxxer.hikari.pool.PoolBase.isConnectionAlive(PoolBase.java:184) - data-pool- - Failed to validate connection org.mariadb.jdbc.Connection@537269f5 ((conn=16316) Connection.setNetworkTimeout cannot be called on a closed connection). Possibly consider using a shorter maxLifetime value.
[14:39:00:387] [WARN] - com.zaxxer.hikari.pool.PoolBase.isConnectionAlive(PoolBase.java:184) - data-pool- - Failed to validate connection org.mariadb.jdbc.Connection@68cc3041 ((conn=16320) Connection.setNetworkTimeout cannot be called on a closed connection). Possibly consider using a shorter maxLifetime value.
[14:39:00:387] [WARN] - com.zaxxer.hikari.pool.PoolBase.isConnectionAlive(PoolBase.java:184) - data-pool- - Failed to validate connection org.mariadb.jdbc.Connection@62a98e8a ((conn=16321) Connection.setNetworkTimeout cannot be called on a closed connection). Possibly consider using a shorter maxLifetime value.
[14:39:00:393] [WARN] - com.zaxxer.hikari.pool.PoolBase.isConnectionAlive(PoolBase.java:184) - data-pool- - Failed to validate connection org.mariadb.jdbc.Connection@62345b31 ((conn=16322) Connection.setNetworkTimeout cannot be called on a closed connection). Possibly consider using a shorter maxLifetime value.
[14:42:01:716] [WARN] - com.zaxxer.hikari.pool.PoolBase.isConnectionAlive(PoolBase.java:184) - data-pool- - Failed to validate connection org.mariadb.jdbc.Connection@76cec18f ((conn=16335) Connection.setNetworkTimeout cannot be called on a closed connection). Possibly consider using a shorter maxLifetime value.
[14:48:21:712] [WARN] - com.zaxxer.hikari.pool.PoolBase.isConnectionAlive(PoolBase.java:184) - data-pool- - Failed to validate connection org.mariadb.jdbc.Connection@44a2b3ea ((conn=16348) Connection.setNetworkTimeout cannot be called on a closed connection). Possibly consider using a shorter maxLifetime value.
[14:53:41:722] [WARN] - com.zaxxer.hikari.pool.PoolBase.isConnectionAlive(PoolBase.java:184) - data-pool- - Failed to validate connection org.mariadb.jdbc.Connection@1189f38 ((conn=16355) Connection.setNetworkTimeout cannot be called on a closed connection). Possibly consider using a shorter maxLifetime value.
[14:54:01:720] [WARN] - com.zaxxer.hikari.pool.PoolBase.isConnectionAlive(PoolBase.java:184) - data-pool- - Failed to validate connection org.mariadb.jdbc.Connection@61b7b89d ((conn=16358) Connection.setNetworkTimeout cannot be called on a closed connection). Possibly consider using a shorter maxLifetime value.
[14:56:01:723] [WARN] - com.zaxxer.hikari.pool.PoolBase.isConnectionAlive(PoolBase.java:184) - data-pool- - Failed to validate connection org.mariadb.jdbc.Connection@6630a35f ((conn=16360) Connection.setNetworkTimeout cannot be called on a closed connection). Possibly consider using a shorter maxLifetime value.
[14:56:51:720] [WARN] - com.zaxxer.hikari.pool.PoolBase.isConnectionAlive(PoolBase.java:184) - data-pool- - Failed to validate connection org.mariadb.jdbc.Connection@79620879 ((conn=16362) Connection.setNetworkTimeout cannot be called on a closed connection). Possibly consider using a shorter maxLifetime value.
[14:56:51:723] [WARN] - com.zaxxer.hikari.pool.PoolBase.isConnectionAlive(PoolBase.java:184) - data-pool- - Failed to validate connection org.mariadb.jdbc.Connection@27ecdd28 ((conn=16363) Connection.setNetworkTimeout cannot be called on a closed connection). Possibly consider using a shorter maxLifetime value.
[14:59:01:717] [WARN] - com.zaxxer.hikari.pool.PoolBase.isConnectionAlive(PoolBase.java:184) - data-pool- - Failed to validate connection org.mariadb.jdbc.Connection@5c28d96a ((conn=16365) Connection.setNetworkTimeout cannot be called on a closed connection). Possibly consider using a shorter maxLifetime value.
[14:59:01:721] [WARN] - com.zaxxer.hikari.pool.PoolBase.isConnectionAlive(PoolBase.java:184) - data-pool- - Failed to validate connection org.mariadb.jdbc.Connection@52ef2c9f ((conn=16366) Connection.setNetworkTimeout cannot be called on a closed connection). Possibly consider using a shorter maxLifetime value.
[14:59:01:723] [WARN] - com.zaxxer.hikari.pool.PoolBase.isConnectionAlive(PoolBase.java:184) - data-pool- - Failed to validate connection org.mariadb.jdbc.Connection@56d0b21a ((conn=16367) Connection.setNetworkTimeout cannot be called on a closed connection). Possibly consider using a shorter maxLifetime value.
[14:59:01:725] [WARN] - com.zaxxer.hikari.pool.PoolBase.isConnectionAlive(PoolBase.java:184) - data-pool- - Failed to validate connection org.mariadb.jdbc.Connection@13d226a4 ((conn=16368) Connection.setNetworkTimeout cannot be called on a closed connection). Possibly consider using a shorter maxLifetime value.
[15:10:01:709] [WARN] - com.zaxxer.hikari.pool.PoolBase.isConnectionAlive(PoolBase.java:184) - data-pool- - Failed to validate connection org.mariadb.jdbc.Connection@2840941 ((conn=16386) Connection.setNetworkTimeout cannot be called on a closed connection). Possibly consider using a shorter maxLifetime value.
[15:10:01:714] [WARN] - com.zaxxer.hikari.pool.PoolBase.isConnectionAlive(PoolBase.java:184) - data-pool- - Failed to validate connection org.mariadb.jdbc.Connection@535247c4 ((conn=16387) Connection.setNetworkTimeout cannot be called on a closed connection). Possibly consider using a shorter maxLifetime value.
[15:10:01:716] [WARN] - com.zaxxer.hikari.pool.PoolBase.isConnectionAlive(PoolBase.java:184) - data-pool- - Failed to validate connection org.mariadb.jdbc.Connection@11b52091 ((conn=16389) Connection.setNetworkTimeout cannot be called on a closed connection). Possibly consider using a shorter maxLifetime value.
[15:10:01:721] [WARN] - com.zaxxer.hikari.pool.PoolBase.isConnectionAlive(PoolBase.java:184) - data-pool- - Failed to validate connection org.mariadb.jdbc.Connection@3359fde7 ((conn=16390) Connection.setNetworkTimeout cannot be called on a closed connection). Possibly consider using a shorter maxLifetime value.
[15:15:51:715] [WARN] - com.zaxxer.hikari.pool.PoolBase.isConnectionAlive(PoolBase.java:184) - data-pool- - Failed to validate connection org.mariadb.jdbc.Connection@6c67a840 ((conn=16406) Connection.setNetworkTimeout cannot be called on a closed connection). Possibly consider using a shorter maxLifetime value.
[15:19:11:724] [WARN] - com.zaxxer.hikari.pool.PoolBase.isConnectionAlive(PoolBase.java:184) - data-pool- - Failed to validate connection org.mariadb.jdbc.Connection@4dafa1b ((conn=16414) Connection.setNetworkTimeout cannot be called on a closed connection). Possibly consider using a shorter maxLifetime value.
[15:27:51:711] [WARN] - com.zaxxer.hikari.pool.PoolBase.isConnectionAlive(PoolBase.java:184) - data-pool- - Failed to validate connection org.mariadb.jdbc.Connection@3101376e ((conn=16428) Connection.setNetworkTimeout cannot be called on a closed connection). Possibly consider using a shorter maxLifetime value.
[15:27:51:713] [WARN] - com.zaxxer.hikari.pool.PoolBase.isConnectionAlive(PoolBase.java:184) - data-pool- - Failed to validate connection org.mariadb.jdbc.Connection@65474024 ((conn=16429) Connection.setNetworkTimeout cannot be called on a closed connection). Possibly consider using a shorter maxLifetime value.
[15:42:41:710] [WARN] - com.zaxxer.hikari.pool.PoolBase.isConnectionAlive(PoolBase.java:184) - data-pool- - Failed to validate connection org.mariadb.jdbc.Connection@4b669ee6 ((conn=16465) Connection.setNetworkTimeout cannot be called on a closed connection). Possibly consider using a shorter maxLifetime value.
[15:48:31:716] [WARN] - com.zaxxer.hikari.pool.PoolBase.isConnectionAlive(PoolBase.java:184) - data-pool- - Failed to validate connection org.mariadb.jdbc.Connection@5872a0dc ((conn=16472) Connection.setNetworkTimeout cannot be called on a closed connection). Possibly consider using a shorter maxLifetime value.
[15:48:31:729] [WARN] - com.zaxxer.hikari.pool.PoolBase.isConnectionAlive(PoolBase.java:184) - data-pool- - Failed to validate connection org.mariadb.jdbc.Connection@6063eb7b ((conn=16473) Connection.setNetworkTimeout cannot be called on a closed connection). Possibly consider using a shorter maxLifetime value.
[15:48:31:730] [WARN] - com.zaxxer.hikari.pool.PoolBase.isConnectionAlive(PoolBase.java:184) - data-pool- - Failed to validate connection org.mariadb.jdbc.Connection@6f362c36 ((conn=16474) Connection.setNetworkTimeout cannot be called on a closed connection). Possibly consider using a shorter maxLifetime value.
[15:48:31:731] [WARN] - com.zaxxer.hikari.pool.PoolBase.isConnectionAlive(PoolBase.java:184) - data-pool- - Failed to validate connection org.mariadb.jdbc.Connection@25560630 ((conn=16475) Connection.setNetworkTimeout cannot be called on a closed connection). Possibly consider using a shorter maxLifetime value.
[15:56:41:720] [WARN] - com.zaxxer.hikari.pool.PoolBase.isConnectionAlive(PoolBase.java:184) - data-pool- - Failed to validate connection org.mariadb.jdbc.Connection@d9d66ca ((conn=16487) Connection.setNetworkTimeout cannot be called on a closed connection). Possibly consider using a shorter maxLifetime value.
[16:01:11:715] [WARN] - com.zaxxer.hikari.pool.PoolBase.isConnectionAlive(PoolBase.java:184) - data-pool- - Failed to validate connection org.mariadb.jdbc.Connection@5fd0f7d5 ((conn=16496) Connection.setNetworkTimeout cannot be called on a closed connection). Possibly consider using a shorter maxLifetime value.
[16:03:21:711] [WARN] - com.zaxxer.hikari.pool.PoolBase.isConnectionAlive(PoolBase.java:184) - data-pool- - Failed to validate connection org.mariadb.jdbc.Connection@6a56ac8c ((conn=16499) Connection.setNetworkTimeout cannot be called on a closed connection). Possibly consider using a shorter maxLifetime value.
[16:03:21:711] [WARN] - com.zaxxer.hikari.pool.PoolBase.isConnectionAlive(PoolBase.java:184) - data-pool- - Failed to validate connection org.mariadb.jdbc.Connection@22ba2ebe ((conn=16500) Connection.setNetworkTimeout cannot be called on a closed connection). Possibly consider using a shorter maxLifetime value.
[16:03:21:713] [WARN] - com.zaxxer.hikari.pool.PoolBase.isConnectionAlive(PoolBase.java:184) - data-pool- - Failed to validate connection org.mariadb.jdbc.Connection@34aa8019 ((conn=16501) Connection.setNetworkTimeout cannot be called on a closed connection). Possibly consider using a shorter maxLifetime value.
[16:11:51:710] [WARN] - com.zaxxer.hikari.pool.PoolBase.isConnectionAlive(PoolBase.java:184) - data-pool- - Failed to validate connection org.mariadb.jdbc.Connection@185d653e ((conn=16523) Connection.setNetworkTimeout cannot be called on a closed connection). Possibly consider using a shorter maxLifetime value.
[16:11:51:713] [WARN] - com.zaxxer.hikari.pool.PoolBase.isConnectionAlive(PoolBase.java:184) - data-pool- - Failed to validate connection org.mariadb.jdbc.Connection@290f5f1c ((conn=16524) Connection.setNetworkTimeout cannot be called on a closed connection). Possibly consider using a shorter maxLifetime value.
[16:18:01:708] [WARN] - com.zaxxer.hikari.pool.PoolBase.isConnectionAlive(PoolBase.java:184) - data-pool- - Failed to validate connection org.mariadb.jdbc.Connection@2c0b82b6 ((conn=16535) Connection.setNetworkTimeout cannot be called on a closed connection). Possibly consider using a shorter maxLifetime value.
[16:18:01:709] [WARN] - com.zaxxer.hikari.pool.PoolBase.isConnectionAlive(PoolBase.java:184) - data-pool- - Failed to validate connection org.mariadb.jdbc.Connection@5352135 ((conn=16536) Connection.setNetworkTimeout cannot be called on a closed connection). Possibly consider using a shorter maxLifetime value.
[16:20:01:709] [WARN] - com.zaxxer.hikari.pool.PoolBase.isConnectionAlive(PoolBase.java:184) - data-pool- - Failed to validate connection org.mariadb.jdbc.Connection@365e7df0 ((conn=16538) Connection.setNetworkTimeout cannot be called on a closed connection). Possibly consider using a shorter maxLifetime value.
[16:20:01:712] [WARN] - com.zaxxer.hikari.pool.PoolBase.isConnectionAlive(PoolBase.java:184) - data-pool- - Failed to validate connection org.mariadb.jdbc.Connection@3ca61680 ((conn=16539) Connection.setNetworkTimeout cannot be called on a closed connection). Possibly consider using a shorter maxLifetime value.
[16:22:11:718] [WARN] - com.zaxxer.hikari.pool.PoolBase.isConnectionAlive(PoolBase.java:184) - data-pool- - Failed to validate connection org.mariadb.jdbc.Connection@60f94c77 ((conn=16543) Connection.setNetworkTimeout cannot be called on a closed connection). Possibly consider using a shorter maxLifetime value.
[16:23:21:719] [WARN] - com.zaxxer.hikari.pool.PoolBase.isConnectionAlive(PoolBase.java:184) - data-pool- - Failed to validate connection org.mariadb.jdbc.Connection@58446b0 ((conn=16544) Connection.setNetworkTimeout cannot be called on a closed connection). Possibly consider using a shorter maxLifetime value.
[16:23:21:720] [WARN] - com.zaxxer.hikari.pool.PoolBase.isConnectionAlive(PoolBase.java:184) - data-pool- - Failed to validate connection org.mariadb.jdbc.Connection@bb8efe2 ((conn=16545) Connection.setNetworkTimeout cannot be called on a closed connection). Possibly consider using a shorter maxLifetime value.
[16:23:21:723] [WARN] - com.zaxxer.hikari.pool.PoolBase.isConnectionAlive(PoolBase.java:184) - data-pool- - Failed to validate connection org.mariadb.jdbc.Connection@6301a8b5 ((conn=16546) Connection.setNetworkTimeout cannot be called on a closed connection). Possibly consider using a shorter maxLifetime value.
[16:25:31:715] [WARN] - com.zaxxer.hikari.pool.PoolBase.isConnectionAlive(PoolBase.java:184) - data-pool- - Failed to validate connection org.mariadb.jdbc.Connection@2ed18e6d ((conn=16548) Connection.setNetworkTimeout cannot be called on a closed connection). Possibly consider using a shorter maxLifetime value.
[16:25:31:716] [WARN] - com.zaxxer.hikari.pool.PoolBase.isConnectionAlive(PoolBase.java:184) - data-pool- - Failed to validate connection org.mariadb.jdbc.Connection@471932d1 ((conn=16549) Connection.setNetworkTimeout cannot be called on a closed connection). Possibly consider using a shorter maxLifetime value.
[16:25:31:717] [WARN] - com.zaxxer.hikari.pool.PoolBase.isConnectionAlive(PoolBase.java:184) - data-pool- - Failed to validate connection org.mariadb.jdbc.Connection@81f118d ((conn=16550) Connection.setNetworkTimeout cannot be called on a closed connection). Possibly consider using a shorter maxLifetime value.
[16:25:31:718] [WARN] - com.zaxxer.hikari.pool.PoolBase.isConnectionAlive(PoolBase.java:184) - data-pool- - Failed to validate connection org.mariadb.jdbc.Connection@2a9f5405 ((conn=16551) Connection.setNetworkTimeout cannot be called on a closed connection). Possibly consider using a shorter maxLifetime value.
[16:28:41:715] [WARN] - com.zaxxer.hikari.pool.PoolBase.isConnectionAlive(PoolBase.java:184) - data-pool- - Failed to validate connection org.mariadb.jdbc.Connection@10b1cc3f ((conn=16557) Connection.setNetworkTimeout cannot be called on a closed connection). Possibly consider using a shorter maxLifetime value.
[16:37:31:707] [WARN] - com.zaxxer.hikari.pool.PoolBase.isConnectionAlive(PoolBase.java:184) - data-pool- - Failed to validate connection org.mariadb.jdbc.Connection@2403c198 ((conn=16572) Connection.setNetworkTimeout cannot be called on a closed connection). Possibly consider using a shorter maxLifetime value.
[16:43:21:718] [WARN] - com.zaxxer.hikari.pool.PoolBase.isConnectionAlive(PoolBase.java:184) - data-pool- - Failed to validate connection org.mariadb.jdbc.Connection@4bf5cffa ((conn=16591) Connection.setNetworkTimeout cannot be called on a closed connection). Possibly consider using a shorter maxLifetime value.
[16:43:21:718] [WARN] - com.zaxxer.hikari.pool.PoolBase.isConnectionAlive(PoolBase.java:184) - data-pool- - Failed to validate connection org.mariadb.jdbc.Connection@1a3479cc ((conn=16592) Connection.setNetworkTimeout cannot be called on a closed connection). Possibly consider using a shorter maxLifetime value.
[16:49:11:711] [WARN] - com.zaxxer.hikari.pool.PoolBase.isConnectionAlive(PoolBase.java:184) - data-pool- - Failed to validate connection org.mariadb.jdbc.Connection@77d34bb7 ((conn=16600) Connection.setNetworkTimeout cannot be called on a closed connection). Possibly consider using a shorter maxLifetime value.
[16:49:11:714] [WARN] - com.zaxxer.hikari.pool.PoolBase.isConnectionAlive(PoolBase.java:184) - data-pool- - Failed to validate connection org.mariadb.jdbc.Connection@7914bb3d ((conn=16601) Connection.setNetworkTimeout cannot be called on a closed connection). Possibly consider using a shorter maxLifetime value.
[16:49:11:717] [WARN] - com.zaxxer.hikari.pool.PoolBase.isConnectionAlive(PoolBase.java:184) - data-pool- - Failed to validate connection org.mariadb.jdbc.Connection@7d2b20c7 ((conn=16602) Connection.setNetworkTimeout cannot be called on a closed connection). Possibly consider using a shorter maxLifetime value.
[16:51:31:714] [WARN] - com.zaxxer.hikari.pool.PoolBase.isConnectionAlive(PoolBase.java:184) - data-pool- - Failed to validate connection org.mariadb.jdbc.Connection@1d495b05 ((conn=16604) Connection.setNetworkTimeout cannot be called on a closed connection). Possibly consider using a shorter maxLifetime value.
[16:51:31:715] [WARN] - com.zaxxer.hikari.pool.PoolBase.isConnectionAlive(PoolBase.java:184) - data-pool- - Failed to validate connection org.mariadb.jdbc.Connection@17b13075 ((conn=16605) Connection.setNetworkTimeout cannot be called on a closed connection). Possibly consider using a shorter maxLifetime value.
[16:51:31:716] [WARN] - com.zaxxer.hikari.pool.PoolBase.isConnectionAlive(PoolBase.java:184) - data-pool- - Failed to validate connection org.mariadb.jdbc.Connection@52b3bce7 ((conn=16606) Connection.setNetworkTimeout cannot be called on a closed connection). Possibly consider using a shorter maxLifetime value.
[16:54:51:719] [WARN] - com.zaxxer.hikari.pool.PoolBase.isConnectionAlive(PoolBase.java:184) - data-pool- - Failed to validate connection org.mariadb.jdbc.Connection@5b4b5102 ((conn=16611) Connection.setNetworkTimeout cannot be called on a closed connection). Possibly consider using a shorter maxLifetime value.
[16:54:51:721] [WARN] - com.zaxxer.hikari.pool.PoolBase.isConnectionAlive(PoolBase.java:184) - data-pool- - Failed to validate connection org.mariadb.jdbc.Connection@26a078f6 ((conn=16612) Connection.setNetworkTimeout cannot be called on a closed connection). Possibly consider using a shorter maxLifetime value.
[17:06:41:719] [WARN] - com.zaxxer.hikari.pool.PoolBase.isConnectionAlive(PoolBase.java:184) - data-pool- - Failed to validate connection org.mariadb.jdbc.Connection@25608b38 ((conn=16632) Connection.setNetworkTimeout cannot be called on a closed connection). Possibly consider using a shorter maxLifetime value.
[17:09:21:715] [WARN] - com.zaxxer.hikari.pool.PoolBase.isConnectionAlive(PoolBase.java:184) - data-pool- - Failed to validate connection org.mariadb.jdbc.Connection@7d734303 ((conn=16639) Connection.setNetworkTimeout cannot be called on a closed connection). Possibly consider using a shorter maxLifetime value.
[17:09:21:719] [WARN] - com.zaxxer.hikari.pool.PoolBase.isConnectionAlive(PoolBase.java:184) - data-pool- - Failed to validate connection org.mariadb.jdbc.Connection@424f6e62 ((conn=16640) Connection.setNetworkTimeout cannot be called on a closed connection). Possibly consider using a shorter maxLifetime value.
[17:16:01:713] [WARN] - com.zaxxer.hikari.pool.PoolBase.isConnectionAlive(PoolBase.java:184) - data-pool- - Failed to validate connection org.mariadb.jdbc.Connection@14ff302f ((conn=16658) Connection.setNetworkTimeout cannot be called on a closed connection). Possibly consider using a shorter maxLifetime value.
[17:18:21:720] [WARN] - com.zaxxer.hikari.pool.PoolBase.isConnectionAlive(PoolBase.java:184) - data-pool- - Failed to validate connection org.mariadb.jdbc.Connection@726276e4 ((conn=16663) Connection.setNetworkTimeout cannot be called on a closed connection). Possibly consider using a shorter maxLifetime value.
[17:21:21:707] [WARN] - com.zaxxer.hikari.pool.PoolBase.isConnectionAlive(PoolBase.java:184) - data-pool- - Failed to validate connection org.mariadb.jdbc.Connection@7907f3d1 ((conn=16669) Connection.setNetworkTimeout cannot be called on a closed connection). Possibly consider using a shorter maxLifetime value.
[17:23:31:716] [WARN] - com.zaxxer.hikari.pool.PoolBase.isConnectionAlive(PoolBase.java:184) - data-pool- - Failed to validate connection org.mariadb.jdbc.Connection@497f66c8 ((conn=16671) Connection.setNetworkTimeout cannot be called on a closed connection). Possibly consider using a shorter maxLifetime value.
[17:23:31:717] [WARN] - com.zaxxer.hikari.pool.PoolBase.isConnectionAlive(PoolBase.java:184) - data-pool- - Failed to validate connection org.mariadb.jdbc.Connection@3597a6b2 ((conn=16672) Connection.setNetworkTimeout cannot be called on a closed connection). Possibly consider using a shorter maxLifetime value.
[17:23:31:717] [WARN] - com.zaxxer.hikari.pool.PoolBase.isConnectionAlive(PoolBase.java:184) - data-pool- - Failed to validate connection org.mariadb.jdbc.Connection@2c140693 ((conn=16673) Connection.setNetworkTimeout cannot be called on a closed connection). Possibly consider using a shorter maxLifetime value.
[17:23:31:718] [WARN] - com.zaxxer.hikari.pool.PoolBase.isConnectionAlive(PoolBase.java:184) - data-pool- - Failed to validate connection org.mariadb.jdbc.Connection@1eef6cff ((conn=16674) Connection.setNetworkTimeout cannot be called on a closed connection). Possibly consider using a shorter maxLifetime value.
[21:57:27:137] [WARN] - com.zaxxer.hikari.pool.HikariPool$HouseKeeper.run(HikariPool.java:788) - data-pool- - Thread starvation or clock leap detected (housekeeper delta=4h33m22s149ms178µs100ns).
[22:00:51:643] [WARN] - com.zaxxer.hikari.pool.PoolBase.isConnectionAlive(PoolBase.java:184) - data-pool- - Failed to validate connection org.mariadb.jdbc.Connection@27a7fd27 ((conn=16695) Connection.setNetworkTimeout cannot be called on a closed connection). Possibly consider using a shorter maxLifetime value.
[22:06:21:639] [WARN] - com.zaxxer.hikari.pool.PoolBase.isConnectionAlive(PoolBase.java:184) - data-pool- - Failed to validate connection org.mariadb.jdbc.Connection@7d773ce ((conn=16704) Connection.setNetworkTimeout cannot be called on a closed connection). Possibly consider using a shorter maxLifetime value.
[22:06:21:641] [WARN] - com.zaxxer.hikari.pool.PoolBase.isConnectionAlive(PoolBase.java:184) - data-pool- - Failed to validate connection org.mariadb.jdbc.Connection@42d5ed50 ((conn=16705) Connection.setNetworkTimeout cannot be called on a closed connection). Possibly consider using a shorter maxLifetime value.
[22:18:21:637] [WARN] - com.zaxxer.hikari.pool.PoolBase.isConnectionAlive(PoolBase.java:184) - data-pool- - Failed to validate connection org.mariadb.jdbc.Connection@533cf40 ((conn=16726) Connection.setNetworkTimeout cannot be called on a closed connection). Possibly consider using a shorter maxLifetime value.
[22:24:11:639] [WARN] - com.zaxxer.hikari.pool.PoolBase.isConnectionAlive(PoolBase.java:184) - data-pool- - Failed to validate connection org.mariadb.jdbc.Connection@571c7837 ((conn=16736) Connection.setNetworkTimeout cannot be called on a closed connection). Possibly consider using a shorter maxLifetime value.
[22:27:11:636] [WARN] - com.zaxxer.hikari.pool.PoolBase.isConnectionAlive(PoolBase.java:184) - data-pool- - Failed to validate connection org.mariadb.jdbc.Connection@7fbd4c86 ((conn=16742) Connection.setNetworkTimeout cannot be called on a closed connection). Possibly consider using a shorter maxLifetime value.
[22:29:21:643] [WARN] - com.zaxxer.hikari.pool.PoolBase.isConnectionAlive(PoolBase.java:184) - data-pool- - Failed to validate connection org.mariadb.jdbc.Connection@3829b106 ((conn=16748) Connection.setNetworkTimeout cannot be called on a closed connection). Possibly consider using a shorter maxLifetime value.
[22:29:21:644] [WARN] - com.zaxxer.hikari.pool.PoolBase.isConnectionAlive(PoolBase.java:184) - data-pool- - Failed to validate connection org.mariadb.jdbc.Connection@9db4f80 ((conn=16750) Connection.setNetworkTimeout cannot be called on a closed connection). Possibly consider using a shorter maxLifetime value.
[22:29:21:645] [WARN] - com.zaxxer.hikari.pool.PoolBase.isConnectionAlive(PoolBase.java:184) - data-pool- - Failed to validate connection org.mariadb.jdbc.Connection@2d527b64 ((conn=16751) Connection.setNetworkTimeout cannot be called on a closed connection). Possibly consider using a shorter maxLifetime value.
[22:30:01:637] [WARN] - com.zaxxer.hikari.pool.PoolBase.isConnectionAlive(PoolBase.java:184) - data-pool- - Failed to validate connection org.mariadb.jdbc.Connection@3bd70891 ((conn=16752) Connection.setNetworkTimeout cannot be called on a closed connection). Possibly consider using a shorter maxLifetime value.
[22:32:21:641] [WARN] - com.zaxxer.hikari.pool.PoolBase.isConnectionAlive(PoolBase.java:184) - data-pool- - Failed to validate connection org.mariadb.jdbc.Connection@23a1d6bb ((conn=16761) Connection.setNetworkTimeout cannot be called on a closed connection). Possibly consider using a shorter maxLifetime value.
[22:32:21:641] [WARN] - com.zaxxer.hikari.pool.PoolBase.isConnectionAlive(PoolBase.java:184) - data-pool- - Failed to validate connection org.mariadb.jdbc.Connection@46cccea4 ((conn=16762) Connection.setNetworkTimeout cannot be called on a closed connection). Possibly consider using a shorter maxLifetime value.
[22:41:11:636] [WARN] - com.zaxxer.hikari.pool.PoolBase.isConnectionAlive(PoolBase.java:184) - data-pool- - Failed to validate connection org.mariadb.jdbc.Connection@7eb073f9 ((conn=16776) Connection.setNetworkTimeout cannot be called on a closed connection). Possibly consider using a shorter maxLifetime value.
[22:41:11:638] [WARN] - com.zaxxer.hikari.pool.PoolBase.isConnectionAlive(PoolBase.java:184) - data-pool- - Failed to validate connection org.mariadb.jdbc.Connection@619c2f59 ((conn=16777) Connection.setNetworkTimeout cannot be called on a closed connection). Possibly consider using a shorter maxLifetime value.
[22:44:01:644] [WARN] - com.zaxxer.hikari.pool.PoolBase.isConnectionAlive(PoolBase.java:184) - data-pool- - Failed to validate connection org.mariadb.jdbc.Connection@1fa04dc2 ((conn=16779) Connection.setNetworkTimeout cannot be called on a closed connection). Possibly consider using a shorter maxLifetime value.
[22:44:01:645] [WARN] - com.zaxxer.hikari.pool.PoolBase.isConnectionAlive(PoolBase.java:184) - data-pool- - Failed to validate connection org.mariadb.jdbc.Connection@4eeb3f8d ((conn=16780) Connection.setNetworkTimeout cannot be called on a closed connection). Possibly consider using a shorter maxLifetime value.
[22:44:01:645] [WARN] - com.zaxxer.hikari.pool.PoolBase.isConnectionAlive(PoolBase.java:184) - data-pool- - Failed to validate connection org.mariadb.jdbc.Connection@f32383a ((conn=16781) Connection.setNetworkTimeout cannot be called on a closed connection). Possibly consider using a shorter maxLifetime value.
[22:44:01:646] [WARN] - com.zaxxer.hikari.pool.PoolBase.isConnectionAlive(PoolBase.java:184) - data-pool- - Failed to validate connection org.mariadb.jdbc.Connection@1261ba43 ((conn=16782) Connection.setNetworkTimeout cannot be called on a closed connection). Possibly consider using a shorter maxLifetime value.
[22:50:01:643] [WARN] - com.zaxxer.hikari.pool.PoolBase.isConnectionAlive(PoolBase.java:184) - data-pool- - Failed to validate connection org.mariadb.jdbc.Connection@2196659c ((conn=16793) Connection.setNetworkTimeout cannot be called on a closed connection). Possibly consider using a shorter maxLifetime value.
[22:52:11:636] [WARN] - com.zaxxer.hikari.pool.PoolBase.isConnectionAlive(PoolBase.java:184) - data-pool- - Failed to validate connection org.mariadb.jdbc.Connection@44a6aafc ((conn=16796) Connection.setNetworkTimeout cannot be called on a closed connection). Possibly consider using a shorter maxLifetime value.
[22:55:31:639] [WARN] - com.zaxxer.hikari.pool.PoolBase.isConnectionAlive(PoolBase.java:184) - data-pool- - Failed to validate connection org.mariadb.jdbc.Connection@7ee97d51 ((conn=16800) Connection.setNetworkTimeout cannot be called on a closed connection). Possibly consider using a shorter maxLifetime value.
[22:55:31:640] [WARN] - com.zaxxer.hikari.pool.PoolBase.isConnectionAlive(PoolBase.java:184) - data-pool- - Failed to validate connection org.mariadb.jdbc.Connection@3fd4776a ((conn=16801) Connection.setNetworkTimeout cannot be called on a closed connection). Possibly consider using a shorter maxLifetime value.
[22:55:31:641] [WARN] - com.zaxxer.hikari.pool.PoolBase.isConnectionAlive(PoolBase.java:184) - data-pool- - Failed to validate connection org.mariadb.jdbc.Connection@3b970a09 ((conn=16802) Connection.setNetworkTimeout cannot be called on a closed connection). Possibly consider using a shorter maxLifetime value.
[22:55:31:642] [WARN] - com.zaxxer.hikari.pool.PoolBase.isConnectionAlive(PoolBase.java:184) - data-pool- - Failed to validate connection org.mariadb.jdbc.Connection@ea1ebdf ((conn=16803) Connection.setNetworkTimeout cannot be called on a closed connection). Possibly consider using a shorter maxLifetime value.
[22:55:31:642] [WARN] - com.zaxxer.hikari.pool.PoolBase.isConnectionAlive(PoolBase.java:184) - data-pool- - Failed to validate connection org.mariadb.jdbc.Connection@4308c809 ((conn=16804) Connection.setNetworkTimeout cannot be called on a closed connection). Possibly consider using a shorter maxLifetime value.
[23:07:21:633] [WARN] - com.zaxxer.hikari.pool.PoolBase.isConnectionAlive(PoolBase.java:184) - data-pool- - Failed to validate connection org.mariadb.jdbc.Connection@c9b093e ((conn=16831) Connection.setNetworkTimeout cannot be called on a closed connection). Possibly consider using a shorter maxLifetime value.
[23:07:21:633] [WARN] - com.zaxxer.hikari.pool.PoolBase.isConnectionAlive(PoolBase.java:184) - data-pool- - Failed to validate connection org.mariadb.jdbc.Connection@5a46a757 ((conn=16832) Connection.setNetworkTimeout cannot be called on a closed connection). Possibly consider using a shorter maxLifetime value.
[23:07:21:636] [WARN] - com.zaxxer.hikari.pool.PoolBase.isConnectionAlive(PoolBase.java:184) - data-pool- - Failed to validate connection org.mariadb.jdbc.Connection@5cccd361 ((conn=16833) Connection.setNetworkTimeout cannot be called on a closed connection). Possibly consider using a shorter maxLifetime value.
[23:07:21:637] [WARN] - com.zaxxer.hikari.pool.PoolBase.isConnectionAlive(PoolBase.java:184) - data-pool- - Failed to validate connection org.mariadb.jdbc.Connection@6f8f2617 ((conn=16834) Connection.setNetworkTimeout cannot be called on a closed connection). Possibly consider using a shorter maxLifetime value.
[23:13:11:644] [WARN] - com.zaxxer.hikari.pool.PoolBase.isConnectionAlive(PoolBase.java:184) - data-pool- - Failed to validate connection org.mariadb.jdbc.Connection@276e99dd ((conn=16841) Connection.setNetworkTimeout cannot be called on a closed connection). Possibly consider using a shorter maxLifetime value.
[23:13:11:646] [WARN] - com.zaxxer.hikari.pool.PoolBase.isConnectionAlive(PoolBase.java:184) - data-pool- - Failed to validate connection org.mariadb.jdbc.Connection@78f5862e ((conn=16842) Connection.setNetworkTimeout cannot be called on a closed connection). Possibly consider using a shorter maxLifetime value.
[23:13:11:647] [WARN] - com.zaxxer.hikari.pool.PoolBase.isConnectionAlive(PoolBase.java:184) - data-pool- - Failed to validate connection org.mariadb.jdbc.Connection@53c4e22e ((conn=16843) Connection.setNetworkTimeout cannot be called on a closed connection). Possibly consider using a shorter maxLifetime value.
[23:21:21:646] [WARN] - com.zaxxer.hikari.pool.PoolBase.isConnectionAlive(PoolBase.java:184) - data-pool- - Failed to validate connection org.mariadb.jdbc.Connection@2736d913 ((conn=16856) Connection.setNetworkTimeout cannot be called on a closed connection). Possibly consider using a shorter maxLifetime value.
[22:15:43:234] [INFO] - my.utils.loggerUtils.info(loggerUtils.java:18) - 加载version文件完成！
[22:15:43:262] [INFO] - my.utils.loggerUtils.info(loggerUtils.java:18) - 加载nmb.apk完成！
[22:15:43:295] [INFO] - my.utils.loggerUtils.info(loggerUtils.java:18) - 实例化服务完成！
[22:15:43:425] [WARN] - com.zaxxer.hikari.HikariConfig.validateNumerics(HikariConfig.java:1084) - data-pool- - idleTimeout is close to or more than maxLifetime, disabling it.
[22:15:43:434] [INFO] - com.zaxxer.hikari.HikariDataSource.<init>(HikariDataSource.java:80) - data-pool- - Starting...
[22:15:43:489] [INFO] - com.zaxxer.hikari.HikariDataSource.<init>(HikariDataSource.java:82) - data-pool- - Start completed.
[22:15:43:756] [INFO] - my.utils.loggerUtils.info(loggerUtils.java:18) - 定时任务启动完成！
[22:15:44:290] [INFO] - my.utils.loggerUtils.info(loggerUtils.java:18) - 服务已经启动/9667
[22:21:05:980] [WARN] - com.zaxxer.hikari.pool.PoolBase.isConnectionAlive(PoolBase.java:184) - data-pool- - Failed to validate connection org.mariadb.jdbc.Connection@68d372c8 ((conn=17127) Connection.setNetworkTimeout cannot be called on a closed connection). Possibly consider using a shorter maxLifetime value.
[22:21:05:980] [WARN] - com.zaxxer.hikari.pool.PoolBase.isConnectionAlive(PoolBase.java:184) - data-pool- - Failed to validate connection org.mariadb.jdbc.Connection@3aa9705c ((conn=17128) Connection.setNetworkTimeout cannot be called on a closed connection). Possibly consider using a shorter maxLifetime value.
[22:21:05:987] [WARN] - com.zaxxer.hikari.pool.PoolBase.isConnectionAlive(PoolBase.java:184) - data-pool- - Failed to validate connection org.mariadb.jdbc.Connection@3e96f3d1 ((conn=17129) Connection.setNetworkTimeout cannot be called on a closed connection). Possibly consider using a shorter maxLifetime value.
[22:21:05:991] [WARN] - com.zaxxer.hikari.pool.PoolBase.isConnectionAlive(PoolBase.java:184) - data-pool- - Failed to validate connection org.mariadb.jdbc.Connection@7b947a67 ((conn=17130) Connection.setNetworkTimeout cannot be called on a closed connection). Possibly consider using a shorter maxLifetime value.
[22:24:03:764] [WARN] - com.zaxxer.hikari.pool.PoolBase.isConnectionAlive(PoolBase.java:184) - data-pool- - Failed to validate connection org.mariadb.jdbc.Connection@6a25c1f5 ((conn=17134) Connection.setNetworkTimeout cannot be called on a closed connection). Possibly consider using a shorter maxLifetime value.
[22:24:03:768] [WARN] - com.zaxxer.hikari.pool.PoolBase.isConnectionAlive(PoolBase.java:184) - data-pool- - Failed to validate connection org.mariadb.jdbc.Connection@36ae12bd ((conn=17135) Connection.setNetworkTimeout cannot be called on a closed connection). Possibly consider using a shorter maxLifetime value.
[22:26:23:776] [WARN] - com.zaxxer.hikari.pool.PoolBase.isConnectionAlive(PoolBase.java:184) - data-pool- - Failed to validate connection org.mariadb.jdbc.Connection@2a22aef2 ((conn=17137) Connection.setNetworkTimeout cannot be called on a closed connection). Possibly consider using a shorter maxLifetime value.
[22:29:53:771] [WARN] - com.zaxxer.hikari.pool.PoolBase.isConnectionAlive(PoolBase.java:184) - data-pool- - Failed to validate connection org.mariadb.jdbc.Connection@7b410225 ((conn=17142) Connection.setNetworkTimeout cannot be called on a closed connection). Possibly consider using a shorter maxLifetime value.
[22:29:53:776] [WARN] - com.zaxxer.hikari.pool.PoolBase.isConnectionAlive(PoolBase.java:184) - data-pool- - Failed to validate connection org.mariadb.jdbc.Connection@3a7c081e ((conn=17143) Connection.setNetworkTimeout cannot be called on a closed connection). Possibly consider using a shorter maxLifetime value.
[22:29:53:781] [WARN] - com.zaxxer.hikari.pool.PoolBase.isConnectionAlive(PoolBase.java:184) - data-pool- - Failed to validate connection org.mariadb.jdbc.Connection@782fd46e ((conn=17144) Connection.setNetworkTimeout cannot be called on a closed connection). Possibly consider using a shorter maxLifetime value.
[22:29:53:785] [WARN] - com.zaxxer.hikari.pool.PoolBase.isConnectionAlive(PoolBase.java:184) - data-pool- - Failed to validate connection org.mariadb.jdbc.Connection@b8cb164 ((conn=17145) Connection.setNetworkTimeout cannot be called on a closed connection). Possibly consider using a shorter maxLifetime value.
[22:35:23:319] [WARN] - com.zaxxer.hikari.pool.PoolBase.isConnectionAlive(PoolBase.java:184) - data-pool- - Failed to validate connection org.mariadb.jdbc.Connection@6f51b07d ((conn=17152) Connection.setNetworkTimeout cannot be called on a closed connection). Possibly consider using a shorter maxLifetime value.
[22:35:23:330] [WARN] - com.zaxxer.hikari.pool.PoolBase.isConnectionAlive(PoolBase.java:184) - data-pool- - Failed to validate connection org.mariadb.jdbc.Connection@520e1729 ((conn=17153) Connection.setNetworkTimeout cannot be called on a closed connection). Possibly consider using a shorter maxLifetime value.
[22:35:23:335] [WARN] - com.zaxxer.hikari.pool.PoolBase.isConnectionAlive(PoolBase.java:184) - data-pool- - Failed to validate connection org.mariadb.jdbc.Connection@5916bccd ((conn=17154) Connection.setNetworkTimeout cannot be called on a closed connection). Possibly consider using a shorter maxLifetime value.
[22:35:23:336] [WARN] - com.zaxxer.hikari.pool.PoolBase.isConnectionAlive(PoolBase.java:184) - data-pool- - Failed to validate connection org.mariadb.jdbc.Connection@16e5c79b ((conn=17155) Connection.setNetworkTimeout cannot be called on a closed connection). Possibly consider using a shorter maxLifetime value.
[22:37:52:424] [WARN] - com.zaxxer.hikari.pool.PoolBase.isConnectionAlive(PoolBase.java:184) - data-pool- - Failed to validate connection org.mariadb.jdbc.Connection@12ebcad2 ((conn=17157) Connection.setNetworkTimeout cannot be called on a closed connection). Possibly consider using a shorter maxLifetime value.
[22:37:52:424] [WARN] - com.zaxxer.hikari.pool.PoolBase.isConnectionAlive(PoolBase.java:184) - data-pool- - Failed to validate connection org.mariadb.jdbc.Connection@2f9a4946 ((conn=17158) Connection.setNetworkTimeout cannot be called on a closed connection). Possibly consider using a shorter maxLifetime value.
[22:37:52:436] [WARN] - com.zaxxer.hikari.pool.PoolBase.isConnectionAlive(PoolBase.java:184) - data-pool- - Failed to validate connection org.mariadb.jdbc.Connection@53d6c0e9 ((conn=17159) Connection.setNetworkTimeout cannot be called on a closed connection). Possibly consider using a shorter maxLifetime value.
[22:37:52:442] [WARN] - com.zaxxer.hikari.pool.PoolBase.isConnectionAlive(PoolBase.java:184) - data-pool- - Failed to validate connection org.mariadb.jdbc.Connection@2e3ec0ab ((conn=17160) Connection.setNetworkTimeout cannot be called on a closed connection). Possibly consider using a shorter maxLifetime value.
[22:41:03:759] [WARN] - com.zaxxer.hikari.pool.PoolBase.isConnectionAlive(PoolBase.java:184) - data-pool- - Failed to validate connection org.mariadb.jdbc.Connection@3bff4e24 ((conn=17165) Connection.setNetworkTimeout cannot be called on a closed connection). Possibly consider using a shorter maxLifetime value.
[22:43:53:765] [WARN] - com.zaxxer.hikari.pool.PoolBase.isConnectionAlive(PoolBase.java:184) - data-pool- - Failed to validate connection org.mariadb.jdbc.Connection@491bd6e3 ((conn=17170) Connection.setNetworkTimeout cannot be called on a closed connection). Possibly consider using a shorter maxLifetime value.
[22:45:11:792] [INFO] - my.utils.loggerUtils.info(loggerUtils.java:18) - 加载version文件完成！
[22:45:11:818] [INFO] - my.utils.loggerUtils.info(loggerUtils.java:18) - 加载nmb.apk完成！
[22:45:11:854] [INFO] - my.utils.loggerUtils.info(loggerUtils.java:18) - 实例化服务完成！
[22:45:11:994] [WARN] - com.zaxxer.hikari.HikariConfig.validateNumerics(HikariConfig.java:1084) - data-pool- - idleTimeout is close to or more than maxLifetime, disabling it.
[22:45:11:995] [INFO] - com.zaxxer.hikari.HikariDataSource.<init>(HikariDataSource.java:80) - data-pool- - Starting...
[22:45:12:059] [INFO] - com.zaxxer.hikari.HikariDataSource.<init>(HikariDataSource.java:82) - data-pool- - Start completed.
[22:45:12:351] [INFO] - my.utils.loggerUtils.info(loggerUtils.java:18) - 定时任务启动完成！
[22:45:12:934] [INFO] - my.utils.loggerUtils.info(loggerUtils.java:18) - 服务已经启动/9667
[22:48:42:360] [WARN] - com.zaxxer.hikari.pool.PoolBase.isConnectionAlive(PoolBase.java:184) - data-pool- - Failed to validate connection org.mariadb.jdbc.Connection@5d46c931 ((conn=17191) Connection.setNetworkTimeout cannot be called on a closed connection). Possibly consider using a shorter maxLifetime value.
[22:51:12:356] [WARN] - com.zaxxer.hikari.pool.PoolBase.isConnectionAlive(PoolBase.java:184) - data-pool- - Failed to validate connection org.mariadb.jdbc.Connection@69594b54 ((conn=17196) Connection.setNetworkTimeout cannot be called on a closed connection). Possibly consider using a shorter maxLifetime value.
[22:53:13:545] [WARN] - com.zaxxer.hikari.pool.PoolBase.isConnectionAlive(PoolBase.java:184) - data-pool- - Failed to validate connection org.mariadb.jdbc.Connection@338040c9 ((conn=17198) Connection.setNetworkTimeout cannot be called on a closed connection). Possibly consider using a shorter maxLifetime value.
[22:53:13:546] [WARN] - com.zaxxer.hikari.pool.PoolBase.isConnectionAlive(PoolBase.java:184) - data-pool- - Failed to validate connection org.mariadb.jdbc.Connection@544c8e54 ((conn=17199) Connection.setNetworkTimeout cannot be called on a closed connection). Possibly consider using a shorter maxLifetime value.
[22:53:13:552] [WARN] - com.zaxxer.hikari.pool.PoolBase.isConnectionAlive(PoolBase.java:184) - data-pool- - Failed to validate connection org.mariadb.jdbc.Connection@7c995895 ((conn=17200) Connection.setNetworkTimeout cannot be called on a closed connection). Possibly consider using a shorter maxLifetime value.
[22:53:13:559] [WARN] - com.zaxxer.hikari.pool.PoolBase.isConnectionAlive(PoolBase.java:184) - data-pool- - Failed to validate connection org.mariadb.jdbc.Connection@6552f995 ((conn=17201) Connection.setNetworkTimeout cannot be called on a closed connection). Possibly consider using a shorter maxLifetime value.
[22:57:02:371] [WARN] - com.zaxxer.hikari.pool.PoolBase.isConnectionAlive(PoolBase.java:184) - data-pool- - Failed to validate connection org.mariadb.jdbc.Connection@2abbed6f ((conn=17207) Connection.setNetworkTimeout cannot be called on a closed connection). Possibly consider using a shorter maxLifetime value.
[11:37:04:951] [INFO] - my.utils.loggerUtils.info(loggerUtils.java:18) - 加载version文件完成！
[11:37:04:974] [INFO] - my.utils.loggerUtils.info(loggerUtils.java:18) - 加载nmb.apk完成！
[11:37:05:008] [INFO] - my.utils.loggerUtils.info(loggerUtils.java:18) - 实例化服务完成！
[11:37:05:137] [WARN] - com.zaxxer.hikari.HikariConfig.validateNumerics(HikariConfig.java:1084) - data-pool- - idleTimeout is close to or more than maxLifetime, disabling it.
[11:37:05:142] [INFO] - com.zaxxer.hikari.HikariDataSource.<init>(HikariDataSource.java:80) - data-pool- - Starting...
[11:37:05:196] [INFO] - com.zaxxer.hikari.HikariDataSource.<init>(HikariDataSource.java:82) - data-pool- - Start completed.
[11:37:05:448] [INFO] - my.utils.loggerUtils.info(loggerUtils.java:18) - 定时任务启动完成！
[11:37:05:963] [INFO] - my.utils.loggerUtils.info(loggerUtils.java:18) - 服务已经启动/9667
[11:39:05:441] [INFO] - my.utils.loggerUtils.info(loggerUtils.java:18) - 加载version文件完成！
[11:39:05:511] [INFO] - my.utils.loggerUtils.info(loggerUtils.java:18) - 加载nmb.apk完成！
[11:39:05:590] [INFO] - my.utils.loggerUtils.info(loggerUtils.java:18) - 实例化服务完成！
[11:39:05:946] [WARN] - com.zaxxer.hikari.HikariConfig.validateNumerics(HikariConfig.java:1084) - data-pool- - idleTimeout is close to or more than maxLifetime, disabling it.
[11:39:05:951] [INFO] - com.zaxxer.hikari.HikariDataSource.<init>(HikariDataSource.java:80) - data-pool- - Starting...
[11:39:06:120] [INFO] - com.zaxxer.hikari.HikariDataSource.<init>(HikariDataSource.java:82) - data-pool- - Start completed.
[11:39:06:818] [INFO] - my.utils.loggerUtils.info(loggerUtils.java:18) - 定时任务启动完成！
[11:39:07:973] [INFO] - my.utils.loggerUtils.info(loggerUtils.java:18) - 服务已经启动/9667
[11:41:26:826] [WARN] - com.zaxxer.hikari.pool.PoolBase.isConnectionAlive(PoolBase.java:184) - data-pool- - Failed to validate connection org.mariadb.jdbc.Connection@32c9cc4f ((conn=17251) Connection.setNetworkTimeout cannot be called on a closed connection). Possibly consider using a shorter maxLifetime value.
[11:42:24:277] [INFO] - my.utils.loggerUtils.info(loggerUtils.java:18) - 加载version文件完成！
[11:42:24:356] [INFO] - my.utils.loggerUtils.info(loggerUtils.java:18) - 加载nmb.apk完成！
[11:42:24:447] [INFO] - my.utils.loggerUtils.info(loggerUtils.java:18) - 实例化服务完成！
[11:42:24:835] [WARN] - com.zaxxer.hikari.HikariConfig.validateNumerics(HikariConfig.java:1084) - data-pool- - idleTimeout is close to or more than maxLifetime, disabling it.
[11:42:24:843] [INFO] - com.zaxxer.hikari.HikariDataSource.<init>(HikariDataSource.java:80) - data-pool- - Starting...
[11:42:25:031] [INFO] - com.zaxxer.hikari.HikariDataSource.<init>(HikariDataSource.java:82) - data-pool- - Start completed.
[11:42:25:799] [INFO] - my.utils.loggerUtils.info(loggerUtils.java:18) - 定时任务启动完成！
[11:42:27:400] [INFO] - my.utils.loggerUtils.info(loggerUtils.java:18) - 服务已经启动/9667
[11:44:54:000] [WARN] - com.zaxxer.hikari.pool.PoolBase.isConnectionAlive(PoolBase.java:184) - data-pool- - Failed to validate connection org.mariadb.jdbc.Connection@779c2657 ((conn=17262) Connection.setNetworkTimeout cannot be called on a closed connection). Possibly consider using a shorter maxLifetime value.
[11:49:05:797] [WARN] - com.zaxxer.hikari.pool.PoolBase.isConnectionAlive(PoolBase.java:184) - data-pool- - Failed to validate connection org.mariadb.jdbc.Connection@11e5ee13 ((conn=17270) Connection.setNetworkTimeout cannot be called on a closed connection). Possibly consider using a shorter maxLifetime value.
[11:51:35:802] [WARN] - com.zaxxer.hikari.pool.PoolBase.isConnectionAlive(PoolBase.java:184) - data-pool- - Failed to validate connection org.mariadb.jdbc.Connection@32803dd7 ((conn=17274) Connection.setNetworkTimeout cannot be called on a closed connection). Possibly consider using a shorter maxLifetime value.
[11:51:35:803] [WARN] - com.zaxxer.hikari.pool.PoolBase.isConnectionAlive(PoolBase.java:184) - data-pool- - Failed to validate connection org.mariadb.jdbc.Connection@3c47d5f7 ((conn=17275) Connection.setNetworkTimeout cannot be called on a closed connection). Possibly consider using a shorter maxLifetime value.
[11:57:35:808] [WARN] - com.zaxxer.hikari.pool.PoolBase.isConnectionAlive(PoolBase.java:184) - data-pool- - Failed to validate connection org.mariadb.jdbc.Connection@648e06ec ((conn=17296) Connection.setNetworkTimeout cannot be called on a closed connection). Possibly consider using a shorter maxLifetime value.
[12:00:05:805] [WARN] - com.zaxxer.hikari.pool.PoolBase.isConnectionAlive(PoolBase.java:184) - data-pool- - Failed to validate connection org.mariadb.jdbc.Connection@eb66f59 ((conn=17298) Connection.setNetworkTimeout cannot be called on a closed connection). Possibly consider using a shorter maxLifetime value.
[12:02:25:800] [WARN] - com.zaxxer.hikari.pool.PoolBase.isConnectionAlive(PoolBase.java:184) - data-pool- - Failed to validate connection org.mariadb.jdbc.Connection@63604dc3 ((conn=17303) Connection.setNetworkTimeout cannot be called on a closed connection). Possibly consider using a shorter maxLifetime value.
[12:03:25:801] [WARN] - com.zaxxer.hikari.pool.PoolBase.isConnectionAlive(PoolBase.java:184) - data-pool- - Failed to validate connection org.mariadb.jdbc.Connection@47c49c1f ((conn=17306) Connection.setNetworkTimeout cannot be called on a closed connection). Possibly consider using a shorter maxLifetime value.
[12:06:15:002] [INFO] - my.utils.loggerUtils.info(loggerUtils.java:18) - 加载version文件完成！
[12:06:15:086] [INFO] - my.utils.loggerUtils.info(loggerUtils.java:18) - 加载nmb.apk完成！
[12:06:15:201] [INFO] - my.utils.loggerUtils.info(loggerUtils.java:18) - 实例化服务完成！
[12:06:15:597] [WARN] - com.zaxxer.hikari.HikariConfig.validateNumerics(HikariConfig.java:1084) - data-pool- - idleTimeout is close to or more than maxLifetime, disabling it.
[12:06:15:602] [INFO] - com.zaxxer.hikari.HikariDataSource.<init>(HikariDataSource.java:80) - data-pool- - Starting...
[12:06:15:801] [INFO] - com.zaxxer.hikari.HikariDataSource.<init>(HikariDataSource.java:82) - data-pool- - Start completed.
[12:06:16:649] [INFO] - my.utils.loggerUtils.info(loggerUtils.java:18) - 定时任务启动完成！
[12:06:18:956] [INFO] - my.utils.loggerUtils.info(loggerUtils.java:18) - 服务已经启动/9667
[17:36:57:922] [INFO] - my.utils.loggerUtils.info(loggerUtils.java:18) - 加载version文件完成！
[17:36:57:945] [INFO] - my.utils.loggerUtils.info(loggerUtils.java:18) - 加载nmb.apk完成！
[17:36:57:986] [INFO] - my.utils.loggerUtils.info(loggerUtils.java:18) - 实例化服务完成！
[17:36:58:165] [WARN] - com.zaxxer.hikari.HikariConfig.validateNumerics(HikariConfig.java:1084) - data-pool- - idleTimeout is close to or more than maxLifetime, disabling it.
[17:36:58:166] [INFO] - com.zaxxer.hikari.HikariDataSource.<init>(HikariDataSource.java:80) - data-pool- - Starting...
[17:36:58:236] [INFO] - com.zaxxer.hikari.HikariDataSource.<init>(HikariDataSource.java:82) - data-pool- - Start completed.
[17:36:58:503] [INFO] - my.utils.loggerUtils.info(loggerUtils.java:18) - 定时任务启动完成！
[17:36:59:041] [INFO] - my.utils.loggerUtils.info(loggerUtils.java:18) - 服务已经启动/9667
[17:40:28:514] [WARN] - com.zaxxer.hikari.pool.PoolBase.isConnectionAlive(PoolBase.java:184) - data-pool- - Failed to validate connection org.mariadb.jdbc.Connection@366d5032 ((conn=17433) Connection.setNetworkTimeout cannot be called on a closed connection). Possibly consider using a shorter maxLifetime value.
[17:42:58:510] [WARN] - com.zaxxer.hikari.pool.PoolBase.isConnectionAlive(PoolBase.java:184) - data-pool- - Failed to validate connection org.mariadb.jdbc.Connection@4f95e00f ((conn=17438) Connection.setNetworkTimeout cannot be called on a closed connection). Possibly consider using a shorter maxLifetime value.
[17:54:08:516] [WARN] - com.zaxxer.hikari.pool.PoolBase.isConnectionAlive(PoolBase.java:184) - data-pool- - Failed to validate connection org.mariadb.jdbc.Connection@3a19d6b0 ((conn=17465) Connection.setNetworkTimeout cannot be called on a closed connection). Possibly consider using a shorter maxLifetime value.
[18:00:38:551] [WARN] - com.zaxxer.hikari.pool.PoolBase.isConnectionAlive(PoolBase.java:184) - data-pool- - Failed to validate connection org.mariadb.jdbc.Connection@2ea379f4 ((conn=17476) Connection.setNetworkTimeout cannot be called on a closed connection). Possibly consider using a shorter maxLifetime value.
[18:01:38:505] [WARN] - com.zaxxer.hikari.pool.PoolBase.isConnectionAlive(PoolBase.java:184) - data-pool- - Failed to validate connection org.mariadb.jdbc.Connection@3668d2d8 ((conn=17479) Connection.setNetworkTimeout cannot be called on a closed connection). Possibly consider using a shorter maxLifetime value.
[18:03:58:509] [WARN] - com.zaxxer.hikari.pool.PoolBase.isConnectionAlive(PoolBase.java:184) - data-pool- - Failed to validate connection org.mariadb.jdbc.Connection@2b84c6e1 ((conn=17484) Connection.setNetworkTimeout cannot be called on a closed connection). Possibly consider using a shorter maxLifetime value.
[18:06:48:512] [WARN] - com.zaxxer.hikari.pool.PoolBase.isConnectionAlive(PoolBase.java:184) - data-pool- - Failed to validate connection org.mariadb.jdbc.Connection@42f73431 ((conn=17489) Connection.setNetworkTimeout cannot be called on a closed connection). Possibly consider using a shorter maxLifetime value.
[18:12:25:170] [WARN] - com.zaxxer.hikari.pool.PoolBase.isConnectionAlive(PoolBase.java:184) - data-pool- - Failed to validate connection org.mariadb.jdbc.Connection@217cad91 ((conn=17497) Connection.setNetworkTimeout cannot be called on a closed connection). Possibly consider using a shorter maxLifetime value.
[18:12:25:170] [WARN] - com.zaxxer.hikari.pool.PoolBase.isConnectionAlive(PoolBase.java:184) - data-pool- - Failed to validate connection org.mariadb.jdbc.Connection@d6d1326 ((conn=17498) Connection.setNetworkTimeout cannot be called on a closed connection). Possibly consider using a shorter maxLifetime value.
[18:12:25:174] [WARN] - com.zaxxer.hikari.pool.PoolBase.isConnectionAlive(PoolBase.java:184) - data-pool- - Failed to validate connection org.mariadb.jdbc.Connection@6940567a ((conn=17499) Connection.setNetworkTimeout cannot be called on a closed connection). Possibly consider using a shorter maxLifetime value.
[18:14:28:519] [WARN] - com.zaxxer.hikari.pool.PoolBase.isConnectionAlive(PoolBase.java:184) - data-pool- - Failed to validate connection org.mariadb.jdbc.Connection@5e227a72 ((conn=17501) Connection.setNetworkTimeout cannot be called on a closed connection). Possibly consider using a shorter maxLifetime value.
[18:14:28:523] [WARN] - com.zaxxer.hikari.pool.PoolBase.isConnectionAlive(PoolBase.java:184) - data-pool- - Failed to validate connection org.mariadb.jdbc.Connection@4246296 ((conn=17502) Connection.setNetworkTimeout cannot be called on a closed connection). Possibly consider using a shorter maxLifetime value.
[18:14:28:525] [WARN] - com.zaxxer.hikari.pool.PoolBase.isConnectionAlive(PoolBase.java:184) - data-pool- - Failed to validate connection org.mariadb.jdbc.Connection@3a3fbbbc ((conn=17503) Connection.setNetworkTimeout cannot be called on a closed connection). Possibly consider using a shorter maxLifetime value.
[18:17:08:521] [WARN] - com.zaxxer.hikari.pool.PoolBase.isConnectionAlive(PoolBase.java:184) - data-pool- - Failed to validate connection org.mariadb.jdbc.Connection@7b7fa07b ((conn=17507) Connection.setNetworkTimeout cannot be called on a closed connection). Possibly consider using a shorter maxLifetime value.
[18:17:08:521] [WARN] - com.zaxxer.hikari.pool.PoolBase.isConnectionAlive(PoolBase.java:184) - data-pool- - Failed to validate connection org.mariadb.jdbc.Connection@74aabd79 ((conn=17506) Connection.setNetworkTimeout cannot be called on a closed connection). Possibly consider using a shorter maxLifetime value.
[18:17:08:531] [WARN] - com.zaxxer.hikari.pool.PoolBase.isConnectionAlive(PoolBase.java:184) - data-pool- - Failed to validate connection org.mariadb.jdbc.Connection@7a6d5d9c ((conn=17508) Connection.setNetworkTimeout cannot be called on a closed connection). Possibly consider using a shorter maxLifetime value.
[18:19:46:058] [WARN] - com.zaxxer.hikari.pool.PoolBase.isConnectionAlive(PoolBase.java:184) - data-pool- - Failed to validate connection org.mariadb.jdbc.Connection@1f88f276 ((conn=17512) Connection.setNetworkTimeout cannot be called on a closed connection). Possibly consider using a shorter maxLifetime value.
[18:22:48:519] [WARN] - com.zaxxer.hikari.pool.PoolBase.isConnectionAlive(PoolBase.java:184) - data-pool- - Failed to validate connection org.mariadb.jdbc.Connection@46c8b8b7 ((conn=17525) Connection.setNetworkTimeout cannot be called on a closed connection). Possibly consider using a shorter maxLifetime value.
[18:22:48:521] [WARN] - com.zaxxer.hikari.pool.PoolBase.isConnectionAlive(PoolBase.java:184) - data-pool- - Failed to validate connection org.mariadb.jdbc.Connection@3ca3e0a ((conn=17526) Connection.setNetworkTimeout cannot be called on a closed connection). Possibly consider using a shorter maxLifetime value.
[18:25:10:906] [WARN] - com.zaxxer.hikari.pool.PoolBase.isConnectionAlive(PoolBase.java:184) - data-pool- - Failed to validate connection org.mariadb.jdbc.Connection@51f86ed4 ((conn=17531) Connection.setNetworkTimeout cannot be called on a closed connection). Possibly consider using a shorter maxLifetime value.
[18:25:10:906] [WARN] - com.zaxxer.hikari.pool.PoolBase.isConnectionAlive(PoolBase.java:184) - data-pool- - Failed to validate connection org.mariadb.jdbc.Connection@3ffafd9e ((conn=17532) Connection.setNetworkTimeout cannot be called on a closed connection). Possibly consider using a shorter maxLifetime value.
[18:25:10:913] [WARN] - com.zaxxer.hikari.pool.PoolBase.isConnectionAlive(PoolBase.java:184) - data-pool- - Failed to validate connection org.mariadb.jdbc.Connection@298bc501 ((conn=17533) Connection.setNetworkTimeout cannot be called on a closed connection). Possibly consider using a shorter maxLifetime value.
[18:27:18:506] [WARN] - com.zaxxer.hikari.pool.PoolBase.isConnectionAlive(PoolBase.java:184) - data-pool- - Failed to validate connection org.mariadb.jdbc.Connection@78c40669 ((conn=17535) Connection.setNetworkTimeout cannot be called on a closed connection). Possibly consider using a shorter maxLifetime value.
[18:27:18:510] [WARN] - com.zaxxer.hikari.pool.PoolBase.isConnectionAlive(PoolBase.java:184) - data-pool- - Failed to validate connection org.mariadb.jdbc.Connection@389cdd78 ((conn=17536) Connection.setNetworkTimeout cannot be called on a closed connection). Possibly consider using a shorter maxLifetime value.
[18:27:18:514] [WARN] - com.zaxxer.hikari.pool.PoolBase.isConnectionAlive(PoolBase.java:184) - data-pool- - Failed to validate connection org.mariadb.jdbc.Connection@49f6dda5 ((conn=17537) Connection.setNetworkTimeout cannot be called on a closed connection). Possibly consider using a shorter maxLifetime value.
[18:29:38:523] [WARN] - com.zaxxer.hikari.pool.PoolBase.isConnectionAlive(PoolBase.java:184) - data-pool- - Failed to validate connection org.mariadb.jdbc.Connection@189e9863 ((conn=17540) Connection.setNetworkTimeout cannot be called on a closed connection). Possibly consider using a shorter maxLifetime value.
[18:29:38:523] [WARN] - com.zaxxer.hikari.pool.PoolBase.isConnectionAlive(PoolBase.java:184) - data-pool- - Failed to validate connection org.mariadb.jdbc.Connection@203241a0 ((conn=17541) Connection.setNetworkTimeout cannot be called on a closed connection). Possibly consider using a shorter maxLifetime value.
[18:29:38:531] [WARN] - com.zaxxer.hikari.pool.PoolBase.isConnectionAlive(PoolBase.java:184) - data-pool- - Failed to validate connection org.mariadb.jdbc.Connection@59a39258 ((conn=17542) Connection.setNetworkTimeout cannot be called on a closed connection). Possibly consider using a shorter maxLifetime value.
[18:31:48:511] [WARN] - com.zaxxer.hikari.pool.PoolBase.isConnectionAlive(PoolBase.java:184) - data-pool- - Failed to validate connection org.mariadb.jdbc.Connection@4a054761 ((conn=17545) Connection.setNetworkTimeout cannot be called on a closed connection). Possibly consider using a shorter maxLifetime value.
[18:31:48:516] [WARN] - com.zaxxer.hikari.pool.PoolBase.isConnectionAlive(PoolBase.java:184) - data-pool- - Failed to validate connection org.mariadb.jdbc.Connection@10abd54b ((conn=17546) Connection.setNetworkTimeout cannot be called on a closed connection). Possibly consider using a shorter maxLifetime value.
[18:32:48:516] [WARN] - com.zaxxer.hikari.pool.PoolBase.isConnectionAlive(PoolBase.java:184) - data-pool- - Failed to validate connection org.mariadb.jdbc.Connection@e2885d3 ((conn=17547) Connection.setNetworkTimeout cannot be called on a closed connection). Possibly consider using a shorter maxLifetime value.
[18:34:58:511] [WARN] - com.zaxxer.hikari.pool.PoolBase.isConnectionAlive(PoolBase.java:184) - data-pool- - Failed to validate connection org.mariadb.jdbc.Connection@6ae842d4 ((conn=17551) Connection.setNetworkTimeout cannot be called on a closed connection). Possibly consider using a shorter maxLifetime value.
[18:34:58:516] [WARN] - com.zaxxer.hikari.pool.PoolBase.isConnectionAlive(PoolBase.java:184) - data-pool- - Failed to validate connection org.mariadb.jdbc.Connection@5b482f6a ((conn=17552) Connection.setNetworkTimeout cannot be called on a closed connection). Possibly consider using a shorter maxLifetime value.
[18:36:08:699] [WARN] - com.zaxxer.hikari.pool.PoolBase.isConnectionAlive(PoolBase.java:184) - data-pool- - Failed to validate connection org.mariadb.jdbc.Connection@56b3d65d ((conn=17554) Connection.setNetworkTimeout cannot be called on a closed connection). Possibly consider using a shorter maxLifetime value.
[18:37:48:521] [WARN] - com.zaxxer.hikari.pool.PoolBase.isConnectionAlive(PoolBase.java:184) - data-pool- - Failed to validate connection org.mariadb.jdbc.Connection@7c1d1344 ((conn=17556) Connection.setNetworkTimeout cannot be called on a closed connection). Possibly consider using a shorter maxLifetime value.
[18:37:48:521] [WARN] - com.zaxxer.hikari.pool.PoolBase.isConnectionAlive(PoolBase.java:184) - data-pool- - Failed to validate connection org.mariadb.jdbc.Connection@61b7b89d ((conn=17557) Connection.setNetworkTimeout cannot be called on a closed connection). Possibly consider using a shorter maxLifetime value.
[18:39:58:509] [WARN] - com.zaxxer.hikari.pool.PoolBase.isConnectionAlive(PoolBase.java:184) - data-pool- - Failed to validate connection org.mariadb.jdbc.Connection@3aaecfb ((conn=17560) Connection.setNetworkTimeout cannot be called on a closed connection). Possibly consider using a shorter maxLifetime value.
[18:39:58:510] [WARN] - com.zaxxer.hikari.pool.PoolBase.isConnectionAlive(PoolBase.java:184) - data-pool- - Failed to validate connection org.mariadb.jdbc.Connection@4297e6c0 ((conn=17561) Connection.setNetworkTimeout cannot be called on a closed connection). Possibly consider using a shorter maxLifetime value.
[18:39:58:513] [WARN] - com.zaxxer.hikari.pool.PoolBase.isConnectionAlive(PoolBase.java:184) - data-pool- - Failed to validate connection org.mariadb.jdbc.Connection@27062997 ((conn=17562) Connection.setNetworkTimeout cannot be called on a closed connection). Possibly consider using a shorter maxLifetime value.
[18:42:28:504] [WARN] - com.zaxxer.hikari.pool.PoolBase.isConnectionAlive(PoolBase.java:184) - data-pool- - Failed to validate connection org.mariadb.jdbc.Connection@1820e414 ((conn=17564) Connection.setNetworkTimeout cannot be called on a closed connection). Possibly consider using a shorter maxLifetime value.
[18:42:28:507] [WARN] - com.zaxxer.hikari.pool.PoolBase.isConnectionAlive(PoolBase.java:184) - data-pool- - Failed to validate connection org.mariadb.jdbc.Connection@12d88f64 ((conn=17565) Connection.setNetworkTimeout cannot be called on a closed connection). Possibly consider using a shorter maxLifetime value.
[18:42:28:508] [WARN] - com.zaxxer.hikari.pool.PoolBase.isConnectionAlive(PoolBase.java:184) - data-pool- - Failed to validate connection org.mariadb.jdbc.Connection@57da135b ((conn=17566) Connection.setNetworkTimeout cannot be called on a closed connection). Possibly consider using a shorter maxLifetime value.
[18:42:28:509] [WARN] - com.zaxxer.hikari.pool.PoolBase.isConnectionAlive(PoolBase.java:184) - data-pool- - Failed to validate connection org.mariadb.jdbc.Connection@48c54df0 ((conn=17567) Connection.setNetworkTimeout cannot be called on a closed connection). Possibly consider using a shorter maxLifetime value.
[18:48:18:514] [WARN] - com.zaxxer.hikari.pool.PoolBase.isConnectionAlive(PoolBase.java:184) - data-pool- - Failed to validate connection org.mariadb.jdbc.Connection@f127908 ((conn=17575) Connection.setNetworkTimeout cannot be called on a closed connection). Possibly consider using a shorter maxLifetime value.
[18:48:18:516] [WARN] - com.zaxxer.hikari.pool.PoolBase.isConnectionAlive(PoolBase.java:184) - data-pool- - Failed to validate connection org.mariadb.jdbc.Connection@6db5726c ((conn=17576) Connection.setNetworkTimeout cannot be called on a closed connection). Possibly consider using a shorter maxLifetime value.
[18:48:18:514] [WARN] - com.zaxxer.hikari.pool.PoolBase.isConnectionAlive(PoolBase.java:184) - data-pool- - Failed to validate connection org.mariadb.jdbc.Connection@1bd09d83 ((conn=17574) Connection.setNetworkTimeout cannot be called on a closed connection). Possibly consider using a shorter maxLifetime value.
[18:48:18:517] [WARN] - com.zaxxer.hikari.pool.PoolBase.isConnectionAlive(PoolBase.java:184) - data-pool- - Failed to validate connection org.mariadb.jdbc.Connection@179a6361 ((conn=17577) Connection.setNetworkTimeout cannot be called on a closed connection). Possibly consider using a shorter maxLifetime value.
[18:49:39:188] [INFO] - my.utils.loggerUtils.info(loggerUtils.java:18) - 加载version文件完成！
[18:49:39:212] [INFO] - my.utils.loggerUtils.info(loggerUtils.java:18) - 加载nmb.apk完成！
[18:49:39:245] [INFO] - my.utils.loggerUtils.info(loggerUtils.java:18) - 实例化服务完成！
[18:49:39:372] [WARN] - com.zaxxer.hikari.HikariConfig.validateNumerics(HikariConfig.java:1084) - data-pool- - idleTimeout is close to or more than maxLifetime, disabling it.
[18:49:39:374] [INFO] - com.zaxxer.hikari.HikariDataSource.<init>(HikariDataSource.java:80) - data-pool- - Starting...
[18:49:39:429] [INFO] - com.zaxxer.hikari.HikariDataSource.<init>(HikariDataSource.java:82) - data-pool- - Start completed.
[18:49:39:699] [INFO] - my.utils.loggerUtils.info(loggerUtils.java:18) - 定时任务启动完成！
[18:49:40:231] [INFO] - my.utils.loggerUtils.info(loggerUtils.java:18) - 服务已经启动/9667
[18:52:42:686] [INFO] - my.utils.loggerUtils.info(loggerUtils.java:18) - 加载version文件完成！
[18:52:42:728] [INFO] - my.utils.loggerUtils.info(loggerUtils.java:18) - 加载nmb.apk完成！
[18:52:42:787] [INFO] - my.utils.loggerUtils.info(loggerUtils.java:18) - 实例化服务完成！
[18:52:43:019] [WARN] - com.zaxxer.hikari.HikariConfig.validateNumerics(HikariConfig.java:1084) - data-pool- - idleTimeout is close to or more than maxLifetime, disabling it.
[18:52:43:023] [INFO] - com.zaxxer.hikari.HikariDataSource.<init>(HikariDataSource.java:80) - data-pool- - Starting...
[18:52:43:139] [INFO] - com.zaxxer.hikari.HikariDataSource.<init>(HikariDataSource.java:82) - data-pool- - Start completed.
[18:52:43:624] [INFO] - my.utils.loggerUtils.info(loggerUtils.java:18) - 定时任务启动完成！
[18:52:44:572] [INFO] - my.utils.loggerUtils.info(loggerUtils.java:18) - 服务已经启动/9667
[18:56:51:897] [INFO] - my.utils.loggerUtils.info(loggerUtils.java:18) - 加载version文件完成！
[18:56:51:939] [INFO] - my.utils.loggerUtils.info(loggerUtils.java:18) - 加载nmb.apk完成！
[18:56:52:005] [INFO] - my.utils.loggerUtils.info(loggerUtils.java:18) - 实例化服务完成！
[18:56:52:245] [WARN] - com.zaxxer.hikari.HikariConfig.validateNumerics(HikariConfig.java:1084) - data-pool- - idleTimeout is close to or more than maxLifetime, disabling it.
[18:56:52:248] [INFO] - com.zaxxer.hikari.HikariDataSource.<init>(HikariDataSource.java:80) - data-pool- - Starting...
[18:56:52:373] [INFO] - com.zaxxer.hikari.HikariDataSource.<init>(HikariDataSource.java:82) - data-pool- - Start completed.
[18:56:53:141] [INFO] - my.utils.loggerUtils.info(loggerUtils.java:18) - 定时任务启动完成！
[18:56:55:067] [INFO] - my.utils.loggerUtils.info(loggerUtils.java:18) - 服务已经启动/9667
[19:08:43:144] [WARN] - com.zaxxer.hikari.pool.PoolBase.isConnectionAlive(PoolBase.java:184) - data-pool- - Failed to validate connection org.mariadb.jdbc.Connection@1f446f21 ((conn=17625) Connection.setNetworkTimeout cannot be called on a closed connection). Possibly consider using a shorter maxLifetime value.
[19:08:43:146] [WARN] - com.zaxxer.hikari.pool.PoolBase.isConnectionAlive(PoolBase.java:184) - data-pool- - Failed to validate connection org.mariadb.jdbc.Connection@118392b9 ((conn=17626) Connection.setNetworkTimeout cannot be called on a closed connection). Possibly consider using a shorter maxLifetime value.
[19:08:43:150] [WARN] - com.zaxxer.hikari.pool.PoolBase.isConnectionAlive(PoolBase.java:184) - data-pool- - Failed to validate connection org.mariadb.jdbc.Connection@15bc0451 ((conn=17627) Connection.setNetworkTimeout cannot be called on a closed connection). Possibly consider using a shorter maxLifetime value.
[19:08:43:155] [WARN] - com.zaxxer.hikari.pool.PoolBase.isConnectionAlive(PoolBase.java:184) - data-pool- - Failed to validate connection org.mariadb.jdbc.Connection@50be9882 ((conn=17628) Connection.setNetworkTimeout cannot be called on a closed connection). Possibly consider using a shorter maxLifetime value.
[19:10:45:163] [INFO] - my.utils.loggerUtils.info(loggerUtils.java:18) - 加载version文件完成！
[19:10:45:213] [INFO] - my.utils.loggerUtils.info(loggerUtils.java:18) - 加载nmb.apk完成！
[19:10:45:314] [INFO] - my.utils.loggerUtils.info(loggerUtils.java:18) - 实例化服务完成！
[19:10:45:623] [WARN] - com.zaxxer.hikari.HikariConfig.validateNumerics(HikariConfig.java:1084) - data-pool- - idleTimeout is close to or more than maxLifetime, disabling it.
[19:10:45:626] [INFO] - com.zaxxer.hikari.HikariDataSource.<init>(HikariDataSource.java:80) - data-pool- - Starting...
[19:10:45:761] [INFO] - com.zaxxer.hikari.HikariDataSource.<init>(HikariDataSource.java:82) - data-pool- - Start completed.
[19:10:46:358] [INFO] - my.utils.loggerUtils.info(loggerUtils.java:18) - 定时任务启动完成！
[19:10:47:594] [INFO] - my.utils.loggerUtils.info(loggerUtils.java:18) - 服务已经启动/9667
[21:39:36:816] [INFO] - my.utils.loggerUtils.info(loggerUtils.java:18) - 加载version文件完成！
[21:39:36:845] [INFO] - my.utils.loggerUtils.info(loggerUtils.java:18) - 加载nmb.apk完成！
[21:39:36:877] [INFO] - my.utils.loggerUtils.info(loggerUtils.java:18) - 实例化服务完成！
[21:39:37:020] [WARN] - com.zaxxer.hikari.HikariConfig.validateNumerics(HikariConfig.java:1084) - data-pool- - idleTimeout is close to or more than maxLifetime, disabling it.
[21:39:37:021] [INFO] - com.zaxxer.hikari.HikariDataSource.<init>(HikariDataSource.java:80) - data-pool- - Starting...
[21:39:37:077] [INFO] - com.zaxxer.hikari.HikariDataSource.<init>(HikariDataSource.java:82) - data-pool- - Start completed.
[21:39:37:354] [INFO] - my.utils.loggerUtils.info(loggerUtils.java:18) - 定时任务启动完成！
[21:39:37:893] [INFO] - my.utils.loggerUtils.info(loggerUtils.java:18) - 服务已经启动/9667
[21:48:27:362] [WARN] - com.zaxxer.hikari.pool.PoolBase.isConnectionAlive(PoolBase.java:184) - data-pool- - Failed to validate connection org.mariadb.jdbc.Connection@59cf287c ((conn=17702) Connection.setNetworkTimeout cannot be called on a closed connection). Possibly consider using a shorter maxLifetime value.
[21:48:27:363] [WARN] - com.zaxxer.hikari.pool.PoolBase.isConnectionAlive(PoolBase.java:184) - data-pool- - Failed to validate connection org.mariadb.jdbc.Connection@5708cd35 ((conn=17703) Connection.setNetworkTimeout cannot be called on a closed connection). Possibly consider using a shorter maxLifetime value.
[21:48:27:363] [WARN] - com.zaxxer.hikari.pool.PoolBase.isConnectionAlive(PoolBase.java:184) - data-pool- - Failed to validate connection org.mariadb.jdbc.Connection@5337430c ((conn=17704) Connection.setNetworkTimeout cannot be called on a closed connection). Possibly consider using a shorter maxLifetime value.
[21:58:07:367] [WARN] - com.zaxxer.hikari.pool.PoolBase.isConnectionAlive(PoolBase.java:184) - data-pool- - Failed to validate connection org.mariadb.jdbc.Connection@57fca7e4 ((conn=17729) Connection.setNetworkTimeout cannot be called on a closed connection). Possibly consider using a shorter maxLifetime value.
[21:59:33:798] [WARN] - com.zaxxer.hikari.pool.PoolBase.isConnectionAlive(PoolBase.java:184) - data-pool- - Failed to validate connection org.mariadb.jdbc.Connection@93d8629 ((conn=17731) Connection.setNetworkTimeout cannot be called on a closed connection). Possibly consider using a shorter maxLifetime value.
[21:59:33:803] [WARN] - com.zaxxer.hikari.pool.PoolBase.isConnectionAlive(PoolBase.java:184) - data-pool- - Failed to validate connection org.mariadb.jdbc.Connection@48008c12 ((conn=17732) Connection.setNetworkTimeout cannot be called on a closed connection). Possibly consider using a shorter maxLifetime value.
[21:59:33:807] [WARN] - com.zaxxer.hikari.pool.PoolBase.isConnectionAlive(PoolBase.java:184) - data-pool- - Failed to validate connection org.mariadb.jdbc.Connection@1cebe2fc ((conn=17733) Connection.setNetworkTimeout cannot be called on a closed connection). Possibly consider using a shorter maxLifetime value.
[22:00:27:364] [WARN] - com.zaxxer.hikari.pool.PoolBase.isConnectionAlive(PoolBase.java:184) - data-pool- - Failed to validate connection org.mariadb.jdbc.Connection@1635c70e ((conn=17734) Connection.setNetworkTimeout cannot be called on a closed connection). Possibly consider using a shorter maxLifetime value.
[22:02:47:367] [WARN] - com.zaxxer.hikari.pool.PoolBase.isConnectionAlive(PoolBase.java:184) - data-pool- - Failed to validate connection org.mariadb.jdbc.Connection@291f7543 ((conn=17738) Connection.setNetworkTimeout cannot be called on a closed connection). Possibly consider using a shorter maxLifetime value.
[22:02:47:372] [WARN] - com.zaxxer.hikari.pool.PoolBase.isConnectionAlive(PoolBase.java:184) - data-pool- - Failed to validate connection org.mariadb.jdbc.Connection@23e71e33 ((conn=17739) Connection.setNetworkTimeout cannot be called on a closed connection). Possibly consider using a shorter maxLifetime value.
[22:05:27:902] [WARN] - com.zaxxer.hikari.pool.PoolBase.isConnectionAlive(PoolBase.java:184) - data-pool- - Failed to validate connection org.mariadb.jdbc.Connection@3e071f1c ((conn=17742) Connection.setNetworkTimeout cannot be called on a closed connection). Possibly consider using a shorter maxLifetime value.
[22:05:27:904] [WARN] - com.zaxxer.hikari.pool.PoolBase.isConnectionAlive(PoolBase.java:184) - data-pool- - Failed to validate connection org.mariadb.jdbc.Connection@16b6b738 ((conn=17743) Connection.setNetworkTimeout cannot be called on a closed connection). Possibly consider using a shorter maxLifetime value.
[22:05:27:911] [WARN] - com.zaxxer.hikari.pool.PoolBase.isConnectionAlive(PoolBase.java:184) - data-pool- - Failed to validate connection org.mariadb.jdbc.Connection@53b43b8a ((conn=17744) Connection.setNetworkTimeout cannot be called on a closed connection). Possibly consider using a shorter maxLifetime value.
[22:05:47:370] [WARN] - com.zaxxer.hikari.pool.PoolBase.isConnectionAlive(PoolBase.java:184) - data-pool- - Failed to validate connection org.mariadb.jdbc.Connection@66e5942b ((conn=17745) Connection.setNetworkTimeout cannot be called on a closed connection). Possibly consider using a shorter maxLifetime value.
[22:11:17:369] [WARN] - com.zaxxer.hikari.pool.PoolBase.isConnectionAlive(PoolBase.java:184) - data-pool- - Failed to validate connection org.mariadb.jdbc.Connection@4d401316 ((conn=17753) Connection.setNetworkTimeout cannot be called on a closed connection). Possibly consider using a shorter maxLifetime value.
[22:11:17:369] [WARN] - com.zaxxer.hikari.pool.PoolBase.isConnectionAlive(PoolBase.java:184) - data-pool- - Failed to validate connection org.mariadb.jdbc.Connection@153df55a ((conn=17752) Connection.setNetworkTimeout cannot be called on a closed connection). Possibly consider using a shorter maxLifetime value.
[22:11:17:372] [WARN] - com.zaxxer.hikari.pool.PoolBase.isConnectionAlive(PoolBase.java:184) - data-pool- - Failed to validate connection org.mariadb.jdbc.Connection@503f6999 ((conn=17754) Connection.setNetworkTimeout cannot be called on a closed connection). Possibly consider using a shorter maxLifetime value.
[22:11:17:372] [WARN] - com.zaxxer.hikari.pool.PoolBase.isConnectionAlive(PoolBase.java:184) - data-pool- - Failed to validate connection org.mariadb.jdbc.Connection@6417d6db ((conn=17755) Connection.setNetworkTimeout cannot be called on a closed connection). Possibly consider using a shorter maxLifetime value.
[22:13:27:363] [WARN] - com.zaxxer.hikari.pool.PoolBase.isConnectionAlive(PoolBase.java:184) - data-pool- - Failed to validate connection org.mariadb.jdbc.Connection@356125d1 ((conn=17757) Connection.setNetworkTimeout cannot be called on a closed connection). Possibly consider using a shorter maxLifetime value.
[22:14:59:717] [INFO] - my.utils.loggerUtils.info(loggerUtils.java:18) - 加载version文件完成！
[22:14:59:778] [INFO] - my.utils.loggerUtils.info(loggerUtils.java:18) - 加载nmb.apk完成！
[22:14:59:863] [INFO] - my.utils.loggerUtils.info(loggerUtils.java:18) - 实例化服务完成！
[22:15:00:174] [WARN] - com.zaxxer.hikari.HikariConfig.validateNumerics(HikariConfig.java:1084) - data-pool- - idleTimeout is close to or more than maxLifetime, disabling it.
[22:15:00:179] [INFO] - com.zaxxer.hikari.HikariDataSource.<init>(HikariDataSource.java:80) - data-pool- - Starting...
[22:15:00:337] [INFO] - com.zaxxer.hikari.HikariDataSource.<init>(HikariDataSource.java:82) - data-pool- - Start completed.
[22:15:00:996] [INFO] - my.utils.loggerUtils.info(loggerUtils.java:18) - 定时任务启动完成！
[22:15:02:584] [INFO] - my.utils.loggerUtils.info(loggerUtils.java:18) - 服务已经启动/9667
[22:17:21:007] [WARN] - com.zaxxer.hikari.pool.PoolBase.isConnectionAlive(PoolBase.java:184) - data-pool- - Failed to validate connection org.mariadb.jdbc.Connection@22981b2e ((conn=17767) Connection.setNetworkTimeout cannot be called on a closed connection). Possibly consider using a shorter maxLifetime value.
[22:24:31:002] [WARN] - com.zaxxer.hikari.pool.PoolBase.isConnectionAlive(PoolBase.java:184) - data-pool- - Failed to validate connection org.mariadb.jdbc.Connection@7a17fc44 ((conn=17791) Connection.setNetworkTimeout cannot be called on a closed connection). Possibly consider using a shorter maxLifetime value.
[22:25:00:442] [INFO] - my.utils.loggerUtils.info(loggerUtils.java:18) - 加载version文件完成！
[22:25:00:467] [INFO] - my.utils.loggerUtils.info(loggerUtils.java:18) - 加载nmb.apk完成！
[22:25:00:503] [INFO] - my.utils.loggerUtils.info(loggerUtils.java:18) - 实例化服务完成！
[22:25:00:633] [WARN] - com.zaxxer.hikari.HikariConfig.validateNumerics(HikariConfig.java:1084) - data-pool- - idleTimeout is close to or more than maxLifetime, disabling it.
[22:25:00:634] [INFO] - com.zaxxer.hikari.HikariDataSource.<init>(HikariDataSource.java:80) - data-pool- - Starting...
[22:25:00:694] [INFO] - com.zaxxer.hikari.HikariDataSource.<init>(HikariDataSource.java:82) - data-pool- - Start completed.
[22:25:00:973] [INFO] - my.utils.loggerUtils.info(loggerUtils.java:18) - 定时任务启动完成！
[22:25:01:539] [INFO] - my.utils.loggerUtils.info(loggerUtils.java:18) - 服务已经启动/9667
[22:36:55:653] [WARN] - com.zaxxer.hikari.pool.PoolBase.isConnectionAlive(PoolBase.java:184) - data-pool- - Failed to validate connection org.mariadb.jdbc.Connection@37e0a499 ((conn=17808) Connection.setNetworkTimeout cannot be called on a closed connection). Possibly consider using a shorter maxLifetime value.
[22:36:55:653] [WARN] - com.zaxxer.hikari.pool.PoolBase.isConnectionAlive(PoolBase.java:184) - data-pool- - Failed to validate connection org.mariadb.jdbc.Connection@558f907e ((conn=17809) Connection.setNetworkTimeout cannot be called on a closed connection). Possibly consider using a shorter maxLifetime value.
[22:36:55:655] [WARN] - com.zaxxer.hikari.pool.PoolBase.isConnectionAlive(PoolBase.java:184) - data-pool- - Failed to validate connection org.mariadb.jdbc.Connection@3d18cfe9 ((conn=17811) Connection.setNetworkTimeout cannot be called on a closed connection). Possibly consider using a shorter maxLifetime value.
[22:36:55:653] [WARN] - com.zaxxer.hikari.pool.PoolBase.isConnectionAlive(PoolBase.java:184) - data-pool- - Failed to validate connection org.mariadb.jdbc.Connection@3c7b61d9 ((conn=17807) Connection.setNetworkTimeout cannot be called on a closed connection). Possibly consider using a shorter maxLifetime value.
[22:36:55:657] [WARN] - com.zaxxer.hikari.pool.HikariPool$HouseKeeper.run(HikariPool.java:788) - data-pool- - Thread starvation or clock leap detected (housekeeper delta=4m54s752ms891µs1ns).
[22:36:55:658] [WARN] - com.zaxxer.hikari.pool.PoolBase.isConnectionAlive(PoolBase.java:184) - data-pool- - Failed to validate connection org.mariadb.jdbc.Connection@108d04ab ((conn=17810) Connection.setNetworkTimeout cannot be called on a closed connection). Possibly consider using a shorter maxLifetime value.
[22:37:03:887] [INFO] - my.utils.loggerUtils.info(loggerUtils.java:18) - 加载version文件完成！
[22:37:03:919] [INFO] - my.utils.loggerUtils.info(loggerUtils.java:18) - 加载nmb.apk完成！
[22:37:03:968] [INFO] - my.utils.loggerUtils.info(loggerUtils.java:18) - 实例化服务完成！
[22:37:04:142] [WARN] - com.zaxxer.hikari.HikariConfig.validateNumerics(HikariConfig.java:1084) - data-pool- - idleTimeout is close to or more than maxLifetime, disabling it.
[22:37:04:144] [INFO] - com.zaxxer.hikari.HikariDataSource.<init>(HikariDataSource.java:80) - data-pool- - Starting...
[22:37:04:227] [INFO] - com.zaxxer.hikari.HikariDataSource.<init>(HikariDataSource.java:82) - data-pool- - Start completed.
[22:37:04:623] [INFO] - my.utils.loggerUtils.info(loggerUtils.java:18) - 定时任务启动完成！
[22:37:05:384] [INFO] - my.utils.loggerUtils.info(loggerUtils.java:18) - 服务已经启动/9667
[22:42:44:993] [WARN] - com.zaxxer.hikari.pool.PoolBase.isConnectionAlive(PoolBase.java:184) - data-pool- - Failed to validate connection org.mariadb.jdbc.Connection@65c65605 ((conn=17824) Connection.setNetworkTimeout cannot be called on a closed connection). Possibly consider using a shorter maxLifetime value.
[22:48:54:625] [WARN] - com.zaxxer.hikari.pool.PoolBase.isConnectionAlive(PoolBase.java:184) - data-pool- - Failed to validate connection org.mariadb.jdbc.Connection@5096edb5 ((conn=17838) Connection.setNetworkTimeout cannot be called on a closed connection). Possibly consider using a shorter maxLifetime value.
[22:48:54:626] [WARN] - com.zaxxer.hikari.pool.PoolBase.isConnectionAlive(PoolBase.java:184) - data-pool- - Failed to validate connection org.mariadb.jdbc.Connection@159469c3 ((conn=17839) Connection.setNetworkTimeout cannot be called on a closed connection). Possibly consider using a shorter maxLifetime value.
[08:45:59:880] [INFO] - my.utils.loggerUtils.info(loggerUtils.java:18) - 加载version文件完成！
[08:45:59:903] [INFO] - my.utils.loggerUtils.info(loggerUtils.java:18) - 加载nmb.apk完成！
[08:45:59:934] [INFO] - my.utils.loggerUtils.info(loggerUtils.java:18) - 实例化服务完成！
[08:46:00:099] [WARN] - com.zaxxer.hikari.HikariConfig.validateNumerics(HikariConfig.java:1084) - data-pool- - idleTimeout is close to or more than maxLifetime, disabling it.
[08:46:00:105] [INFO] - com.zaxxer.hikari.HikariDataSource.<init>(HikariDataSource.java:80) - data-pool- - Starting...
[08:46:00:169] [INFO] - com.zaxxer.hikari.HikariDataSource.<init>(HikariDataSource.java:82) - data-pool- - Start completed.
[08:46:00:455] [INFO] - my.utils.loggerUtils.info(loggerUtils.java:18) - 定时任务启动完成！
[08:46:01:075] [INFO] - my.utils.loggerUtils.info(loggerUtils.java:18) - 服务已经启动/9667
[08:48:02:752] [WARN] - com.zaxxer.hikari.pool.HikariPool$HouseKeeper.run(HikariPool.java:788) - data-pool- - Thread starvation or clock leap detected (housekeeper delta=1m8s220ms408µs600ns).
[08:56:33:445] [WARN] - com.zaxxer.hikari.pool.PoolBase.isConnectionAlive(PoolBase.java:184) - data-pool- - Failed to validate connection org.mariadb.jdbc.Connection@5086950c ((conn=17862) Connection.setNetworkTimeout cannot be called on a closed connection). Possibly consider using a shorter maxLifetime value.
[08:56:33:445] [WARN] - com.zaxxer.hikari.pool.PoolBase.isConnectionAlive(PoolBase.java:184) - data-pool- - Failed to validate connection org.mariadb.jdbc.Connection@597e9884 ((conn=17863) Connection.setNetworkTimeout cannot be called on a closed connection). Possibly consider using a shorter maxLifetime value.
[08:56:33:450] [WARN] - com.zaxxer.hikari.pool.PoolBase.isConnectionAlive(PoolBase.java:184) - data-pool- - Failed to validate connection org.mariadb.jdbc.Connection@b44514a ((conn=17864) Connection.setNetworkTimeout cannot be called on a closed connection). Possibly consider using a shorter maxLifetime value.
[08:56:33:451] [WARN] - com.zaxxer.hikari.pool.PoolBase.isConnectionAlive(PoolBase.java:184) - data-pool- - Failed to validate connection org.mariadb.jdbc.Connection@44bea469 ((conn=17865) Connection.setNetworkTimeout cannot be called on a closed connection). Possibly consider using a shorter maxLifetime value.
[08:56:40:103] [INFO] - my.utils.loggerUtils.info(loggerUtils.java:18) - 加载version文件完成！
[08:56:40:135] [INFO] - my.utils.loggerUtils.info(loggerUtils.java:18) - 加载nmb.apk完成！
[08:56:40:187] [INFO] - my.utils.loggerUtils.info(loggerUtils.java:18) - 实例化服务完成！
[08:56:40:362] [WARN] - com.zaxxer.hikari.HikariConfig.validateNumerics(HikariConfig.java:1084) - data-pool- - idleTimeout is close to or more than maxLifetime, disabling it.
[08:56:40:363] [INFO] - com.zaxxer.hikari.HikariDataSource.<init>(HikariDataSource.java:80) - data-pool- - Starting...
[08:56:40:449] [INFO] - com.zaxxer.hikari.HikariDataSource.<init>(HikariDataSource.java:82) - data-pool- - Start completed.
[08:56:40:924] [INFO] - my.utils.loggerUtils.info(loggerUtils.java:18) - 定时任务启动完成！
[08:56:41:713] [INFO] - my.utils.loggerUtils.info(loggerUtils.java:18) - 服务已经启动/9667
[08:58:24:993] [WARN] - com.zaxxer.hikari.pool.HikariPool$HouseKeeper.run(HikariPool.java:788) - data-pool- - Thread starvation or clock leap detected (housekeeper delta=45s205ms206µs200ns).
[08:59:21:090] [WARN] - com.zaxxer.hikari.pool.HikariPool$HouseKeeper.run(HikariPool.java:788) - data-pool- - Thread starvation or clock leap detected (housekeeper delta=1m25s317ms506µs).
[09:01:19:261] [WARN] - com.zaxxer.hikari.pool.PoolBase.isConnectionAlive(PoolBase.java:184) - data-pool- - Failed to validate connection org.mariadb.jdbc.Connection@1270d2f6 ((conn=17872) Connection.setNetworkTimeout cannot be called on a closed connection). Possibly consider using a shorter maxLifetime value.
[09:01:19:261] [WARN] - com.zaxxer.hikari.pool.PoolBase.isConnectionAlive(PoolBase.java:184) - data-pool- - Failed to validate connection org.mariadb.jdbc.Connection@4b9c7f08 ((conn=17876) Connection.setNetworkTimeout cannot be called on a closed connection). Possibly consider using a shorter maxLifetime value.
[09:01:19:262] [WARN] - com.zaxxer.hikari.pool.PoolBase.isConnectionAlive(PoolBase.java:184) - data-pool- - Failed to validate connection org.mariadb.jdbc.Connection@55b3b46e ((conn=17874) Connection.setNetworkTimeout cannot be called on a closed connection). Possibly consider using a shorter maxLifetime value.
[09:01:19:261] [WARN] - com.zaxxer.hikari.pool.PoolBase.isConnectionAlive(PoolBase.java:184) - data-pool- - Failed to validate connection org.mariadb.jdbc.Connection@5258e847 ((conn=17873) Connection.setNetworkTimeout cannot be called on a closed connection). Possibly consider using a shorter maxLifetime value.
[09:01:19:262] [WARN] - com.zaxxer.hikari.pool.PoolBase.isConnectionAlive(PoolBase.java:184) - data-pool- - Failed to validate connection org.mariadb.jdbc.Connection@2f92df5b ((conn=17875) Connection.setNetworkTimeout cannot be called on a closed connection). Possibly consider using a shorter maxLifetime value.
[09:01:30:565] [WARN] - com.zaxxer.hikari.pool.HikariPool$HouseKeeper.run(HikariPool.java:788) - data-pool- - Thread starvation or clock leap detected (housekeeper delta=2m9s475ms792µs400ns).
[09:03:29:829] [WARN] - com.zaxxer.hikari.pool.HikariPool$HouseKeeper.run(HikariPool.java:788) - data-pool- - Thread starvation or clock leap detected (housekeeper delta=48s55ms979µs701ns).
[09:05:18:037] [WARN] - com.zaxxer.hikari.pool.HikariPool$HouseKeeper.run(HikariPool.java:788) - data-pool- - Thread starvation or clock leap detected (housekeeper delta=1m48s208ms313µs800ns).
[09:09:49:215] [WARN] - com.zaxxer.hikari.pool.HikariPool$HouseKeeper.run(HikariPool.java:788) - data-pool- - Thread starvation or clock leap detected (housekeeper delta=4m31s178ms590µs700ns).
[09:11:02:971] [WARN] - com.zaxxer.hikari.pool.HikariPool$HouseKeeper.run(HikariPool.java:788) - data-pool- - Thread starvation or clock leap detected (housekeeper delta=1m13s755ms555µs700ns).
[09:12:22:668] [WARN] - com.zaxxer.hikari.pool.HikariPool$HouseKeeper.run(HikariPool.java:788) - data-pool- - Thread starvation or clock leap detected (housekeeper delta=1m6s700ms82µs599ns).
[09:12:57:294] [WARN] - com.zaxxer.hikari.pool.HikariPool$HouseKeeper.run(HikariPool.java:788) - data-pool- - Thread starvation or clock leap detected (housekeeper delta=47s622ms245µs401ns).
[09:14:30:548] [WARN] - com.zaxxer.hikari.pool.HikariPool$HouseKeeper.run(HikariPool.java:788) - data-pool- - Thread starvation or clock leap detected (housekeeper delta=1m33s254ms499µs999ns).
[09:17:57:074] [WARN] - com.zaxxer.hikari.pool.PoolBase.isConnectionAlive(PoolBase.java:184) - data-pool- - Failed to validate connection org.mariadb.jdbc.Connection@a973987 ((conn=17882) Connection.setNetworkTimeout cannot be called on a closed connection). Possibly consider using a shorter maxLifetime value.
[09:17:57:075] [WARN] - com.zaxxer.hikari.pool.PoolBase.isConnectionAlive(PoolBase.java:184) - data-pool- - Failed to validate connection org.mariadb.jdbc.Connection@443d02a4 ((conn=17890) Connection.setNetworkTimeout cannot be called on a closed connection). Possibly consider using a shorter maxLifetime value.
[09:18:32:627] [WARN] - com.zaxxer.hikari.pool.HikariPool$HouseKeeper.run(HikariPool.java:788) - data-pool- - Thread starvation or clock leap detected (housekeeper delta=4m2s79ms243µs300ns).
[09:21:26:140] [WARN] - com.zaxxer.hikari.pool.HikariPool$HouseKeeper.run(HikariPool.java:788) - data-pool- - Thread starvation or clock leap detected (housekeeper delta=2m47s100ms730µs101ns).
[09:22:03:287] [ERROR] - my.utils.loggerUtils.error(loggerUtils.java:34) - 下达战斗指令时错误
[09:25:33:544] [WARN] - com.zaxxer.hikari.pool.PoolBase.isConnectionAlive(PoolBase.java:184) - data-pool- - Failed to validate connection org.mariadb.jdbc.Connection@65ff9054 ((conn=17895) Connection.setNetworkTimeout cannot be called on a closed connection). Possibly consider using a shorter maxLifetime value.
[09:25:49:088] [WARN] - com.zaxxer.hikari.pool.PoolBase.isConnectionAlive(PoolBase.java:184) - data-pool- - Failed to validate connection org.mariadb.jdbc.Connection@1ed506ec ((conn=17893) Connection.setNetworkTimeout cannot be called on a closed connection). Possibly consider using a shorter maxLifetime value.
[09:25:49:088] [WARN] - com.zaxxer.hikari.pool.PoolBase.isConnectionAlive(PoolBase.java:184) - data-pool- - Failed to validate connection org.mariadb.jdbc.Connection@61981783 ((conn=17897) Connection.setNetworkTimeout cannot be called on a closed connection). Possibly consider using a shorter maxLifetime value.
[09:25:49:088] [WARN] - com.zaxxer.hikari.pool.HikariPool$HouseKeeper.run(HikariPool.java:788) - data-pool- - Thread starvation or clock leap detected (housekeeper delta=1m39s342ms836µs800ns).
[09:27:15:968] [WARN] - com.zaxxer.hikari.pool.HikariPool$HouseKeeper.run(HikariPool.java:788) - data-pool- - Thread starvation or clock leap detected (housekeeper delta=1m26s879ms26µs200ns).
[09:46:09:142] [WARN] - com.zaxxer.hikari.pool.HikariPool$HouseKeeper.run(HikariPool.java:788) - data-pool- - Thread starvation or clock leap detected (housekeeper delta=1m7s441ms999µs700ns).
[09:46:16:678] [INFO] - my.utils.loggerUtils.info(loggerUtils.java:18) - 加载version文件完成！
[09:46:16:711] [INFO] - my.utils.loggerUtils.info(loggerUtils.java:18) - 加载nmb.apk完成！
[09:46:16:765] [INFO] - my.utils.loggerUtils.info(loggerUtils.java:18) - 实例化服务完成！
[09:46:16:956] [WARN] - com.zaxxer.hikari.HikariConfig.validateNumerics(HikariConfig.java:1084) - data-pool- - idleTimeout is close to or more than maxLifetime, disabling it.
[09:46:16:959] [INFO] - com.zaxxer.hikari.HikariDataSource.<init>(HikariDataSource.java:80) - data-pool- - Starting...
[09:46:17:050] [INFO] - com.zaxxer.hikari.HikariDataSource.<init>(HikariDataSource.java:82) - data-pool- - Start completed.
[09:46:17:467] [INFO] - my.utils.loggerUtils.info(loggerUtils.java:18) - 定时任务启动完成！
[09:46:18:304] [INFO] - my.utils.loggerUtils.info(loggerUtils.java:18) - 服务已经启动/9667
[09:49:47:480] [WARN] - com.zaxxer.hikari.pool.PoolBase.isConnectionAlive(PoolBase.java:184) - data-pool- - Failed to validate connection org.mariadb.jdbc.Connection@2b588e35 ((conn=17919) Connection.setNetworkTimeout cannot be called on a closed connection). Possibly consider using a shorter maxLifetime value.
[09:50:43:281] [INFO] - my.utils.loggerUtils.info(loggerUtils.java:18) - 加载version文件完成！
[09:50:43:388] [INFO] - my.utils.loggerUtils.info(loggerUtils.java:18) - 加载nmb.apk完成！
[09:50:43:491] [INFO] - my.utils.loggerUtils.info(loggerUtils.java:18) - 实例化服务完成！
[09:50:43:936] [WARN] - com.zaxxer.hikari.HikariConfig.validateNumerics(HikariConfig.java:1084) - data-pool- - idleTimeout is close to or more than maxLifetime, disabling it.
[09:50:43:940] [INFO] - com.zaxxer.hikari.HikariDataSource.<init>(HikariDataSource.java:80) - data-pool- - Starting...
[09:50:44:132] [INFO] - com.zaxxer.hikari.HikariDataSource.<init>(HikariDataSource.java:82) - data-pool- - Start completed.
[09:50:44:873] [INFO] - my.utils.loggerUtils.info(loggerUtils.java:18) - 定时任务启动完成！
[09:50:46:246] [INFO] - my.utils.loggerUtils.info(loggerUtils.java:18) - 服务已经启动/9667
[09:52:54:044] [WARN] - com.zaxxer.hikari.pool.PoolBase.isConnectionAlive(PoolBase.java:184) - data-pool- - Failed to validate connection org.mariadb.jdbc.Connection@2be9cd6a ((conn=17928) Connection.setNetworkTimeout cannot be called on a closed connection). Possibly consider using a shorter maxLifetime value.
[09:53:41:418] [INFO] - my.utils.loggerUtils.info(loggerUtils.java:18) - 加载version文件完成！
[09:53:41:483] [INFO] - my.utils.loggerUtils.info(loggerUtils.java:18) - 加载nmb.apk完成！
[09:53:41:574] [INFO] - my.utils.loggerUtils.info(loggerUtils.java:18) - 实例化服务完成！
[09:53:41:923] [WARN] - com.zaxxer.hikari.HikariConfig.validateNumerics(HikariConfig.java:1084) - data-pool- - idleTimeout is close to or more than maxLifetime, disabling it.
[09:53:41:928] [INFO] - com.zaxxer.hikari.HikariDataSource.<init>(HikariDataSource.java:80) - data-pool- - Starting...
[09:53:42:123] [INFO] - com.zaxxer.hikari.HikariDataSource.<init>(HikariDataSource.java:82) - data-pool- - Start completed.
[09:53:42:870] [INFO] - my.utils.loggerUtils.info(loggerUtils.java:18) - 定时任务启动完成！
[09:53:44:537] [INFO] - my.utils.loggerUtils.info(loggerUtils.java:18) - 服务已经启动/9667
[10:00:30:339] [WARN] - com.zaxxer.hikari.pool.PoolBase.isConnectionAlive(PoolBase.java:184) - data-pool- - Failed to validate connection org.mariadb.jdbc.Connection@3289512c ((conn=17940) Connection.setNetworkTimeout cannot be called on a closed connection). Possibly consider using a shorter maxLifetime value.
[10:00:30:342] [WARN] - com.zaxxer.hikari.pool.PoolBase.isConnectionAlive(PoolBase.java:184) - data-pool- - Failed to validate connection org.mariadb.jdbc.Connection@48584598 ((conn=17941) Connection.setNetworkTimeout cannot be called on a closed connection). Possibly consider using a shorter maxLifetime value.
[10:00:30:336] [WARN] - com.zaxxer.hikari.pool.HikariPool$HouseKeeper.run(HikariPool.java:788) - data-pool- - Thread starvation or clock leap detected (housekeeper delta=3m16s976ms703µs600ns).
[10:00:30:343] [WARN] - com.zaxxer.hikari.pool.PoolBase.isConnectionAlive(PoolBase.java:184) - data-pool- - Failed to validate connection org.mariadb.jdbc.Connection@3c4eb90d ((conn=17942) Connection.setNetworkTimeout cannot be called on a closed connection). Possibly consider using a shorter maxLifetime value.
[10:00:30:339] [WARN] - com.zaxxer.hikari.pool.ProxyConnection.checkException(ProxyConnection.java:182) - data-pool- - Connection org.mariadb.jdbc.Connection@1bc6e301 marked as broken because of SQLSTATE(08000), ErrorCode(-1)
java.sql.SQLNonTransientConnectionException: (conn=17939) Socket error
	at org.mariadb.jdbc.export.ExceptionFactory.createException(ExceptionFactory.java:291) ~[mariadb-java-client-3.0.6.jar:?]
	at org.mariadb.jdbc.export.ExceptionFactory.create(ExceptionFactory.java:357) ~[mariadb-java-client-3.0.6.jar:?]
	at org.mariadb.jdbc.client.impl.StandardClient.readPacket(StandardClient.java:847) ~[mariadb-java-client-3.0.6.jar:?]
	at org.mariadb.jdbc.client.impl.StandardClient.readResults(StandardClient.java:763) ~[mariadb-java-client-3.0.6.jar:?]
	at org.mariadb.jdbc.client.impl.StandardClient.readResponse(StandardClient.java:682) ~[mariadb-java-client-3.0.6.jar:?]
	at org.mariadb.jdbc.client.impl.StandardClient.execute(StandardClient.java:625) ~[mariadb-java-client-3.0.6.jar:?]
	at org.mariadb.jdbc.client.impl.StandardClient.execute(StandardClient.java:499) ~[mariadb-java-client-3.0.6.jar:?]
	at org.mariadb.jdbc.Connection.setAutoCommit(Connection.java:193) ~[mariadb-java-client-3.0.6.jar:?]
	at com.zaxxer.hikari.pool.ProxyConnection.setAutoCommit(ProxyConnection.java:414) ~[HikariCP-4.0.3.jar:?]
	at com.zaxxer.hikari.pool.HikariProxyConnection.setAutoCommit(HikariProxyConnection.java) ~[HikariCP-4.0.3.jar:?]
	at org.apache.ibatis.transaction.jdbc.JdbcTransaction.resetAutoCommit(JdbcTransaction.java:131) ~[mybatis-3.5.10.jar:3.5.10]
	at org.apache.ibatis.transaction.jdbc.JdbcTransaction.close(JdbcTransaction.java:95) ~[mybatis-3.5.10.jar:3.5.10]
	at org.apache.ibatis.executor.BaseExecutor.close(BaseExecutor.java:90) ~[mybatis-3.5.10.jar:3.5.10]
	at org.apache.ibatis.executor.CachingExecutor.close(CachingExecutor.java:64) ~[mybatis-3.5.10.jar:3.5.10]
	at org.apache.ibatis.session.defaults.DefaultSqlSession.close(DefaultSqlSession.java:260) ~[mybatis-3.5.10.jar:3.5.10]
	at my.db.mybatisConfig.close(mybatisConfig.java:120) ~[classes/:?]
	at my.service.zslService.clear(zslService.java:84) ~[classes/:?]
	at my.service.activityService.lambda$getActivity$26(activityService.java:524) ~[classes/:?]
	at my.service.activityService.lambda$commonDelayAc$37(activityService.java:653) ~[classes/:?]
	at my.service.activityService.lambda$null$2(activityService.java:266) ~[classes/:?]
	at io.netty.util.concurrent.AbstractEventExecutor.runTask$$$capture(AbstractEventExecutor.java:174) ~[netty-common-4.1.79.Final.jar:4.1.79.Final]
	at io.netty.util.concurrent.AbstractEventExecutor.runTask(AbstractEventExecutor.java) ~[netty-common-4.1.79.Final.jar:4.1.79.Final]
	at io.netty.util.concurrent.AbstractEventExecutor.safeExecute$$$capture(AbstractEventExecutor.java:167) ~[netty-common-4.1.79.Final.jar:4.1.79.Final]
	at io.netty.util.concurrent.AbstractEventExecutor.safeExecute(AbstractEventExecutor.java) ~[netty-common-4.1.79.Final.jar:4.1.79.Final]
	at io.netty.util.concurrent.SingleThreadEventExecutor.runAllTasks(SingleThreadEventExecutor.java:470) ~[netty-common-4.1.79.Final.jar:4.1.79.Final]
	at io.netty.channel.nio.NioEventLoop.run(NioEventLoop.java:503) ~[netty-transport-4.1.79.Final.jar:4.1.79.Final]
	at io.netty.util.concurrent.SingleThreadEventExecutor$4.run(SingleThreadEventExecutor.java:997) ~[netty-common-4.1.79.Final.jar:4.1.79.Final]
	at io.netty.util.internal.ThreadExecutorMap$2.run(ThreadExecutorMap.java:74) ~[netty-common-4.1.79.Final.jar:4.1.79.Final]
	at io.netty.util.concurrent.FastThreadLocalRunnable.run(FastThreadLocalRunnable.java:30) ~[netty-common-4.1.79.Final.jar:4.1.79.Final]
	at java.lang.Thread.run(Thread.java:748) ~[?:1.8.0_192]
Caused by: java.net.SocketException: Software caused connection abort: recv failed
	at java.net.SocketInputStream.socketRead0(Native Method) ~[?:1.8.0_192]
	at java.net.SocketInputStream.socketRead(SocketInputStream.java:116) ~[?:1.8.0_192]
	at java.net.SocketInputStream.read(SocketInputStream.java:171) ~[?:1.8.0_192]
	at java.net.SocketInputStream.read(SocketInputStream.java:141) ~[?:1.8.0_192]
	at java.io.FilterInputStream.read(FilterInputStream.java:133) ~[?:1.8.0_192]
	at org.mariadb.jdbc.client.socket.impl.ReadAheadBufferedStream.fillingBuffer(ReadAheadBufferedStream.java:93) ~[mariadb-java-client-3.0.6.jar:?]
	at org.mariadb.jdbc.client.socket.impl.ReadAheadBufferedStream.read(ReadAheadBufferedStream.java:66) ~[mariadb-java-client-3.0.6.jar:?]
	at org.mariadb.jdbc.client.socket.impl.PacketReader.readPacket(PacketReader.java:76) ~[mariadb-java-client-3.0.6.jar:?]
	at org.mariadb.jdbc.message.ClientMessage.readPacket(ClientMessage.java:118) ~[mariadb-java-client-3.0.6.jar:?]
	at org.mariadb.jdbc.client.impl.StandardClient.readPacket(StandardClient.java:824) ~[mariadb-java-client-3.0.6.jar:?]
	... 27 more
[10:00:38:995] [INFO] - my.utils.loggerUtils.info(loggerUtils.java:18) - 加载version文件完成！
[10:00:39:037] [INFO] - my.utils.loggerUtils.info(loggerUtils.java:18) - 加载nmb.apk完成！
[10:00:39:109] [INFO] - my.utils.loggerUtils.info(loggerUtils.java:18) - 实例化服务完成！
[10:00:39:301] [WARN] - com.zaxxer.hikari.HikariConfig.validateNumerics(HikariConfig.java:1084) - data-pool- - idleTimeout is close to or more than maxLifetime, disabling it.
[10:00:39:302] [INFO] - com.zaxxer.hikari.HikariDataSource.<init>(HikariDataSource.java:80) - data-pool- - Starting...
[10:00:39:399] [INFO] - com.zaxxer.hikari.HikariDataSource.<init>(HikariDataSource.java:82) - data-pool- - Start completed.
[10:00:39:853] [INFO] - my.utils.loggerUtils.info(loggerUtils.java:18) - 定时任务启动完成！
[10:00:40:655] [INFO] - my.utils.loggerUtils.info(loggerUtils.java:18) - 服务已经启动/9667
[10:01:44:809] [WARN] - com.zaxxer.hikari.pool.HikariPool$HouseKeeper.run(HikariPool.java:788) - data-pool- - Thread starvation or clock leap detected (housekeeper delta=1m5s295ms987µs200ns).
[10:01:48:635] [INFO] - my.utils.loggerUtils.info(loggerUtils.java:18) - 加载version文件完成！
[10:01:48:669] [INFO] - my.utils.loggerUtils.info(loggerUtils.java:18) - 加载nmb.apk完成！
[10:01:48:723] [INFO] - my.utils.loggerUtils.info(loggerUtils.java:18) - 实例化服务完成！
[10:01:48:885] [WARN] - com.zaxxer.hikari.HikariConfig.validateNumerics(HikariConfig.java:1084) - data-pool- - idleTimeout is close to or more than maxLifetime, disabling it.
[10:01:48:886] [INFO] - com.zaxxer.hikari.HikariDataSource.<init>(HikariDataSource.java:80) - data-pool- - Starting...
[10:01:48:960] [INFO] - com.zaxxer.hikari.HikariDataSource.<init>(HikariDataSource.java:82) - data-pool- - Start completed.
[10:01:49:271] [INFO] - my.utils.loggerUtils.info(loggerUtils.java:18) - 定时任务启动完成！
[10:01:49:886] [INFO] - my.utils.loggerUtils.info(loggerUtils.java:18) - 服务已经启动/9667
[10:01:59:286] [WARN] - org.mariadb.jdbc.util.log.Slf4JLogger.warn(Slf4JLogger.java:100) - Error: 1064-42000: You have an error in your SQL syntax; check the manual that corresponds to your MySQL server version for the right syntax to use near '==t2.Id' at line 2
[10:04:09:281] [WARN] - com.zaxxer.hikari.pool.PoolBase.isConnectionAlive(PoolBase.java:184) - data-pool- - Failed to validate connection org.mariadb.jdbc.Connection@2a30b956 ((conn=17955) Connection.setNetworkTimeout cannot be called on a closed connection). Possibly consider using a shorter maxLifetime value.
[10:05:03:283] [INFO] - my.utils.loggerUtils.info(loggerUtils.java:18) - 加载version文件完成！
[10:05:03:309] [INFO] - my.utils.loggerUtils.info(loggerUtils.java:18) - 加载nmb.apk完成！
[10:05:03:347] [INFO] - my.utils.loggerUtils.info(loggerUtils.java:18) - 实例化服务完成！
[10:05:03:477] [WARN] - com.zaxxer.hikari.HikariConfig.validateNumerics(HikariConfig.java:1084) - data-pool- - idleTimeout is close to or more than maxLifetime, disabling it.
[10:05:03:478] [INFO] - com.zaxxer.hikari.HikariDataSource.<init>(HikariDataSource.java:80) - data-pool- - Starting...
[10:05:03:536] [INFO] - com.zaxxer.hikari.HikariDataSource.<init>(HikariDataSource.java:82) - data-pool- - Start completed.
[10:05:03:823] [INFO] - my.utils.loggerUtils.info(loggerUtils.java:18) - 定时任务启动完成！
[10:05:04:379] [INFO] - my.utils.loggerUtils.info(loggerUtils.java:18) - 服务已经启动/9667
[10:05:20:508] [INFO] - my.utils.loggerUtils.info(loggerUtils.java:18) - 加载version文件完成！
[10:05:20:558] [INFO] - my.utils.loggerUtils.info(loggerUtils.java:18) - 加载nmb.apk完成！
[10:05:20:607] [INFO] - my.utils.loggerUtils.info(loggerUtils.java:18) - 实例化服务完成！
[10:05:20:857] [WARN] - com.zaxxer.hikari.HikariConfig.validateNumerics(HikariConfig.java:1084) - data-pool- - idleTimeout is close to or more than maxLifetime, disabling it.
[10:05:20:859] [INFO] - com.zaxxer.hikari.HikariDataSource.<init>(HikariDataSource.java:80) - data-pool- - Starting...
[10:05:20:946] [INFO] - com.zaxxer.hikari.HikariDataSource.<init>(HikariDataSource.java:82) - data-pool- - Start completed.
[10:05:21:269] [INFO] - my.utils.loggerUtils.info(loggerUtils.java:18) - 定时任务启动完成！
[10:05:21:869] [INFO] - my.utils.loggerUtils.info(loggerUtils.java:18) - 服务已经启动/9667
[10:07:55:489] [WARN] - com.zaxxer.hikari.pool.PoolBase.isConnectionAlive(PoolBase.java:184) - data-pool- - Failed to validate connection org.mariadb.jdbc.Connection@4f2aeee8 ((conn=17971) Connection.setNetworkTimeout cannot be called on a closed connection). Possibly consider using a shorter maxLifetime value.
[10:10:25:593] [WARN] - com.zaxxer.hikari.pool.HikariPool$HouseKeeper.run(HikariPool.java:788) - data-pool- - Thread starvation or clock leap detected (housekeeper delta=2m34s499ms207µs500ns).
[10:10:25:598] [WARN] - com.zaxxer.hikari.pool.PoolBase.isConnectionAlive(PoolBase.java:184) - data-pool- - Failed to validate connection org.mariadb.jdbc.Connection@7767d034 ((conn=17975) Connection.setNetworkTimeout cannot be called on a closed connection). Possibly consider using a shorter maxLifetime value.
[10:10:25:598] [WARN] - com.zaxxer.hikari.pool.PoolBase.isConnectionAlive(PoolBase.java:184) - data-pool- - Failed to validate connection org.mariadb.jdbc.Connection@301d158d ((conn=17974) Connection.setNetworkTimeout cannot be called on a closed connection). Possibly consider using a shorter maxLifetime value.
[10:11:34:863] [INFO] - my.utils.loggerUtils.info(loggerUtils.java:18) - 加载version文件完成！
[10:11:34:931] [INFO] - my.utils.loggerUtils.info(loggerUtils.java:18) - 加载nmb.apk完成！
[10:11:35:030] [INFO] - my.utils.loggerUtils.info(loggerUtils.java:18) - 实例化服务完成！
[10:11:35:388] [WARN] - com.zaxxer.hikari.HikariConfig.validateNumerics(HikariConfig.java:1084) - data-pool- - idleTimeout is close to or more than maxLifetime, disabling it.
[10:11:35:392] [INFO] - com.zaxxer.hikari.HikariDataSource.<init>(HikariDataSource.java:80) - data-pool- - Starting...
[10:11:35:575] [INFO] - com.zaxxer.hikari.HikariDataSource.<init>(HikariDataSource.java:82) - data-pool- - Start completed.
[10:11:36:323] [INFO] - my.utils.loggerUtils.info(loggerUtils.java:18) - 定时任务启动完成！
[10:11:37:849] [INFO] - my.utils.loggerUtils.info(loggerUtils.java:18) - 服务已经启动/9667
[10:17:12:946] [WARN] - com.zaxxer.hikari.pool.HikariPool$HouseKeeper.run(HikariPool.java:788) - data-pool- - Thread starvation or clock leap detected (housekeeper delta=4m37s256ms780µs200ns).
[10:17:12:947] [INFO] - my.utils.loggerUtils.info(loggerUtils.java:18) - 验签失败[时间失效]：[241459]
[10:17:12:947] [WARN] - com.zaxxer.hikari.pool.PoolBase.isConnectionAlive(PoolBase.java:184) - data-pool- - Failed to validate connection org.mariadb.jdbc.Connection@1b518d1e ((conn=17993) Connection.setNetworkTimeout cannot be called on a closed connection). Possibly consider using a shorter maxLifetime value.
[10:17:12:947] [WARN] - com.zaxxer.hikari.pool.PoolBase.isConnectionAlive(PoolBase.java:184) - data-pool- - Failed to validate connection org.mariadb.jdbc.Connection@7f010679 ((conn=17991) Connection.setNetworkTimeout cannot be called on a closed connection). Possibly consider using a shorter maxLifetime value.
[10:17:12:947] [WARN] - com.zaxxer.hikari.pool.PoolBase.isConnectionAlive(PoolBase.java:184) - data-pool- - Failed to validate connection org.mariadb.jdbc.Connection@31efb030 ((conn=17992) Connection.setNetworkTimeout cannot be called on a closed connection). Possibly consider using a shorter maxLifetime value.
[10:17:12:949] [WARN] - com.zaxxer.hikari.pool.PoolBase.isConnectionAlive(PoolBase.java:184) - data-pool- - Failed to validate connection org.mariadb.jdbc.Connection@5a6c8725 ((conn=17995) Connection.setNetworkTimeout cannot be called on a closed connection). Possibly consider using a shorter maxLifetime value.
[10:17:12:949] [WARN] - com.zaxxer.hikari.pool.PoolBase.isConnectionAlive(PoolBase.java:184) - data-pool- - Failed to validate connection org.mariadb.jdbc.Connection@75f96d09 ((conn=17994) Connection.setNetworkTimeout cannot be called on a closed connection). Possibly consider using a shorter maxLifetime value.
[10:17:17:023] [INFO] - my.utils.loggerUtils.info(loggerUtils.java:18) - 加载version文件完成！
[10:17:17:051] [INFO] - my.utils.loggerUtils.info(loggerUtils.java:18) - 加载nmb.apk完成！
[10:17:17:089] [INFO] - my.utils.loggerUtils.info(loggerUtils.java:18) - 实例化服务完成！
[10:17:17:220] [WARN] - com.zaxxer.hikari.HikariConfig.validateNumerics(HikariConfig.java:1084) - data-pool- - idleTimeout is close to or more than maxLifetime, disabling it.
[10:17:17:221] [INFO] - com.zaxxer.hikari.HikariDataSource.<init>(HikariDataSource.java:80) - data-pool- - Starting...
[10:17:17:280] [INFO] - com.zaxxer.hikari.HikariDataSource.<init>(HikariDataSource.java:82) - data-pool- - Start completed.
[10:17:17:593] [INFO] - my.utils.loggerUtils.info(loggerUtils.java:18) - 定时任务启动完成！
[10:17:18:154] [INFO] - my.utils.loggerUtils.info(loggerUtils.java:18) - 服务已经启动/9667
[10:29:07:600] [WARN] - com.zaxxer.hikari.pool.PoolBase.isConnectionAlive(PoolBase.java:184) - data-pool- - Failed to validate connection org.mariadb.jdbc.Connection@276e189d ((conn=18017) Connection.setNetworkTimeout cannot be called on a closed connection). Possibly consider using a shorter maxLifetime value.
[10:29:07:603] [WARN] - com.zaxxer.hikari.pool.PoolBase.isConnectionAlive(PoolBase.java:184) - data-pool- - Failed to validate connection org.mariadb.jdbc.Connection@235188a8 ((conn=18019) Connection.setNetworkTimeout cannot be called on a closed connection). Possibly consider using a shorter maxLifetime value.
[10:29:07:605] [WARN] - com.zaxxer.hikari.pool.PoolBase.isConnectionAlive(PoolBase.java:184) - data-pool- - Failed to validate connection org.mariadb.jdbc.Connection@665312a6 ((conn=18020) Connection.setNetworkTimeout cannot be called on a closed connection). Possibly consider using a shorter maxLifetime value.
[10:36:37:756] [WARN] - com.zaxxer.hikari.pool.HikariPool$HouseKeeper.run(HikariPool.java:788) - data-pool- - Thread starvation or clock leap detected (housekeeper delta=1m20s17ms649µs599ns).
[10:41:00:850] [INFO] - my.utils.loggerUtils.info(loggerUtils.java:18) - 加载version文件完成！
[10:41:00:917] [INFO] - my.utils.loggerUtils.info(loggerUtils.java:18) - 加载nmb.apk完成！
[10:41:01:014] [INFO] - my.utils.loggerUtils.info(loggerUtils.java:18) - 实例化服务完成！
[10:41:01:348] [WARN] - com.zaxxer.hikari.HikariConfig.validateNumerics(HikariConfig.java:1084) - data-pool- - idleTimeout is close to or more than maxLifetime, disabling it.
[10:41:01:351] [INFO] - com.zaxxer.hikari.HikariDataSource.<init>(HikariDataSource.java:80) - data-pool- - Starting...
[10:41:01:521] [INFO] - com.zaxxer.hikari.HikariDataSource.<init>(HikariDataSource.java:82) - data-pool- - Start completed.
[10:41:02:261] [INFO] - my.utils.loggerUtils.info(loggerUtils.java:18) - 定时任务启动完成！
[10:41:03:771] [INFO] - my.utils.loggerUtils.info(loggerUtils.java:18) - 服务已经启动/9667
[10:42:10:842] [INFO] - my.utils.loggerUtils.info(loggerUtils.java:18) - 验签失败[时间失效]：[19211]
[10:42:36:542] [INFO] - my.utils.loggerUtils.info(loggerUtils.java:18) - 加载version文件完成！
[10:42:36:586] [INFO] - my.utils.loggerUtils.info(loggerUtils.java:18) - 加载nmb.apk完成！
[10:42:36:654] [INFO] - my.utils.loggerUtils.info(loggerUtils.java:18) - 实例化服务完成！
[10:42:36:886] [WARN] - com.zaxxer.hikari.HikariConfig.validateNumerics(HikariConfig.java:1084) - data-pool- - idleTimeout is close to or more than maxLifetime, disabling it.
[10:42:36:888] [INFO] - com.zaxxer.hikari.HikariDataSource.<init>(HikariDataSource.java:80) - data-pool- - Starting...
[10:42:37:000] [INFO] - com.zaxxer.hikari.HikariDataSource.<init>(HikariDataSource.java:82) - data-pool- - Start completed.
[10:42:37:517] [INFO] - my.utils.loggerUtils.info(loggerUtils.java:18) - 定时任务启动完成！
[10:42:38:459] [INFO] - my.utils.loggerUtils.info(loggerUtils.java:18) - 服务已经启动/9667
[10:46:07:524] [WARN] - com.zaxxer.hikari.pool.PoolBase.isConnectionAlive(PoolBase.java:184) - data-pool- - Failed to validate connection org.mariadb.jdbc.Connection@416aece3 ((conn=18064) Connection.setNetworkTimeout cannot be called on a closed connection). Possibly consider using a shorter maxLifetime value.
[10:48:37:383] [INFO] - my.utils.loggerUtils.info(loggerUtils.java:18) - 加载version文件完成！
[10:48:37:451] [INFO] - my.utils.loggerUtils.info(loggerUtils.java:18) - 加载nmb.apk完成！
[10:48:37:554] [INFO] - my.utils.loggerUtils.info(loggerUtils.java:18) - 实例化服务完成！
[10:48:37:913] [WARN] - com.zaxxer.hikari.HikariConfig.validateNumerics(HikariConfig.java:1084) - data-pool- - idleTimeout is close to or more than maxLifetime, disabling it.
[10:48:37:917] [INFO] - com.zaxxer.hikari.HikariDataSource.<init>(HikariDataSource.java:80) - data-pool- - Starting...
[10:48:38:084] [INFO] - com.zaxxer.hikari.HikariDataSource.<init>(HikariDataSource.java:82) - data-pool- - Start completed.
[10:48:38:764] [INFO] - my.utils.loggerUtils.info(loggerUtils.java:18) - 定时任务启动完成！
[10:48:40:068] [INFO] - my.utils.loggerUtils.info(loggerUtils.java:18) - 服务已经启动/9667
[10:52:18:768] [WARN] - com.zaxxer.hikari.pool.PoolBase.isConnectionAlive(PoolBase.java:184) - data-pool- - Failed to validate connection org.mariadb.jdbc.Connection@3f43d60b ((conn=18076) Connection.setNetworkTimeout cannot be called on a closed connection). Possibly consider using a shorter maxLifetime value.
[10:54:38:772] [WARN] - com.zaxxer.hikari.pool.PoolBase.isConnectionAlive(PoolBase.java:184) - data-pool- - Failed to validate connection org.mariadb.jdbc.Connection@79027d71 ((conn=18081) Connection.setNetworkTimeout cannot be called on a closed connection). Possibly consider using a shorter maxLifetime value.
[11:03:48:766] [WARN] - com.zaxxer.hikari.pool.PoolBase.isConnectionAlive(PoolBase.java:184) - data-pool- - Failed to validate connection org.mariadb.jdbc.Connection@4a6a226c ((conn=18097) Connection.setNetworkTimeout cannot be called on a closed connection). Possibly consider using a shorter maxLifetime value.
[11:06:28:769] [WARN] - com.zaxxer.hikari.pool.PoolBase.isConnectionAlive(PoolBase.java:184) - data-pool- - Failed to validate connection org.mariadb.jdbc.Connection@182f2cba ((conn=18101) Connection.setNetworkTimeout cannot be called on a closed connection). Possibly consider using a shorter maxLifetime value.
[11:06:28:773] [WARN] - com.zaxxer.hikari.pool.PoolBase.isConnectionAlive(PoolBase.java:184) - data-pool- - Failed to validate connection org.mariadb.jdbc.Connection@5d2db1db ((conn=18102) Connection.setNetworkTimeout cannot be called on a closed connection). Possibly consider using a shorter maxLifetime value.
[11:08:38:769] [WARN] - com.zaxxer.hikari.pool.PoolBase.isConnectionAlive(PoolBase.java:184) - data-pool- - Failed to validate connection org.mariadb.jdbc.Connection@7ec82cef ((conn=18104) Connection.setNetworkTimeout cannot be called on a closed connection). Possibly consider using a shorter maxLifetime value.
[11:08:38:771] [WARN] - com.zaxxer.hikari.pool.PoolBase.isConnectionAlive(PoolBase.java:184) - data-pool- - Failed to validate connection org.mariadb.jdbc.Connection@4d30190b ((conn=18105) Connection.setNetworkTimeout cannot be called on a closed connection). Possibly consider using a shorter maxLifetime value.
[11:54:57:728] [INFO] - my.utils.loggerUtils.info(loggerUtils.java:18) - 加载version文件完成！
[11:54:57:750] [INFO] - my.utils.loggerUtils.info(loggerUtils.java:18) - 加载nmb.apk完成！
[11:54:57:784] [INFO] - my.utils.loggerUtils.info(loggerUtils.java:18) - 实例化服务完成！
[11:54:57:916] [WARN] - com.zaxxer.hikari.HikariConfig.validateNumerics(HikariConfig.java:1084) - data-pool- - idleTimeout is close to or more than maxLifetime, disabling it.
[11:54:57:916] [INFO] - com.zaxxer.hikari.HikariDataSource.<init>(HikariDataSource.java:80) - data-pool- - Starting...
[11:54:57:972] [INFO] - com.zaxxer.hikari.HikariDataSource.<init>(HikariDataSource.java:82) - data-pool- - Start completed.
[11:54:58:230] [INFO] - my.utils.loggerUtils.info(loggerUtils.java:18) - 定时任务启动完成！
[11:54:58:746] [INFO] - my.utils.loggerUtils.info(loggerUtils.java:18) - 服务已经启动/9667
[12:09:08:248] [WARN] - com.zaxxer.hikari.pool.PoolBase.isConnectionAlive(PoolBase.java:184) - data-pool- - Failed to validate connection org.mariadb.jdbc.Connection@57219597 ((conn=18151) Connection.setNetworkTimeout cannot be called on a closed connection). Possibly consider using a shorter maxLifetime value.
[12:09:08:251] [WARN] - com.zaxxer.hikari.pool.PoolBase.isConnectionAlive(PoolBase.java:184) - data-pool- - Failed to validate connection org.mariadb.jdbc.Connection@5dd9fee7 ((conn=18152) Connection.setNetworkTimeout cannot be called on a closed connection). Possibly consider using a shorter maxLifetime value.
[12:09:08:252] [WARN] - com.zaxxer.hikari.pool.PoolBase.isConnectionAlive(PoolBase.java:184) - data-pool- - Failed to validate connection org.mariadb.jdbc.Connection@18db7b38 ((conn=18153) Connection.setNetworkTimeout cannot be called on a closed connection). Possibly consider using a shorter maxLifetime value.
[12:09:08:258] [WARN] - com.zaxxer.hikari.pool.PoolBase.isConnectionAlive(PoolBase.java:184) - data-pool- - Failed to validate connection org.mariadb.jdbc.Connection@438dd899 ((conn=18154) Connection.setNetworkTimeout cannot be called on a closed connection). Possibly consider using a shorter maxLifetime value.
[12:14:58:244] [WARN] - com.zaxxer.hikari.pool.PoolBase.isConnectionAlive(PoolBase.java:184) - data-pool- - Failed to validate connection org.mariadb.jdbc.Connection@49bb7721 ((conn=18172) Connection.setNetworkTimeout cannot be called on a closed connection). Possibly consider using a shorter maxLifetime value.
[12:20:28:239] [WARN] - com.zaxxer.hikari.pool.PoolBase.isConnectionAlive(PoolBase.java:184) - data-pool- - Failed to validate connection org.mariadb.jdbc.Connection@2482f2b6 ((conn=18181) Connection.setNetworkTimeout cannot be called on a closed connection). Possibly consider using a shorter maxLifetime value.
[12:20:28:241] [WARN] - com.zaxxer.hikari.pool.PoolBase.isConnectionAlive(PoolBase.java:184) - data-pool- - Failed to validate connection org.mariadb.jdbc.Connection@66093cba ((conn=18182) Connection.setNetworkTimeout cannot be called on a closed connection). Possibly consider using a shorter maxLifetime value.
[12:20:28:243] [WARN] - com.zaxxer.hikari.pool.PoolBase.isConnectionAlive(PoolBase.java:184) - data-pool- - Failed to validate connection org.mariadb.jdbc.Connection@7628b2ff ((conn=18183) Connection.setNetworkTimeout cannot be called on a closed connection). Possibly consider using a shorter maxLifetime value.
[12:20:28:244] [WARN] - com.zaxxer.hikari.pool.PoolBase.isConnectionAlive(PoolBase.java:184) - data-pool- - Failed to validate connection org.mariadb.jdbc.Connection@5ce8d4d4 ((conn=18184) Connection.setNetworkTimeout cannot be called on a closed connection). Possibly consider using a shorter maxLifetime value.
[12:23:26:481] [WARN] - com.zaxxer.hikari.pool.PoolBase.isConnectionAlive(PoolBase.java:184) - data-pool- - Failed to validate connection org.mariadb.jdbc.Connection@b8e8b0a ((conn=18186) Connection.setNetworkTimeout cannot be called on a closed connection). Possibly consider using a shorter maxLifetime value.
[12:26:38:238] [WARN] - com.zaxxer.hikari.pool.PoolBase.isConnectionAlive(PoolBase.java:184) - data-pool- - Failed to validate connection org.mariadb.jdbc.Connection@64170f3c ((conn=18195) Connection.setNetworkTimeout cannot be called on a closed connection). Possibly consider using a shorter maxLifetime value.
[12:29:28:236] [WARN] - com.zaxxer.hikari.pool.PoolBase.isConnectionAlive(PoolBase.java:184) - data-pool- - Failed to validate connection org.mariadb.jdbc.Connection@4ca050e4 ((conn=18200) Connection.setNetworkTimeout cannot be called on a closed connection). Possibly consider using a shorter maxLifetime value.
[12:38:18:235] [WARN] - com.zaxxer.hikari.pool.PoolBase.isConnectionAlive(PoolBase.java:184) - data-pool- - Failed to validate connection org.mariadb.jdbc.Connection@69144f91 ((conn=18215) Connection.setNetworkTimeout cannot be called on a closed connection). Possibly consider using a shorter maxLifetime value.
[12:44:08:238] [WARN] - com.zaxxer.hikari.pool.PoolBase.isConnectionAlive(PoolBase.java:184) - data-pool- - Failed to validate connection org.mariadb.jdbc.Connection@788c5c18 ((conn=18233) Connection.setNetworkTimeout cannot be called on a closed connection). Possibly consider using a shorter maxLifetime value.
[12:44:08:239] [WARN] - com.zaxxer.hikari.pool.PoolBase.isConnectionAlive(PoolBase.java:184) - data-pool- - Failed to validate connection org.mariadb.jdbc.Connection@764bad79 ((conn=18234) Connection.setNetworkTimeout cannot be called on a closed connection). Possibly consider using a shorter maxLifetime value.
[12:44:08:240] [WARN] - com.zaxxer.hikari.pool.PoolBase.isConnectionAlive(PoolBase.java:184) - data-pool- - Failed to validate connection org.mariadb.jdbc.Connection@72743768 ((conn=18235) Connection.setNetworkTimeout cannot be called on a closed connection). Possibly consider using a shorter maxLifetime value.
[12:49:58:237] [WARN] - com.zaxxer.hikari.pool.PoolBase.isConnectionAlive(PoolBase.java:184) - data-pool- - Failed to validate connection org.mariadb.jdbc.Connection@e847e96 ((conn=18242) Connection.setNetworkTimeout cannot be called on a closed connection). Possibly consider using a shorter maxLifetime value.
[12:52:58:241] [WARN] - com.zaxxer.hikari.pool.PoolBase.isConnectionAlive(PoolBase.java:184) - data-pool- - Failed to validate connection org.mariadb.jdbc.Connection@561fecb9 ((conn=18247) Connection.setNetworkTimeout cannot be called on a closed connection). Possibly consider using a shorter maxLifetime value.
[12:52:58:243] [WARN] - com.zaxxer.hikari.pool.PoolBase.isConnectionAlive(PoolBase.java:184) - data-pool- - Failed to validate connection org.mariadb.jdbc.Connection@131d781e ((conn=18248) Connection.setNetworkTimeout cannot be called on a closed connection). Possibly consider using a shorter maxLifetime value.
[12:52:58:243] [WARN] - com.zaxxer.hikari.pool.PoolBase.isConnectionAlive(PoolBase.java:184) - data-pool- - Failed to validate connection org.mariadb.jdbc.Connection@73a47c7b ((conn=18249) Connection.setNetworkTimeout cannot be called on a closed connection). Possibly consider using a shorter maxLifetime value.
[12:52:58:244] [WARN] - com.zaxxer.hikari.pool.PoolBase.isConnectionAlive(PoolBase.java:184) - data-pool- - Failed to validate connection org.mariadb.jdbc.Connection@22c48970 ((conn=18250) Connection.setNetworkTimeout cannot be called on a closed connection). Possibly consider using a shorter maxLifetime value.
[13:01:48:239] [WARN] - com.zaxxer.hikari.pool.PoolBase.isConnectionAlive(PoolBase.java:184) - data-pool- - Failed to validate connection org.mariadb.jdbc.Connection@4b9afb28 ((conn=18262) Connection.setNetworkTimeout cannot be called on a closed connection). Possibly consider using a shorter maxLifetime value.
[13:01:48:240] [WARN] - com.zaxxer.hikari.pool.PoolBase.isConnectionAlive(PoolBase.java:184) - data-pool- - Failed to validate connection org.mariadb.jdbc.Connection@5b2dcde4 ((conn=18263) Connection.setNetworkTimeout cannot be called on a closed connection). Possibly consider using a shorter maxLifetime value.
[13:03:58:235] [WARN] - com.zaxxer.hikari.pool.PoolBase.isConnectionAlive(PoolBase.java:184) - data-pool- - Failed to validate connection org.mariadb.jdbc.Connection@75aa5d5b ((conn=18269) Connection.setNetworkTimeout cannot be called on a closed connection). Possibly consider using a shorter maxLifetime value.
[13:03:58:237] [WARN] - com.zaxxer.hikari.pool.PoolBase.isConnectionAlive(PoolBase.java:184) - data-pool- - Failed to validate connection org.mariadb.jdbc.Connection@4495edab ((conn=18270) Connection.setNetworkTimeout cannot be called on a closed connection). Possibly consider using a shorter maxLifetime value.
[13:07:08:231] [WARN] - com.zaxxer.hikari.pool.PoolBase.isConnectionAlive(PoolBase.java:184) - data-pool- - Failed to validate connection org.mariadb.jdbc.Connection@67ad78b ((conn=18274) Connection.setNetworkTimeout cannot be called on a closed connection). Possibly consider using a shorter maxLifetime value.
[13:07:08:234] [WARN] - com.zaxxer.hikari.pool.PoolBase.isConnectionAlive(PoolBase.java:184) - data-pool- - Failed to validate connection org.mariadb.jdbc.Connection@243818dd ((conn=18275) Connection.setNetworkTimeout cannot be called on a closed connection). Possibly consider using a shorter maxLifetime value.
[13:12:08:245] [WARN] - com.zaxxer.hikari.pool.PoolBase.isConnectionAlive(PoolBase.java:184) - data-pool- - Failed to validate connection org.mariadb.jdbc.Connection@3c08e11e ((conn=18292) Connection.setNetworkTimeout cannot be called on a closed connection). Possibly consider using a shorter maxLifetime value.
[13:12:08:246] [WARN] - com.zaxxer.hikari.pool.PoolBase.isConnectionAlive(PoolBase.java:184) - data-pool- - Failed to validate connection org.mariadb.jdbc.Connection@6d6033da ((conn=18293) Connection.setNetworkTimeout cannot be called on a closed connection). Possibly consider using a shorter maxLifetime value.
[13:12:08:247] [WARN] - com.zaxxer.hikari.pool.PoolBase.isConnectionAlive(PoolBase.java:184) - data-pool- - Failed to validate connection org.mariadb.jdbc.Connection@23dde11e ((conn=18294) Connection.setNetworkTimeout cannot be called on a closed connection). Possibly consider using a shorter maxLifetime value.
[13:12:08:248] [WARN] - com.zaxxer.hikari.pool.PoolBase.isConnectionAlive(PoolBase.java:184) - data-pool- - Failed to validate connection org.mariadb.jdbc.Connection@5826f46a ((conn=18295) Connection.setNetworkTimeout cannot be called on a closed connection). Possibly consider using a shorter maxLifetime value.
[13:14:28:242] [WARN] - com.zaxxer.hikari.pool.PoolBase.isConnectionAlive(PoolBase.java:184) - data-pool- - Failed to validate connection org.mariadb.jdbc.Connection@65075f2d ((conn=18297) Connection.setNetworkTimeout cannot be called on a closed connection). Possibly consider using a shorter maxLifetime value.
[13:14:48:234] [WARN] - com.zaxxer.hikari.pool.PoolBase.isConnectionAlive(PoolBase.java:184) - data-pool- - Failed to validate connection org.mariadb.jdbc.Connection@657f2bea ((conn=18298) Connection.setNetworkTimeout cannot be called on a closed connection). Possibly consider using a shorter maxLifetime value.
[13:14:48:235] [WARN] - com.zaxxer.hikari.pool.PoolBase.isConnectionAlive(PoolBase.java:184) - data-pool- - Failed to validate connection org.mariadb.jdbc.Connection@752bbe24 ((conn=18299) Connection.setNetworkTimeout cannot be called on a closed connection). Possibly consider using a shorter maxLifetime value.
[13:14:48:239] [WARN] - com.zaxxer.hikari.pool.PoolBase.isConnectionAlive(PoolBase.java:184) - data-pool- - Failed to validate connection org.mariadb.jdbc.Connection@11178be8 ((conn=18300) Connection.setNetworkTimeout cannot be called on a closed connection). Possibly consider using a shorter maxLifetime value.
[13:16:48:243] [WARN] - com.zaxxer.hikari.pool.PoolBase.isConnectionAlive(PoolBase.java:184) - data-pool- - Failed to validate connection org.mariadb.jdbc.Connection@46435c18 ((conn=18302) Connection.setNetworkTimeout cannot be called on a closed connection). Possibly consider using a shorter maxLifetime value.
[13:20:08:242] [WARN] - com.zaxxer.hikari.pool.PoolBase.isConnectionAlive(PoolBase.java:184) - data-pool- - Failed to validate connection org.mariadb.jdbc.Connection@24afbc7 ((conn=18307) Connection.setNetworkTimeout cannot be called on a closed connection). Possibly consider using a shorter maxLifetime value.
[13:20:08:243] [WARN] - com.zaxxer.hikari.pool.PoolBase.isConnectionAlive(PoolBase.java:184) - data-pool- - Failed to validate connection org.mariadb.jdbc.Connection@4377f1fc ((conn=18308) Connection.setNetworkTimeout cannot be called on a closed connection). Possibly consider using a shorter maxLifetime value.
[13:20:08:245] [WARN] - com.zaxxer.hikari.pool.PoolBase.isConnectionAlive(PoolBase.java:184) - data-pool- - Failed to validate connection org.mariadb.jdbc.Connection@27bff190 ((conn=18309) Connection.setNetworkTimeout cannot be called on a closed connection). Possibly consider using a shorter maxLifetime value.
[13:20:08:246] [WARN] - com.zaxxer.hikari.pool.PoolBase.isConnectionAlive(PoolBase.java:184) - data-pool- - Failed to validate connection org.mariadb.jdbc.Connection@727eb263 ((conn=18310) Connection.setNetworkTimeout cannot be called on a closed connection). Possibly consider using a shorter maxLifetime value.
[13:22:48:234] [WARN] - com.zaxxer.hikari.pool.PoolBase.isConnectionAlive(PoolBase.java:184) - data-pool- - Failed to validate connection org.mariadb.jdbc.Connection@50390db4 ((conn=18312) Connection.setNetworkTimeout cannot be called on a closed connection). Possibly consider using a shorter maxLifetime value.
[13:22:48:235] [WARN] - com.zaxxer.hikari.pool.PoolBase.isConnectionAlive(PoolBase.java:184) - data-pool- - Failed to validate connection org.mariadb.jdbc.Connection@61231b93 ((conn=18313) Connection.setNetworkTimeout cannot be called on a closed connection). Possibly consider using a shorter maxLifetime value.
[13:22:48:236] [WARN] - com.zaxxer.hikari.pool.PoolBase.isConnectionAlive(PoolBase.java:184) - data-pool- - Failed to validate connection org.mariadb.jdbc.Connection@28da0ef9 ((conn=18314) Connection.setNetworkTimeout cannot be called on a closed connection). Possibly consider using a shorter maxLifetime value.
[13:22:48:237] [WARN] - com.zaxxer.hikari.pool.PoolBase.isConnectionAlive(PoolBase.java:184) - data-pool- - Failed to validate connection org.mariadb.jdbc.Connection@3016f2fb ((conn=18315) Connection.setNetworkTimeout cannot be called on a closed connection). Possibly consider using a shorter maxLifetime value.
[13:24:58:313] [WARN] - com.zaxxer.hikari.pool.PoolBase.isConnectionAlive(PoolBase.java:184) - data-pool- - Failed to validate connection org.mariadb.jdbc.Connection@3b9f8dfe ((conn=18317) Connection.setNetworkTimeout cannot be called on a closed connection). Possibly consider using a shorter maxLifetime value.
[13:27:58:243] [WARN] - com.zaxxer.hikari.pool.PoolBase.isConnectionAlive(PoolBase.java:184) - data-pool- - Failed to validate connection org.mariadb.jdbc.Connection@2c78f812 ((conn=18322) Connection.setNetworkTimeout cannot be called on a closed connection). Possibly consider using a shorter maxLifetime value.
[13:27:58:244] [WARN] - com.zaxxer.hikari.pool.PoolBase.isConnectionAlive(PoolBase.java:184) - data-pool- - Failed to validate connection org.mariadb.jdbc.Connection@1d637fd6 ((conn=18323) Connection.setNetworkTimeout cannot be called on a closed connection). Possibly consider using a shorter maxLifetime value.
[13:27:58:244] [WARN] - com.zaxxer.hikari.pool.PoolBase.isConnectionAlive(PoolBase.java:184) - data-pool- - Failed to validate connection org.mariadb.jdbc.Connection@7d005add ((conn=18324) Connection.setNetworkTimeout cannot be called on a closed connection). Possibly consider using a shorter maxLifetime value.
[13:27:58:245] [WARN] - com.zaxxer.hikari.pool.PoolBase.isConnectionAlive(PoolBase.java:184) - data-pool- - Failed to validate connection org.mariadb.jdbc.Connection@6baf38de ((conn=18325) Connection.setNetworkTimeout cannot be called on a closed connection). Possibly consider using a shorter maxLifetime value.
[13:54:38:239] [WARN] - com.zaxxer.hikari.pool.PoolBase.isConnectionAlive(PoolBase.java:184) - data-pool- - Failed to validate connection org.mariadb.jdbc.Connection@52587e7c ((conn=18379) Connection.setNetworkTimeout cannot be called on a closed connection). Possibly consider using a shorter maxLifetime value.
[13:54:38:239] [WARN] - com.zaxxer.hikari.pool.PoolBase.isConnectionAlive(PoolBase.java:184) - data-pool- - Failed to validate connection org.mariadb.jdbc.Connection@5667f0ef ((conn=18380) Connection.setNetworkTimeout cannot be called on a closed connection). Possibly consider using a shorter maxLifetime value.
[14:00:08:238] [WARN] - com.zaxxer.hikari.pool.PoolBase.isConnectionAlive(PoolBase.java:184) - data-pool- - Failed to validate connection org.mariadb.jdbc.Connection@4da396b1 ((conn=18387) Connection.setNetworkTimeout cannot be called on a closed connection). Possibly consider using a shorter maxLifetime value.
[14:00:08:240] [WARN] - com.zaxxer.hikari.pool.PoolBase.isConnectionAlive(PoolBase.java:184) - data-pool- - Failed to validate connection org.mariadb.jdbc.Connection@c9e9c8a ((conn=18388) Connection.setNetworkTimeout cannot be called on a closed connection). Possibly consider using a shorter maxLifetime value.
[14:00:08:241] [WARN] - com.zaxxer.hikari.pool.PoolBase.isConnectionAlive(PoolBase.java:184) - data-pool- - Failed to validate connection org.mariadb.jdbc.Connection@6c9fe4bc ((conn=18389) Connection.setNetworkTimeout cannot be called on a closed connection). Possibly consider using a shorter maxLifetime value.
[14:02:18:243] [WARN] - com.zaxxer.hikari.pool.PoolBase.isConnectionAlive(PoolBase.java:184) - data-pool- - Failed to validate connection org.mariadb.jdbc.Connection@6cc4c7a1 ((conn=18392) Connection.setNetworkTimeout cannot be called on a closed connection). Possibly consider using a shorter maxLifetime value.
[14:02:18:245] [WARN] - com.zaxxer.hikari.pool.PoolBase.isConnectionAlive(PoolBase.java:184) - data-pool- - Failed to validate connection org.mariadb.jdbc.Connection@663cacd1 ((conn=18393) Connection.setNetworkTimeout cannot be called on a closed connection). Possibly consider using a shorter maxLifetime value.
[14:03:28:240] [WARN] - com.zaxxer.hikari.pool.PoolBase.isConnectionAlive(PoolBase.java:184) - data-pool- - Failed to validate connection org.mariadb.jdbc.Connection@72aa6e4c ((conn=18395) Connection.setNetworkTimeout cannot be called on a closed connection). Possibly consider using a shorter maxLifetime value.
[14:03:28:251] [WARN] - com.zaxxer.hikari.pool.PoolBase.isConnectionAlive(PoolBase.java:184) - data-pool- - Failed to validate connection org.mariadb.jdbc.Connection@4a14b0e ((conn=18394) Connection.setNetworkTimeout cannot be called on a closed connection). Possibly consider using a shorter maxLifetime value.
[14:04:38:239] [WARN] - com.zaxxer.hikari.pool.PoolBase.isConnectionAlive(PoolBase.java:184) - data-pool- - Failed to validate connection org.mariadb.jdbc.Connection@1b3a744b ((conn=18397) Connection.setNetworkTimeout cannot be called on a closed connection). Possibly consider using a shorter maxLifetime value.
[14:05:38:235] [WARN] - com.zaxxer.hikari.pool.PoolBase.isConnectionAlive(PoolBase.java:184) - data-pool- - Failed to validate connection org.mariadb.jdbc.Connection@599e1650 ((conn=18398) Connection.setNetworkTimeout cannot be called on a closed connection). Possibly consider using a shorter maxLifetime value.
[14:05:38:236] [WARN] - com.zaxxer.hikari.pool.PoolBase.isConnectionAlive(PoolBase.java:184) - data-pool- - Failed to validate connection org.mariadb.jdbc.Connection@21623389 ((conn=18399) Connection.setNetworkTimeout cannot be called on a closed connection). Possibly consider using a shorter maxLifetime value.
[14:05:38:238] [WARN] - com.zaxxer.hikari.pool.PoolBase.isConnectionAlive(PoolBase.java:184) - data-pool- - Failed to validate connection org.mariadb.jdbc.Connection@3c67d557 ((conn=18400) Connection.setNetworkTimeout cannot be called on a closed connection). Possibly consider using a shorter maxLifetime value.
[14:07:38:237] [WARN] - com.zaxxer.hikari.pool.PoolBase.isConnectionAlive(PoolBase.java:184) - data-pool- - Failed to validate connection org.mariadb.jdbc.Connection@2eaea9c9 ((conn=18402) Connection.setNetworkTimeout cannot be called on a closed connection). Possibly consider using a shorter maxLifetime value.
[14:10:58:232] [WARN] - com.zaxxer.hikari.pool.PoolBase.isConnectionAlive(PoolBase.java:184) - data-pool- - Failed to validate connection org.mariadb.jdbc.Connection@dabc25b ((conn=18418) Connection.setNetworkTimeout cannot be called on a closed connection). Possibly consider using a shorter maxLifetime value.
[14:10:58:233] [WARN] - com.zaxxer.hikari.pool.PoolBase.isConnectionAlive(PoolBase.java:184) - data-pool- - Failed to validate connection org.mariadb.jdbc.Connection@68200ade ((conn=18419) Connection.setNetworkTimeout cannot be called on a closed connection). Possibly consider using a shorter maxLifetime value.
[14:10:58:235] [WARN] - com.zaxxer.hikari.pool.PoolBase.isConnectionAlive(PoolBase.java:184) - data-pool- - Failed to validate connection org.mariadb.jdbc.Connection@454584f9 ((conn=18420) Connection.setNetworkTimeout cannot be called on a closed connection). Possibly consider using a shorter maxLifetime value.
[14:16:28:243] [WARN] - com.zaxxer.hikari.pool.PoolBase.isConnectionAlive(PoolBase.java:184) - data-pool- - Failed to validate connection org.mariadb.jdbc.Connection@4088b48f ((conn=18428) Connection.setNetworkTimeout cannot be called on a closed connection). Possibly consider using a shorter maxLifetime value.
[14:16:28:244] [WARN] - com.zaxxer.hikari.pool.PoolBase.isConnectionAlive(PoolBase.java:184) - data-pool- - Failed to validate connection org.mariadb.jdbc.Connection@4e4f52ee ((conn=18429) Connection.setNetworkTimeout cannot be called on a closed connection). Possibly consider using a shorter maxLifetime value.
[14:16:28:244] [WARN] - com.zaxxer.hikari.pool.PoolBase.isConnectionAlive(PoolBase.java:184) - data-pool- - Failed to validate connection org.mariadb.jdbc.Connection@4a70dfff ((conn=18430) Connection.setNetworkTimeout cannot be called on a closed connection). Possibly consider using a shorter maxLifetime value.
[14:43:08:239] [WARN] - com.zaxxer.hikari.pool.PoolBase.isConnectionAlive(PoolBase.java:184) - data-pool- - Failed to validate connection org.mariadb.jdbc.Connection@3b66b20c ((conn=18485) Connection.setNetworkTimeout cannot be called on a closed connection). Possibly consider using a shorter maxLifetime value.
[14:48:38:241] [WARN] - com.zaxxer.hikari.pool.PoolBase.isConnectionAlive(PoolBase.java:184) - data-pool- - Failed to validate connection org.mariadb.jdbc.Connection@79cace94 ((conn=18492) Connection.setNetworkTimeout cannot be called on a closed connection). Possibly consider using a shorter maxLifetime value.
[14:48:38:243] [WARN] - com.zaxxer.hikari.pool.PoolBase.isConnectionAlive(PoolBase.java:184) - data-pool- - Failed to validate connection org.mariadb.jdbc.Connection@7332a5e4 ((conn=18493) Connection.setNetworkTimeout cannot be called on a closed connection). Possibly consider using a shorter maxLifetime value.
[14:48:38:244] [WARN] - com.zaxxer.hikari.pool.PoolBase.isConnectionAlive(PoolBase.java:184) - data-pool- - Failed to validate connection org.mariadb.jdbc.Connection@363035e6 ((conn=18494) Connection.setNetworkTimeout cannot be called on a closed connection). Possibly consider using a shorter maxLifetime value.
[14:48:58:243] [WARN] - com.zaxxer.hikari.pool.PoolBase.isConnectionAlive(PoolBase.java:184) - data-pool- - Failed to validate connection org.mariadb.jdbc.Connection@4efd1640 ((conn=18495) Connection.setNetworkTimeout cannot be called on a closed connection). Possibly consider using a shorter maxLifetime value.
[14:54:48:238] [WARN] - com.zaxxer.hikari.pool.PoolBase.isConnectionAlive(PoolBase.java:184) - data-pool- - Failed to validate connection org.mariadb.jdbc.Connection@6682aa7 ((conn=18504) Connection.setNetworkTimeout cannot be called on a closed connection). Possibly consider using a shorter maxLifetime value.
[14:54:48:240] [WARN] - com.zaxxer.hikari.pool.PoolBase.isConnectionAlive(PoolBase.java:184) - data-pool- - Failed to validate connection org.mariadb.jdbc.Connection@1a6af80a ((conn=18505) Connection.setNetworkTimeout cannot be called on a closed connection). Possibly consider using a shorter maxLifetime value.
[15:00:38:235] [WARN] - com.zaxxer.hikari.pool.PoolBase.isConnectionAlive(PoolBase.java:184) - data-pool- - Failed to validate connection org.mariadb.jdbc.Connection@73f4ca2b ((conn=18514) Connection.setNetworkTimeout cannot be called on a closed connection). Possibly consider using a shorter maxLifetime value.
[15:00:38:237] [WARN] - com.zaxxer.hikari.pool.PoolBase.isConnectionAlive(PoolBase.java:184) - data-pool- - Failed to validate connection org.mariadb.jdbc.Connection@f855f6b ((conn=18515) Connection.setNetworkTimeout cannot be called on a closed connection). Possibly consider using a shorter maxLifetime value.
[15:02:58:243] [WARN] - com.zaxxer.hikari.pool.PoolBase.isConnectionAlive(PoolBase.java:184) - data-pool- - Failed to validate connection org.mariadb.jdbc.Connection@6413ef7c ((conn=18517) Connection.setNetworkTimeout cannot be called on a closed connection). Possibly consider using a shorter maxLifetime value.
[15:06:28:238] [WARN] - com.zaxxer.hikari.pool.PoolBase.isConnectionAlive(PoolBase.java:184) - data-pool- - Failed to validate connection org.mariadb.jdbc.Connection@53ca78d ((conn=18524) Connection.setNetworkTimeout cannot be called on a closed connection). Possibly consider using a shorter maxLifetime value.
[15:06:28:239] [WARN] - com.zaxxer.hikari.pool.PoolBase.isConnectionAlive(PoolBase.java:184) - data-pool- - Failed to validate connection org.mariadb.jdbc.Connection@25376339 ((conn=18525) Connection.setNetworkTimeout cannot be called on a closed connection). Possibly consider using a shorter maxLifetime value.
[15:11:58:256] [WARN] - com.zaxxer.hikari.pool.PoolBase.isConnectionAlive(PoolBase.java:184) - data-pool- - Failed to validate connection org.mariadb.jdbc.Connection@6998a839 ((conn=18542) Connection.setNetworkTimeout cannot be called on a closed connection). Possibly consider using a shorter maxLifetime value.
[15:11:58:258] [WARN] - com.zaxxer.hikari.pool.PoolBase.isConnectionAlive(PoolBase.java:184) - data-pool- - Failed to validate connection org.mariadb.jdbc.Connection@28a5a202 ((conn=18543) Connection.setNetworkTimeout cannot be called on a closed connection). Possibly consider using a shorter maxLifetime value.
[15:11:58:260] [WARN] - com.zaxxer.hikari.pool.PoolBase.isConnectionAlive(PoolBase.java:184) - data-pool- - Failed to validate connection org.mariadb.jdbc.Connection@35b2f7ee ((conn=18544) Connection.setNetworkTimeout cannot be called on a closed connection). Possibly consider using a shorter maxLifetime value.
[15:11:58:260] [WARN] - com.zaxxer.hikari.pool.PoolBase.isConnectionAlive(PoolBase.java:184) - data-pool- - Failed to validate connection org.mariadb.jdbc.Connection@19c74801 ((conn=18545) Connection.setNetworkTimeout cannot be called on a closed connection). Possibly consider using a shorter maxLifetime value.
[15:32:08:242] [WARN] - com.zaxxer.hikari.pool.PoolBase.isConnectionAlive(PoolBase.java:184) - data-pool- - Failed to validate connection org.mariadb.jdbc.Connection@207e4414 ((conn=18577) Connection.setNetworkTimeout cannot be called on a closed connection). Possibly consider using a shorter maxLifetime value.
[15:32:38:243] [WARN] - com.zaxxer.hikari.pool.PoolBase.isConnectionAlive(PoolBase.java:184) - data-pool- - Failed to validate connection org.mariadb.jdbc.Connection@2989c782 ((conn=18578) Connection.setNetworkTimeout cannot be called on a closed connection). Possibly consider using a shorter maxLifetime value.
[15:32:38:246] [WARN] - com.zaxxer.hikari.pool.PoolBase.isConnectionAlive(PoolBase.java:184) - data-pool- - Failed to validate connection org.mariadb.jdbc.Connection@78f48477 ((conn=18579) Connection.setNetworkTimeout cannot be called on a closed connection). Possibly consider using a shorter maxLifetime value.
[15:32:38:253] [WARN] - com.zaxxer.hikari.pool.PoolBase.isConnectionAlive(PoolBase.java:184) - data-pool- - Failed to validate connection org.mariadb.jdbc.Connection@5510c2e0 ((conn=18580) Connection.setNetworkTimeout cannot be called on a closed connection). Possibly consider using a shorter maxLifetime value.
[15:38:18:230] [WARN] - com.zaxxer.hikari.pool.PoolBase.isConnectionAlive(PoolBase.java:184) - data-pool- - Failed to validate connection org.mariadb.jdbc.Connection@178dd441 ((conn=18592) Connection.setNetworkTimeout cannot be called on a closed connection). Possibly consider using a shorter maxLifetime value.
[15:38:18:232] [WARN] - com.zaxxer.hikari.pool.PoolBase.isConnectionAlive(PoolBase.java:184) - data-pool- - Failed to validate connection org.mariadb.jdbc.Connection@46ce8b9e ((conn=18594) Connection.setNetworkTimeout cannot be called on a closed connection). Possibly consider using a shorter maxLifetime value.
[15:38:18:233] [WARN] - com.zaxxer.hikari.pool.PoolBase.isConnectionAlive(PoolBase.java:184) - data-pool- - Failed to validate connection org.mariadb.jdbc.Connection@4376f57d ((conn=18595) Connection.setNetworkTimeout cannot be called on a closed connection). Possibly consider using a shorter maxLifetime value.
[15:38:18:233] [WARN] - com.zaxxer.hikari.pool.PoolBase.isConnectionAlive(PoolBase.java:184) - data-pool- - Failed to validate connection org.mariadb.jdbc.Connection@3aa01e8e ((conn=18596) Connection.setNetworkTimeout cannot be called on a closed connection). Possibly consider using a shorter maxLifetime value.
[15:40:18:243] [WARN] - com.zaxxer.hikari.pool.PoolBase.isConnectionAlive(PoolBase.java:184) - data-pool- - Failed to validate connection org.mariadb.jdbc.Connection@27c98aad ((conn=18602) Connection.setNetworkTimeout cannot be called on a closed connection). Possibly consider using a shorter maxLifetime value.
[15:40:18:245] [WARN] - com.zaxxer.hikari.pool.PoolBase.isConnectionAlive(PoolBase.java:184) - data-pool- - Failed to validate connection org.mariadb.jdbc.Connection@15a15c67 ((conn=18603) Connection.setNetworkTimeout cannot be called on a closed connection). Possibly consider using a shorter maxLifetime value.
[15:40:18:245] [WARN] - com.zaxxer.hikari.pool.PoolBase.isConnectionAlive(PoolBase.java:184) - data-pool- - Failed to validate connection org.mariadb.jdbc.Connection@4e391a15 ((conn=18604) Connection.setNetworkTimeout cannot be called on a closed connection). Possibly consider using a shorter maxLifetime value.
[15:40:18:246] [WARN] - com.zaxxer.hikari.pool.PoolBase.isConnectionAlive(PoolBase.java:184) - data-pool- - Failed to validate connection org.mariadb.jdbc.Connection@254e6d9d ((conn=18605) Connection.setNetworkTimeout cannot be called on a closed connection). Possibly consider using a shorter maxLifetime value.
[15:42:38:240] [WARN] - com.zaxxer.hikari.pool.PoolBase.isConnectionAlive(PoolBase.java:184) - data-pool- - Failed to validate connection org.mariadb.jdbc.Connection@15e2781d ((conn=18608) Connection.setNetworkTimeout cannot be called on a closed connection). Possibly consider using a shorter maxLifetime value.
[15:42:38:243] [WARN] - com.zaxxer.hikari.pool.PoolBase.isConnectionAlive(PoolBase.java:184) - data-pool- - Failed to validate connection org.mariadb.jdbc.Connection@3a66baff ((conn=18609) Connection.setNetworkTimeout cannot be called on a closed connection). Possibly consider using a shorter maxLifetime value.
[15:44:48:242] [WARN] - com.zaxxer.hikari.pool.PoolBase.isConnectionAlive(PoolBase.java:184) - data-pool- - Failed to validate connection org.mariadb.jdbc.Connection@5f3b7651 ((conn=18612) Connection.setNetworkTimeout cannot be called on a closed connection). Possibly consider using a shorter maxLifetime value.
[15:46:58:234] [WARN] - com.zaxxer.hikari.pool.PoolBase.isConnectionAlive(PoolBase.java:184) - data-pool- - Failed to validate connection org.mariadb.jdbc.Connection@7b880d16 ((conn=18615) Connection.setNetworkTimeout cannot be called on a closed connection). Possibly consider using a shorter maxLifetime value.
[15:46:58:236] [WARN] - com.zaxxer.hikari.pool.PoolBase.isConnectionAlive(PoolBase.java:184) - data-pool- - Failed to validate connection org.mariadb.jdbc.Connection@71706666 ((conn=18616) Connection.setNetworkTimeout cannot be called on a closed connection). Possibly consider using a shorter maxLifetime value.
[15:48:58:233] [WARN] - com.zaxxer.hikari.pool.PoolBase.isConnectionAlive(PoolBase.java:184) - data-pool- - Failed to validate connection org.mariadb.jdbc.Connection@ebf682e ((conn=18618) Connection.setNetworkTimeout cannot be called on a closed connection). Possibly consider using a shorter maxLifetime value.
[15:48:58:234] [WARN] - com.zaxxer.hikari.pool.PoolBase.isConnectionAlive(PoolBase.java:184) - data-pool- - Failed to validate connection org.mariadb.jdbc.Connection@447035e ((conn=18619) Connection.setNetworkTimeout cannot be called on a closed connection). Possibly consider using a shorter maxLifetime value.
[15:51:05:017] [WARN] - com.zaxxer.hikari.pool.PoolBase.isConnectionAlive(PoolBase.java:184) - data-pool- - Failed to validate connection org.mariadb.jdbc.Connection@1f406bc9 ((conn=18623) Connection.setNetworkTimeout cannot be called on a closed connection). Possibly consider using a shorter maxLifetime value.
[15:51:05:020] [WARN] - com.zaxxer.hikari.pool.PoolBase.isConnectionAlive(PoolBase.java:184) - data-pool- - Failed to validate connection org.mariadb.jdbc.Connection@51f509d1 ((conn=18624) Connection.setNetworkTimeout cannot be called on a closed connection). Possibly consider using a shorter maxLifetime value.
[15:53:24:872] [WARN] - com.zaxxer.hikari.pool.PoolBase.isConnectionAlive(PoolBase.java:184) - data-pool- - Failed to validate connection org.mariadb.jdbc.Connection@2d3b585d ((conn=18628) Connection.setNetworkTimeout cannot be called on a closed connection). Possibly consider using a shorter maxLifetime value.
[15:56:38:246] [WARN] - com.zaxxer.hikari.pool.PoolBase.isConnectionAlive(PoolBase.java:184) - data-pool- - Failed to validate connection org.mariadb.jdbc.Connection@13095fa2 ((conn=18633) Connection.setNetworkTimeout cannot be called on a closed connection). Possibly consider using a shorter maxLifetime value.
[15:56:38:251] [WARN] - com.zaxxer.hikari.pool.PoolBase.isConnectionAlive(PoolBase.java:184) - data-pool- - Failed to validate connection org.mariadb.jdbc.Connection@6b3856c1 ((conn=18634) Connection.setNetworkTimeout cannot be called on a closed connection). Possibly consider using a shorter maxLifetime value.
[15:58:58:233] [WARN] - com.zaxxer.hikari.pool.PoolBase.isConnectionAlive(PoolBase.java:184) - data-pool- - Failed to validate connection org.mariadb.jdbc.Connection@4db3eac4 ((conn=18637) Connection.setNetworkTimeout cannot be called on a closed connection). Possibly consider using a shorter maxLifetime value.
[15:58:58:234] [WARN] - com.zaxxer.hikari.pool.PoolBase.isConnectionAlive(PoolBase.java:184) - data-pool- - Failed to validate connection org.mariadb.jdbc.Connection@32139bc5 ((conn=18638) Connection.setNetworkTimeout cannot be called on a closed connection). Possibly consider using a shorter maxLifetime value.
[15:58:58:236] [WARN] - com.zaxxer.hikari.pool.PoolBase.isConnectionAlive(PoolBase.java:184) - data-pool- - Failed to validate connection org.mariadb.jdbc.Connection@35109288 ((conn=18639) Connection.setNetworkTimeout cannot be called on a closed connection). Possibly consider using a shorter maxLifetime value.
[16:07:48:239] [WARN] - com.zaxxer.hikari.pool.PoolBase.isConnectionAlive(PoolBase.java:184) - data-pool- - Failed to validate connection org.mariadb.jdbc.Connection@cef2ce8 ((conn=18656) Connection.setNetworkTimeout cannot be called on a closed connection). Possibly consider using a shorter maxLifetime value.
[16:07:48:239] [WARN] - com.zaxxer.hikari.pool.PoolBase.isConnectionAlive(PoolBase.java:184) - data-pool- - Failed to validate connection org.mariadb.jdbc.Connection@3589922c ((conn=18657) Connection.setNetworkTimeout cannot be called on a closed connection). Possibly consider using a shorter maxLifetime value.
[16:07:48:240] [WARN] - com.zaxxer.hikari.pool.PoolBase.isConnectionAlive(PoolBase.java:184) - data-pool- - Failed to validate connection org.mariadb.jdbc.Connection@6174798 ((conn=18658) Connection.setNetworkTimeout cannot be called on a closed connection). Possibly consider using a shorter maxLifetime value.
[16:07:48:240] [WARN] - com.zaxxer.hikari.pool.PoolBase.isConnectionAlive(PoolBase.java:184) - data-pool- - Failed to validate connection org.mariadb.jdbc.Connection@61282baa ((conn=18659) Connection.setNetworkTimeout cannot be called on a closed connection). Possibly consider using a shorter maxLifetime value.
[16:07:48:242] [WARN] - com.zaxxer.hikari.pool.PoolBase.isConnectionAlive(PoolBase.java:184) - data-pool- - Failed to validate connection org.mariadb.jdbc.Connection@4315d93e ((conn=18662) Connection.setNetworkTimeout cannot be called on a closed connection). Possibly consider using a shorter maxLifetime value.
[16:22:38:241] [WARN] - com.zaxxer.hikari.pool.PoolBase.isConnectionAlive(PoolBase.java:184) - data-pool- - Failed to validate connection org.mariadb.jdbc.Connection@457e5917 ((conn=18691) Connection.setNetworkTimeout cannot be called on a closed connection). Possibly consider using a shorter maxLifetime value.
[16:22:38:244] [WARN] - com.zaxxer.hikari.pool.PoolBase.isConnectionAlive(PoolBase.java:184) - data-pool- - Failed to validate connection org.mariadb.jdbc.Connection@4f4a27cb ((conn=18690) Connection.setNetworkTimeout cannot be called on a closed connection). Possibly consider using a shorter maxLifetime value.
[16:28:08:246] [WARN] - com.zaxxer.hikari.pool.PoolBase.isConnectionAlive(PoolBase.java:184) - data-pool- - Failed to validate connection org.mariadb.jdbc.Connection@5d525463 ((conn=18698) Connection.setNetworkTimeout cannot be called on a closed connection). Possibly consider using a shorter maxLifetime value.
[16:28:08:249] [WARN] - com.zaxxer.hikari.pool.PoolBase.isConnectionAlive(PoolBase.java:184) - data-pool- - Failed to validate connection org.mariadb.jdbc.Connection@12d7dc7f ((conn=18699) Connection.setNetworkTimeout cannot be called on a closed connection). Possibly consider using a shorter maxLifetime value.
[16:28:08:249] [WARN] - com.zaxxer.hikari.pool.PoolBase.isConnectionAlive(PoolBase.java:184) - data-pool- - Failed to validate connection org.mariadb.jdbc.Connection@1e842713 ((conn=18700) Connection.setNetworkTimeout cannot be called on a closed connection). Possibly consider using a shorter maxLifetime value.
[16:28:08:251] [WARN] - com.zaxxer.hikari.pool.PoolBase.isConnectionAlive(PoolBase.java:184) - data-pool- - Failed to validate connection org.mariadb.jdbc.Connection@118ea0d0 ((conn=18701) Connection.setNetworkTimeout cannot be called on a closed connection). Possibly consider using a shorter maxLifetime value.
[16:33:38:243] [WARN] - com.zaxxer.hikari.pool.PoolBase.isConnectionAlive(PoolBase.java:184) - data-pool- - Failed to validate connection org.mariadb.jdbc.Connection@2069426c ((conn=18708) Connection.setNetworkTimeout cannot be called on a closed connection). Possibly consider using a shorter maxLifetime value.
[16:33:38:247] [WARN] - com.zaxxer.hikari.pool.PoolBase.isConnectionAlive(PoolBase.java:184) - data-pool- - Failed to validate connection org.mariadb.jdbc.Connection@61544857 ((conn=18709) Connection.setNetworkTimeout cannot be called on a closed connection). Possibly consider using a shorter maxLifetime value.
[16:33:38:256] [WARN] - com.zaxxer.hikari.pool.PoolBase.isConnectionAlive(PoolBase.java:184) - data-pool- - Failed to validate connection org.mariadb.jdbc.Connection@3a6f4555 ((conn=18710) Connection.setNetworkTimeout cannot be called on a closed connection). Possibly consider using a shorter maxLifetime value.
[16:33:38:260] [WARN] - com.zaxxer.hikari.pool.PoolBase.isConnectionAlive(PoolBase.java:184) - data-pool- - Failed to validate connection org.mariadb.jdbc.Connection@507f0a56 ((conn=18711) Connection.setNetworkTimeout cannot be called on a closed connection). Possibly consider using a shorter maxLifetime value.
[16:39:28:246] [WARN] - com.zaxxer.hikari.pool.PoolBase.isConnectionAlive(PoolBase.java:184) - data-pool- - Failed to validate connection org.mariadb.jdbc.Connection@23580eb3 ((conn=18728) Connection.setNetworkTimeout cannot be called on a closed connection). Possibly consider using a shorter maxLifetime value.
[16:39:28:249] [WARN] - com.zaxxer.hikari.pool.PoolBase.isConnectionAlive(PoolBase.java:184) - data-pool- - Failed to validate connection org.mariadb.jdbc.Connection@7b335839 ((conn=18729) Connection.setNetworkTimeout cannot be called on a closed connection). Possibly consider using a shorter maxLifetime value.
[16:39:28:251] [WARN] - com.zaxxer.hikari.pool.PoolBase.isConnectionAlive(PoolBase.java:184) - data-pool- - Failed to validate connection org.mariadb.jdbc.Connection@7cd90096 ((conn=18730) Connection.setNetworkTimeout cannot be called on a closed connection). Possibly consider using a shorter maxLifetime value.
[16:39:28:254] [WARN] - com.zaxxer.hikari.pool.PoolBase.isConnectionAlive(PoolBase.java:184) - data-pool- - Failed to validate connection org.mariadb.jdbc.Connection@445862fc ((conn=18731) Connection.setNetworkTimeout cannot be called on a closed connection). Possibly consider using a shorter maxLifetime value.
[16:47:58:246] [WARN] - com.zaxxer.hikari.pool.PoolBase.isConnectionAlive(PoolBase.java:184) - data-pool- - Failed to validate connection org.mariadb.jdbc.Connection@55c68e28 ((conn=18744) Connection.setNetworkTimeout cannot be called on a closed connection). Possibly consider using a shorter maxLifetime value.
[16:47:58:252] [WARN] - com.zaxxer.hikari.pool.PoolBase.isConnectionAlive(PoolBase.java:184) - data-pool- - Failed to validate connection org.mariadb.jdbc.Connection@2d6f1f8a ((conn=18745) Connection.setNetworkTimeout cannot be called on a closed connection). Possibly consider using a shorter maxLifetime value.
[16:47:58:257] [WARN] - com.zaxxer.hikari.pool.PoolBase.isConnectionAlive(PoolBase.java:184) - data-pool- - Failed to validate connection org.mariadb.jdbc.Connection@69964fd4 ((conn=18746) Connection.setNetworkTimeout cannot be called on a closed connection). Possibly consider using a shorter maxLifetime value.
[16:51:18:246] [WARN] - com.zaxxer.hikari.pool.PoolBase.isConnectionAlive(PoolBase.java:184) - data-pool- - Failed to validate connection org.mariadb.jdbc.Connection@3606d87c ((conn=18751) Connection.setNetworkTimeout cannot be called on a closed connection). Possibly consider using a shorter maxLifetime value.
[16:56:58:240] [WARN] - com.zaxxer.hikari.pool.PoolBase.isConnectionAlive(PoolBase.java:184) - data-pool- - Failed to validate connection org.mariadb.jdbc.Connection@157ab94b ((conn=18760) Connection.setNetworkTimeout cannot be called on a closed connection). Possibly consider using a shorter maxLifetime value.
[16:56:58:242] [WARN] - com.zaxxer.hikari.pool.PoolBase.isConnectionAlive(PoolBase.java:184) - data-pool- - Failed to validate connection org.mariadb.jdbc.Connection@1b9c4c2e ((conn=18761) Connection.setNetworkTimeout cannot be called on a closed connection). Possibly consider using a shorter maxLifetime value.
[17:02:38:242] [WARN] - com.zaxxer.hikari.pool.PoolBase.isConnectionAlive(PoolBase.java:184) - data-pool- - Failed to validate connection org.mariadb.jdbc.Connection@41459db2 ((conn=18768) Connection.setNetworkTimeout cannot be called on a closed connection). Possibly consider using a shorter maxLifetime value.
[17:02:38:244] [WARN] - com.zaxxer.hikari.pool.PoolBase.isConnectionAlive(PoolBase.java:184) - data-pool- - Failed to validate connection org.mariadb.jdbc.Connection@70ce7e73 ((conn=18769) Connection.setNetworkTimeout cannot be called on a closed connection). Possibly consider using a shorter maxLifetime value.
[17:02:38:246] [WARN] - com.zaxxer.hikari.pool.PoolBase.isConnectionAlive(PoolBase.java:184) - data-pool- - Failed to validate connection org.mariadb.jdbc.Connection@4c2fdec7 ((conn=18770) Connection.setNetworkTimeout cannot be called on a closed connection). Possibly consider using a shorter maxLifetime value.
[17:02:38:247] [WARN] - com.zaxxer.hikari.pool.PoolBase.isConnectionAlive(PoolBase.java:184) - data-pool- - Failed to validate connection org.mariadb.jdbc.Connection@216a62fd ((conn=18771) Connection.setNetworkTimeout cannot be called on a closed connection). Possibly consider using a shorter maxLifetime value.
[17:11:08:233] [WARN] - com.zaxxer.hikari.pool.PoolBase.isConnectionAlive(PoolBase.java:184) - data-pool- - Failed to validate connection org.mariadb.jdbc.Connection@6540e125 ((conn=18793) Connection.setNetworkTimeout cannot be called on a closed connection). Possibly consider using a shorter maxLifetime value.
[17:11:08:233] [WARN] - com.zaxxer.hikari.pool.PoolBase.isConnectionAlive(PoolBase.java:184) - data-pool- - Failed to validate connection org.mariadb.jdbc.Connection@25243f3e ((conn=18794) Connection.setNetworkTimeout cannot be called on a closed connection). Possibly consider using a shorter maxLifetime value.
[17:11:08:234] [WARN] - com.zaxxer.hikari.pool.PoolBase.isConnectionAlive(PoolBase.java:184) - data-pool- - Failed to validate connection org.mariadb.jdbc.Connection@327e282b ((conn=18795) Connection.setNetworkTimeout cannot be called on a closed connection). Possibly consider using a shorter maxLifetime value.
[17:11:08:235] [WARN] - com.zaxxer.hikari.pool.PoolBase.isConnectionAlive(PoolBase.java:184) - data-pool- - Failed to validate connection org.mariadb.jdbc.Connection@5055ae88 ((conn=18796) Connection.setNetworkTimeout cannot be called on a closed connection). Possibly consider using a shorter maxLifetime value.
[17:14:18:243] [WARN] - com.zaxxer.hikari.pool.PoolBase.isConnectionAlive(PoolBase.java:184) - data-pool- - Failed to validate connection org.mariadb.jdbc.Connection@19a1f3da ((conn=18801) Connection.setNetworkTimeout cannot be called on a closed connection). Possibly consider using a shorter maxLifetime value.
[17:17:08:245] [WARN] - com.zaxxer.hikari.pool.PoolBase.isConnectionAlive(PoolBase.java:184) - data-pool- - Failed to validate connection org.mariadb.jdbc.Connection@50177ba6 ((conn=18806) Connection.setNetworkTimeout cannot be called on a closed connection). Possibly consider using a shorter maxLifetime value.
[17:22:58:240] [WARN] - com.zaxxer.hikari.pool.PoolBase.isConnectionAlive(PoolBase.java:184) - data-pool- - Failed to validate connection org.mariadb.jdbc.Connection@17d1687 ((conn=18815) Connection.setNetworkTimeout cannot be called on a closed connection). Possibly consider using a shorter maxLifetime value.
[17:36:58:240] [WARN] - com.zaxxer.hikari.pool.PoolBase.isConnectionAlive(PoolBase.java:184) - data-pool- - Failed to validate connection org.mariadb.jdbc.Connection@3242aa17 ((conn=18846) Connection.setNetworkTimeout cannot be called on a closed connection). Possibly consider using a shorter maxLifetime value.
[17:36:58:241] [WARN] - com.zaxxer.hikari.pool.PoolBase.isConnectionAlive(PoolBase.java:184) - data-pool- - Failed to validate connection org.mariadb.jdbc.Connection@7cba182a ((conn=18847) Connection.setNetworkTimeout cannot be called on a closed connection). Possibly consider using a shorter maxLifetime value.
[17:40:28:231] [WARN] - com.zaxxer.hikari.pool.PoolBase.isConnectionAlive(PoolBase.java:184) - data-pool- - Failed to validate connection org.mariadb.jdbc.Connection@144de044 ((conn=18854) Connection.setNetworkTimeout cannot be called on a closed connection). Possibly consider using a shorter maxLifetime value.
[17:40:28:233] [WARN] - com.zaxxer.hikari.pool.PoolBase.isConnectionAlive(PoolBase.java:184) - data-pool- - Failed to validate connection org.mariadb.jdbc.Connection@e28167f ((conn=18856) Connection.setNetworkTimeout cannot be called on a closed connection). Possibly consider using a shorter maxLifetime value.
[17:40:28:233] [WARN] - com.zaxxer.hikari.pool.PoolBase.isConnectionAlive(PoolBase.java:184) - data-pool- - Failed to validate connection org.mariadb.jdbc.Connection@2a3d9058 ((conn=18855) Connection.setNetworkTimeout cannot be called on a closed connection). Possibly consider using a shorter maxLifetime value.
[17:46:16:209] [WARN] - com.zaxxer.hikari.pool.PoolBase.isConnectionAlive(PoolBase.java:184) - data-pool- - Failed to validate connection org.mariadb.jdbc.Connection@6fe0728c ((conn=18864) Connection.setNetworkTimeout cannot be called on a closed connection). Possibly consider using a shorter maxLifetime value.
[17:46:16:210] [WARN] - com.zaxxer.hikari.pool.PoolBase.isConnectionAlive(PoolBase.java:184) - data-pool- - Failed to validate connection org.mariadb.jdbc.Connection@2edd78b7 ((conn=18865) Connection.setNetworkTimeout cannot be called on a closed connection). Possibly consider using a shorter maxLifetime value.
[17:46:16:211] [WARN] - com.zaxxer.hikari.pool.PoolBase.isConnectionAlive(PoolBase.java:184) - data-pool- - Failed to validate connection org.mariadb.jdbc.Connection@73a10cf4 ((conn=18866) Connection.setNetworkTimeout cannot be called on a closed connection). Possibly consider using a shorter maxLifetime value.
[17:49:06:209] [WARN] - com.zaxxer.hikari.pool.PoolBase.isConnectionAlive(PoolBase.java:184) - data-pool- - Failed to validate connection org.mariadb.jdbc.Connection@663b0b98 ((conn=18869) Connection.setNetworkTimeout cannot be called on a closed connection). Possibly consider using a shorter maxLifetime value.
[17:49:06:210] [WARN] - com.zaxxer.hikari.pool.PoolBase.isConnectionAlive(PoolBase.java:184) - data-pool- - Failed to validate connection org.mariadb.jdbc.Connection@270601a3 ((conn=18870) Connection.setNetworkTimeout cannot be called on a closed connection). Possibly consider using a shorter maxLifetime value.
[17:49:06:211] [WARN] - com.zaxxer.hikari.pool.PoolBase.isConnectionAlive(PoolBase.java:184) - data-pool- - Failed to validate connection org.mariadb.jdbc.Connection@28b26ef4 ((conn=18871) Connection.setNetworkTimeout cannot be called on a closed connection). Possibly consider using a shorter maxLifetime value.
[17:54:56:215] [WARN] - com.zaxxer.hikari.pool.PoolBase.isConnectionAlive(PoolBase.java:184) - data-pool- - Failed to validate connection org.mariadb.jdbc.Connection@60c8428c ((conn=18879) Connection.setNetworkTimeout cannot be called on a closed connection). Possibly consider using a shorter maxLifetime value.
[17:54:56:216] [WARN] - com.zaxxer.hikari.pool.PoolBase.isConnectionAlive(PoolBase.java:184) - data-pool- - Failed to validate connection org.mariadb.jdbc.Connection@6c699298 ((conn=18880) Connection.setNetworkTimeout cannot be called on a closed connection). Possibly consider using a shorter maxLifetime value.
[17:54:56:217] [WARN] - com.zaxxer.hikari.pool.PoolBase.isConnectionAlive(PoolBase.java:184) - data-pool- - Failed to validate connection org.mariadb.jdbc.Connection@7c80ef8 ((conn=18881) Connection.setNetworkTimeout cannot be called on a closed connection). Possibly consider using a shorter maxLifetime value.
[17:58:47:384] [INFO] - my.utils.loggerUtils.info(loggerUtils.java:18) - 加载version文件完成！
[17:58:47:407] [INFO] - my.utils.loggerUtils.info(loggerUtils.java:18) - 加载nmb.apk完成！
[17:58:47:440] [INFO] - my.utils.loggerUtils.info(loggerUtils.java:18) - 实例化服务完成！
[17:58:47:567] [WARN] - com.zaxxer.hikari.HikariConfig.validateNumerics(HikariConfig.java:1084) - data-pool- - idleTimeout is close to or more than maxLifetime, disabling it.
[17:58:47:568] [INFO] - com.zaxxer.hikari.HikariDataSource.<init>(HikariDataSource.java:80) - data-pool- - Starting...
[17:58:47:626] [INFO] - com.zaxxer.hikari.HikariDataSource.<init>(HikariDataSource.java:82) - data-pool- - Start completed.
[17:58:47:889] [INFO] - my.utils.loggerUtils.info(loggerUtils.java:18) - 定时任务启动完成！
[17:58:48:425] [INFO] - my.utils.loggerUtils.info(loggerUtils.java:18) - 服务已经启动/9667
[18:02:17:898] [WARN] - com.zaxxer.hikari.pool.PoolBase.isConnectionAlive(PoolBase.java:184) - data-pool- - Failed to validate connection org.mariadb.jdbc.Connection@5ba8b289 ((conn=18897) Connection.setNetworkTimeout cannot be called on a closed connection). Possibly consider using a shorter maxLifetime value.
[18:04:47:906] [WARN] - com.zaxxer.hikari.pool.PoolBase.isConnectionAlive(PoolBase.java:184) - data-pool- - Failed to validate connection org.mariadb.jdbc.Connection@625938cf ((conn=18903) Connection.setNetworkTimeout cannot be called on a closed connection). Possibly consider using a shorter maxLifetime value.
[18:10:37:900] [WARN] - com.zaxxer.hikari.pool.PoolBase.isConnectionAlive(PoolBase.java:184) - data-pool- - Failed to validate connection org.mariadb.jdbc.Connection@184914fd ((conn=18919) Connection.setNetworkTimeout cannot be called on a closed connection). Possibly consider using a shorter maxLifetime value.
[18:10:37:907] [WARN] - com.zaxxer.hikari.pool.PoolBase.isConnectionAlive(PoolBase.java:184) - data-pool- - Failed to validate connection org.mariadb.jdbc.Connection@3822a29 ((conn=18920) Connection.setNetworkTimeout cannot be called on a closed connection). Possibly consider using a shorter maxLifetime value.
[18:10:37:911] [WARN] - com.zaxxer.hikari.pool.PoolBase.isConnectionAlive(PoolBase.java:184) - data-pool- - Failed to validate connection org.mariadb.jdbc.Connection@674294f5 ((conn=18921) Connection.setNetworkTimeout cannot be called on a closed connection). Possibly consider using a shorter maxLifetime value.
[18:10:37:913] [WARN] - com.zaxxer.hikari.pool.PoolBase.isConnectionAlive(PoolBase.java:184) - data-pool- - Failed to validate connection org.mariadb.jdbc.Connection@66937597 ((conn=18922) Connection.setNetworkTimeout cannot be called on a closed connection). Possibly consider using a shorter maxLifetime value.
[18:19:47:894] [WARN] - com.zaxxer.hikari.pool.PoolBase.isConnectionAlive(PoolBase.java:184) - data-pool- - Failed to validate connection org.mariadb.jdbc.Connection@36ba16bb ((conn=18938) Connection.setNetworkTimeout cannot be called on a closed connection). Possibly consider using a shorter maxLifetime value.
[18:22:17:905] [WARN] - com.zaxxer.hikari.pool.PoolBase.isConnectionAlive(PoolBase.java:184) - data-pool- - Failed to validate connection org.mariadb.jdbc.Connection@3dc0c4bc ((conn=18941) Connection.setNetworkTimeout cannot be called on a closed connection). Possibly consider using a shorter maxLifetime value.
[18:23:27:910] [WARN] - com.zaxxer.hikari.pool.PoolBase.isConnectionAlive(PoolBase.java:184) - data-pool- - Failed to validate connection org.mariadb.jdbc.Connection@61b7b89d ((conn=18945) Connection.setNetworkTimeout cannot be called on a closed connection). Possibly consider using a shorter maxLifetime value.
[18:24:37:900] [WARN] - com.zaxxer.hikari.pool.PoolBase.isConnectionAlive(PoolBase.java:184) - data-pool- - Failed to validate connection org.mariadb.jdbc.Connection@53027f19 ((conn=18947) Connection.setNetworkTimeout cannot be called on a closed connection). Possibly consider using a shorter maxLifetime value.
[18:25:47:897] [WARN] - com.zaxxer.hikari.pool.PoolBase.isConnectionAlive(PoolBase.java:184) - data-pool- - Failed to validate connection org.mariadb.jdbc.Connection@228134df ((conn=18950) Connection.setNetworkTimeout cannot be called on a closed connection). Possibly consider using a shorter maxLifetime value.
[18:25:47:897] [WARN] - com.zaxxer.hikari.pool.PoolBase.isConnectionAlive(PoolBase.java:184) - data-pool- - Failed to validate connection org.mariadb.jdbc.Connection@3fcd4875 ((conn=18949) Connection.setNetworkTimeout cannot be called on a closed connection). Possibly consider using a shorter maxLifetime value.
[18:31:37:899] [WARN] - com.zaxxer.hikari.pool.PoolBase.isConnectionAlive(PoolBase.java:184) - data-pool- - Failed to validate connection org.mariadb.jdbc.Connection@7a5aab4 ((conn=18959) Connection.setNetworkTimeout cannot be called on a closed connection). Possibly consider using a shorter maxLifetime value.
[18:31:37:902] [WARN] - com.zaxxer.hikari.pool.PoolBase.isConnectionAlive(PoolBase.java:184) - data-pool- - Failed to validate connection org.mariadb.jdbc.Connection@9624430 ((conn=18960) Connection.setNetworkTimeout cannot be called on a closed connection). Possibly consider using a shorter maxLifetime value.
[18:33:17:898] [WARN] - com.zaxxer.hikari.pool.PoolBase.isConnectionAlive(PoolBase.java:184) - data-pool- - Failed to validate connection org.mariadb.jdbc.Connection@e2885d3 ((conn=18962) Connection.setNetworkTimeout cannot be called on a closed connection). Possibly consider using a shorter maxLifetime value.
[18:34:58:693] [INFO] - my.utils.loggerUtils.info(loggerUtils.java:18) - 加载version文件完成！
[18:34:58:730] [INFO] - my.utils.loggerUtils.info(loggerUtils.java:18) - 加载nmb.apk完成！
[18:34:58:785] [INFO] - my.utils.loggerUtils.info(loggerUtils.java:18) - 实例化服务完成！
[18:34:59:007] [WARN] - com.zaxxer.hikari.HikariConfig.validateNumerics(HikariConfig.java:1084) - data-pool- - idleTimeout is close to or more than maxLifetime, disabling it.
[18:34:59:009] [INFO] - com.zaxxer.hikari.HikariDataSource.<init>(HikariDataSource.java:80) - data-pool- - Starting...
[18:34:59:113] [INFO] - com.zaxxer.hikari.HikariDataSource.<init>(HikariDataSource.java:82) - data-pool- - Start completed.
[18:34:59:542] [INFO] - my.utils.loggerUtils.info(loggerUtils.java:18) - 定时任务启动完成！
[18:35:00:536] [INFO] - my.utils.loggerUtils.info(loggerUtils.java:18) - 服务已经启动/9667
[18:49:09:554] [WARN] - com.zaxxer.hikari.pool.PoolBase.isConnectionAlive(PoolBase.java:184) - data-pool- - Failed to validate connection org.mariadb.jdbc.Connection@2755c3cd ((conn=19002) Connection.setNetworkTimeout cannot be called on a closed connection). Possibly consider using a shorter maxLifetime value.
[18:49:09:557] [WARN] - com.zaxxer.hikari.pool.PoolBase.isConnectionAlive(PoolBase.java:184) - data-pool- - Failed to validate connection org.mariadb.jdbc.Connection@2dada8bd ((conn=19003) Connection.setNetworkTimeout cannot be called on a closed connection). Possibly consider using a shorter maxLifetime value.
[18:49:09:559] [WARN] - com.zaxxer.hikari.pool.PoolBase.isConnectionAlive(PoolBase.java:184) - data-pool- - Failed to validate connection org.mariadb.jdbc.Connection@68af336c ((conn=19004) Connection.setNetworkTimeout cannot be called on a closed connection). Possibly consider using a shorter maxLifetime value.
[18:49:09:564] [WARN] - com.zaxxer.hikari.pool.PoolBase.isConnectionAlive(PoolBase.java:184) - data-pool- - Failed to validate connection org.mariadb.jdbc.Connection@616dce1f ((conn=19005) Connection.setNetworkTimeout cannot be called on a closed connection). Possibly consider using a shorter maxLifetime value.
[18:51:29:549] [WARN] - com.zaxxer.hikari.pool.PoolBase.isConnectionAlive(PoolBase.java:184) - data-pool- - Failed to validate connection org.mariadb.jdbc.Connection@5c2db792 ((conn=19007) Connection.setNetworkTimeout cannot be called on a closed connection). Possibly consider using a shorter maxLifetime value.
[18:51:59:556] [WARN] - com.zaxxer.hikari.pool.PoolBase.isConnectionAlive(PoolBase.java:184) - data-pool- - Failed to validate connection org.mariadb.jdbc.Connection@c1da08c ((conn=19008) Connection.setNetworkTimeout cannot be called on a closed connection). Possibly consider using a shorter maxLifetime value.
[18:51:59:560] [WARN] - com.zaxxer.hikari.pool.PoolBase.isConnectionAlive(PoolBase.java:184) - data-pool- - Failed to validate connection org.mariadb.jdbc.Connection@5d45673f ((conn=19009) Connection.setNetworkTimeout cannot be called on a closed connection). Possibly consider using a shorter maxLifetime value.
[18:51:59:562] [WARN] - com.zaxxer.hikari.pool.PoolBase.isConnectionAlive(PoolBase.java:184) - data-pool- - Failed to validate connection org.mariadb.jdbc.Connection@54e086cf ((conn=19010) Connection.setNetworkTimeout cannot be called on a closed connection). Possibly consider using a shorter maxLifetime value.
[18:54:39:549] [WARN] - com.zaxxer.hikari.pool.PoolBase.isConnectionAlive(PoolBase.java:184) - data-pool- - Failed to validate connection org.mariadb.jdbc.Connection@61544857 ((conn=19013) Connection.setNetworkTimeout cannot be called on a closed connection). Possibly consider using a shorter maxLifetime value.
[18:54:39:552] [WARN] - com.zaxxer.hikari.pool.PoolBase.isConnectionAlive(PoolBase.java:184) - data-pool- - Failed to validate connection org.mariadb.jdbc.Connection@507f0a56 ((conn=19014) Connection.setNetworkTimeout cannot be called on a closed connection). Possibly consider using a shorter maxLifetime value.
[18:54:39:553] [WARN] - com.zaxxer.hikari.pool.PoolBase.isConnectionAlive(PoolBase.java:184) - data-pool- - Failed to validate connection org.mariadb.jdbc.Connection@42ae59ea ((conn=19015) Connection.setNetworkTimeout cannot be called on a closed connection). Possibly consider using a shorter maxLifetime value.
[11:45:01:579] [INFO] - my.utils.loggerUtils.info(loggerUtils.java:18) - 加载version文件完成！
[11:45:01:624] [INFO] - my.utils.loggerUtils.info(loggerUtils.java:18) - 加载nmb.apk完成！
[11:45:01:666] [INFO] - my.utils.loggerUtils.info(loggerUtils.java:18) - 实例化服务完成！
[11:45:01:836] [WARN] - com.zaxxer.hikari.HikariConfig.validateNumerics(HikariConfig.java:1084) - data-pool- - idleTimeout is close to or more than maxLifetime, disabling it.
[11:45:01:845] [INFO] - com.zaxxer.hikari.HikariDataSource.<init>(HikariDataSource.java:80) - data-pool- - Starting...
[11:45:01:909] [INFO] - com.zaxxer.hikari.HikariDataSource.<init>(HikariDataSource.java:82) - data-pool- - Start completed.
[11:45:02:179] [INFO] - my.utils.loggerUtils.info(loggerUtils.java:18) - 定时任务启动完成！
[11:45:02:738] [INFO] - my.utils.loggerUtils.info(loggerUtils.java:18) - 服务已经启动/9667
[11:56:52:185] [WARN] - com.zaxxer.hikari.pool.PoolBase.isConnectionAlive(PoolBase.java:184) - data-pool- - Failed to validate connection org.mariadb.jdbc.Connection@7e6bce14 ((conn=19058) Connection.setNetworkTimeout cannot be called on a closed connection). Possibly consider using a shorter maxLifetime value.
[11:56:52:186] [WARN] - com.zaxxer.hikari.pool.PoolBase.isConnectionAlive(PoolBase.java:184) - data-pool- - Failed to validate connection org.mariadb.jdbc.Connection@70ac2fa9 ((conn=19059) Connection.setNetworkTimeout cannot be called on a closed connection). Possibly consider using a shorter maxLifetime value.
[11:56:52:188] [WARN] - com.zaxxer.hikari.pool.PoolBase.isConnectionAlive(PoolBase.java:184) - data-pool- - Failed to validate connection org.mariadb.jdbc.Connection@7493a564 ((conn=19060) Connection.setNetworkTimeout cannot be called on a closed connection). Possibly consider using a shorter maxLifetime value.
[12:11:37:906] [WARN] - com.zaxxer.hikari.pool.PoolBase.isConnectionAlive(PoolBase.java:184) - data-pool- - Failed to validate connection org.mariadb.jdbc.Connection@4bfa7e05 ((conn=19093) Connection.setNetworkTimeout cannot be called on a closed connection). Possibly consider using a shorter maxLifetime value.
[12:11:37:920] [WARN] - com.zaxxer.hikari.pool.PoolBase.isConnectionAlive(PoolBase.java:184) - data-pool- - Failed to validate connection org.mariadb.jdbc.Connection@4fc5e3a2 ((conn=19094) Connection.setNetworkTimeout cannot be called on a closed connection). Possibly consider using a shorter maxLifetime value.
[12:35:22:183] [WARN] - com.zaxxer.hikari.pool.PoolBase.isConnectionAlive(PoolBase.java:184) - data-pool- - Failed to validate connection org.mariadb.jdbc.Connection@27862e96 ((conn=19145) Connection.setNetworkTimeout cannot be called on a closed connection). Possibly consider using a shorter maxLifetime value.
[12:38:02:194] [WARN] - com.zaxxer.hikari.pool.PoolBase.isConnectionAlive(PoolBase.java:184) - data-pool- - Failed to validate connection org.mariadb.jdbc.Connection@60f2eda4 ((conn=19148) Connection.setNetworkTimeout cannot be called on a closed connection). Possibly consider using a shorter maxLifetime value.
[12:38:02:200] [WARN] - com.zaxxer.hikari.pool.PoolBase.isConnectionAlive(PoolBase.java:184) - data-pool- - Failed to validate connection org.mariadb.jdbc.Connection@5758f58e ((conn=19147) Connection.setNetworkTimeout cannot be called on a closed connection). Possibly consider using a shorter maxLifetime value.
[12:38:02:202] [WARN] - com.zaxxer.hikari.pool.PoolBase.isConnectionAlive(PoolBase.java:184) - data-pool- - Failed to validate connection org.mariadb.jdbc.Connection@599f0115 ((conn=19150) Connection.setNetworkTimeout cannot be called on a closed connection). Possibly consider using a shorter maxLifetime value.
[12:38:02:202] [WARN] - com.zaxxer.hikari.pool.PoolBase.isConnectionAlive(PoolBase.java:184) - data-pool- - Failed to validate connection org.mariadb.jdbc.Connection@6e350fca ((conn=19149) Connection.setNetworkTimeout cannot be called on a closed connection). Possibly consider using a shorter maxLifetime value.
[12:52:32:184] [WARN] - com.zaxxer.hikari.pool.PoolBase.isConnectionAlive(PoolBase.java:184) - data-pool- - Failed to validate connection org.mariadb.jdbc.Connection@288519e2 ((conn=19173) Connection.setNetworkTimeout cannot be called on a closed connection). Possibly consider using a shorter maxLifetime value.
[12:52:52:183] [WARN] - com.zaxxer.hikari.pool.PoolBase.isConnectionAlive(PoolBase.java:184) - data-pool- - Failed to validate connection org.mariadb.jdbc.Connection@eb2e03b ((conn=19176) Connection.setNetworkTimeout cannot be called on a closed connection). Possibly consider using a shorter maxLifetime value.
[12:58:42:184] [WARN] - com.zaxxer.hikari.pool.PoolBase.isConnectionAlive(PoolBase.java:184) - data-pool- - Failed to validate connection org.mariadb.jdbc.Connection@69280636 ((conn=19184) Connection.setNetworkTimeout cannot be called on a closed connection). Possibly consider using a shorter maxLifetime value.
[12:58:42:188] [WARN] - com.zaxxer.hikari.pool.PoolBase.isConnectionAlive(PoolBase.java:184) - data-pool- - Failed to validate connection org.mariadb.jdbc.Connection@4cf067e9 ((conn=19185) Connection.setNetworkTimeout cannot be called on a closed connection). Possibly consider using a shorter maxLifetime value.
[13:00:52:182] [WARN] - com.zaxxer.hikari.pool.PoolBase.isConnectionAlive(PoolBase.java:184) - data-pool- - Failed to validate connection org.mariadb.jdbc.Connection@79d7d47c ((conn=19198) Connection.setNetworkTimeout cannot be called on a closed connection). Possibly consider using a shorter maxLifetime value.
[13:00:52:186] [WARN] - com.zaxxer.hikari.pool.PoolBase.isConnectionAlive(PoolBase.java:184) - data-pool- - Failed to validate connection org.mariadb.jdbc.Connection@1f26c618 ((conn=19199) Connection.setNetworkTimeout cannot be called on a closed connection). Possibly consider using a shorter maxLifetime value.
[13:00:52:189] [WARN] - com.zaxxer.hikari.pool.PoolBase.isConnectionAlive(PoolBase.java:184) - data-pool- - Failed to validate connection org.mariadb.jdbc.Connection@4c2ef5cf ((conn=19200) Connection.setNetworkTimeout cannot be called on a closed connection). Possibly consider using a shorter maxLifetime value.
[13:00:52:192] [WARN] - com.zaxxer.hikari.pool.PoolBase.isConnectionAlive(PoolBase.java:184) - data-pool- - Failed to validate connection org.mariadb.jdbc.Connection@b9dac02 ((conn=19201) Connection.setNetworkTimeout cannot be called on a closed connection). Possibly consider using a shorter maxLifetime value.
[13:06:52:185] [WARN] - com.zaxxer.hikari.pool.PoolBase.isConnectionAlive(PoolBase.java:184) - data-pool- - Failed to validate connection org.mariadb.jdbc.Connection@5ab9aa45 ((conn=19212) Connection.setNetworkTimeout cannot be called on a closed connection). Possibly consider using a shorter maxLifetime value.
[13:12:42:186] [WARN] - com.zaxxer.hikari.pool.PoolBase.isConnectionAlive(PoolBase.java:184) - data-pool- - Failed to validate connection org.mariadb.jdbc.Connection@3d8a8cc1 ((conn=19220) Connection.setNetworkTimeout cannot be called on a closed connection). Possibly consider using a shorter maxLifetime value.
[13:12:42:187] [WARN] - com.zaxxer.hikari.pool.PoolBase.isConnectionAlive(PoolBase.java:184) - data-pool- - Failed to validate connection org.mariadb.jdbc.Connection@53ac252f ((conn=19221) Connection.setNetworkTimeout cannot be called on a closed connection). Possibly consider using a shorter maxLifetime value.
[13:12:42:190] [WARN] - com.zaxxer.hikari.pool.PoolBase.isConnectionAlive(PoolBase.java:184) - data-pool- - Failed to validate connection org.mariadb.jdbc.Connection@45485352 ((conn=19222) Connection.setNetworkTimeout cannot be called on a closed connection). Possibly consider using a shorter maxLifetime value.
[13:20:52:186] [WARN] - com.zaxxer.hikari.pool.PoolBase.isConnectionAlive(PoolBase.java:184) - data-pool- - Failed to validate connection org.mariadb.jdbc.Connection@560a05cb ((conn=19234) Connection.setNetworkTimeout cannot be called on a closed connection). Possibly consider using a shorter maxLifetime value.
[13:20:52:191] [WARN] - com.zaxxer.hikari.pool.PoolBase.isConnectionAlive(PoolBase.java:184) - data-pool- - Failed to validate connection org.mariadb.jdbc.Connection@5cf26ebb ((conn=19235) Connection.setNetworkTimeout cannot be called on a closed connection). Possibly consider using a shorter maxLifetime value.
[13:20:52:193] [WARN] - com.zaxxer.hikari.pool.PoolBase.isConnectionAlive(PoolBase.java:184) - data-pool- - Failed to validate connection org.mariadb.jdbc.Connection@19f0fb41 ((conn=19236) Connection.setNetworkTimeout cannot be called on a closed connection). Possibly consider using a shorter maxLifetime value.
[13:20:52:199] [WARN] - com.zaxxer.hikari.pool.PoolBase.isConnectionAlive(PoolBase.java:184) - data-pool- - Failed to validate connection org.mariadb.jdbc.Connection@1fd291e9 ((conn=19237) Connection.setNetworkTimeout cannot be called on a closed connection). Possibly consider using a shorter maxLifetime value.
[13:23:12:194] [WARN] - com.zaxxer.hikari.pool.PoolBase.isConnectionAlive(PoolBase.java:184) - data-pool- - Failed to validate connection org.mariadb.jdbc.Connection@45ba4622 ((conn=19239) Connection.setNetworkTimeout cannot be called on a closed connection). Possibly consider using a shorter maxLifetime value.
[13:23:12:195] [WARN] - com.zaxxer.hikari.pool.PoolBase.isConnectionAlive(PoolBase.java:184) - data-pool- - Failed to validate connection org.mariadb.jdbc.Connection@30b50787 ((conn=19240) Connection.setNetworkTimeout cannot be called on a closed connection). Possibly consider using a shorter maxLifetime value.
[13:23:12:198] [WARN] - com.zaxxer.hikari.pool.PoolBase.isConnectionAlive(PoolBase.java:184) - data-pool- - Failed to validate connection org.mariadb.jdbc.Connection@4874c19 ((conn=19241) Connection.setNetworkTimeout cannot be called on a closed connection). Possibly consider using a shorter maxLifetime value.
[13:23:12:204] [WARN] - com.zaxxer.hikari.pool.PoolBase.isConnectionAlive(PoolBase.java:184) - data-pool- - Failed to validate connection org.mariadb.jdbc.Connection@301b6b60 ((conn=19242) Connection.setNetworkTimeout cannot be called on a closed connection). Possibly consider using a shorter maxLifetime value.
[13:26:42:188] [WARN] - com.zaxxer.hikari.pool.PoolBase.isConnectionAlive(PoolBase.java:184) - data-pool- - Failed to validate connection org.mariadb.jdbc.Connection@49536a40 ((conn=19248) Connection.setNetworkTimeout cannot be called on a closed connection). Possibly consider using a shorter maxLifetime value.
[13:31:52:196] [WARN] - com.zaxxer.hikari.pool.PoolBase.isConnectionAlive(PoolBase.java:184) - data-pool- - Failed to validate connection org.mariadb.jdbc.Connection@a433610 ((conn=19265) Connection.setNetworkTimeout cannot be called on a closed connection). Possibly consider using a shorter maxLifetime value.
[13:31:52:202] [WARN] - com.zaxxer.hikari.pool.PoolBase.isConnectionAlive(PoolBase.java:184) - data-pool- - Failed to validate connection org.mariadb.jdbc.Connection@bb5d60 ((conn=19266) Connection.setNetworkTimeout cannot be called on a closed connection). Possibly consider using a shorter maxLifetime value.
[13:31:52:204] [WARN] - com.zaxxer.hikari.pool.PoolBase.isConnectionAlive(PoolBase.java:184) - data-pool- - Failed to validate connection org.mariadb.jdbc.Connection@45b9c313 ((conn=19267) Connection.setNetworkTimeout cannot be called on a closed connection). Possibly consider using a shorter maxLifetime value.
[13:31:52:208] [WARN] - com.zaxxer.hikari.pool.PoolBase.isConnectionAlive(PoolBase.java:184) - data-pool- - Failed to validate connection org.mariadb.jdbc.Connection@56599e02 ((conn=19268) Connection.setNetworkTimeout cannot be called on a closed connection). Possibly consider using a shorter maxLifetime value.
[13:38:02:198] [WARN] - com.zaxxer.hikari.pool.PoolBase.isConnectionAlive(PoolBase.java:184) - data-pool- - Failed to validate connection org.mariadb.jdbc.Connection@7f6a8d1c ((conn=19279) Connection.setNetworkTimeout cannot be called on a closed connection). Possibly consider using a shorter maxLifetime value.
[13:46:17:171] [INFO] - my.utils.loggerUtils.info(loggerUtils.java:18) - 加载version文件完成！
[13:46:17:234] [INFO] - my.utils.loggerUtils.info(loggerUtils.java:18) - 加载nmb.apk完成！
[13:46:17:319] [INFO] - my.utils.loggerUtils.info(loggerUtils.java:18) - 实例化服务完成！
[13:46:17:652] [WARN] - com.zaxxer.hikari.HikariConfig.validateNumerics(HikariConfig.java:1084) - data-pool- - idleTimeout is close to or more than maxLifetime, disabling it.
[13:46:17:655] [INFO] - com.zaxxer.hikari.HikariDataSource.<init>(HikariDataSource.java:80) - data-pool- - Starting...
[13:46:17:817] [INFO] - com.zaxxer.hikari.HikariDataSource.<init>(HikariDataSource.java:82) - data-pool- - Start completed.
[13:46:18:500] [INFO] - my.utils.loggerUtils.info(loggerUtils.java:18) - 定时任务启动完成！
[13:46:19:996] [INFO] - my.utils.loggerUtils.info(loggerUtils.java:18) - 服务已经启动/9667
[13:48:48:508] [WARN] - com.zaxxer.hikari.pool.PoolBase.isConnectionAlive(PoolBase.java:184) - data-pool- - Failed to validate connection org.mariadb.jdbc.Connection@41480c59 ((conn=19296) Connection.setNetworkTimeout cannot be called on a closed connection). Possibly consider using a shorter maxLifetime value.
[13:51:24:869] [WARN] - com.zaxxer.hikari.pool.PoolBase.isConnectionAlive(PoolBase.java:184) - data-pool- - Failed to validate connection org.mariadb.jdbc.Connection@35bbbd7b ((conn=19302) Connection.setNetworkTimeout cannot be called on a closed connection). Possibly consider using a shorter maxLifetime value.
[13:54:38:496] [WARN] - com.zaxxer.hikari.pool.PoolBase.isConnectionAlive(PoolBase.java:184) - data-pool- - Failed to validate connection org.mariadb.jdbc.Connection@3f43d60b ((conn=19306) Connection.setNetworkTimeout cannot be called on a closed connection). Possibly consider using a shorter maxLifetime value.
[13:54:38:498] [WARN] - com.zaxxer.hikari.pool.PoolBase.isConnectionAlive(PoolBase.java:184) - data-pool- - Failed to validate connection org.mariadb.jdbc.Connection@12f965d1 ((conn=19307) Connection.setNetworkTimeout cannot be called on a closed connection). Possibly consider using a shorter maxLifetime value.
[13:54:38:500] [WARN] - com.zaxxer.hikari.pool.PoolBase.isConnectionAlive(PoolBase.java:184) - data-pool- - Failed to validate connection org.mariadb.jdbc.Connection@4bf19397 ((conn=19308) Connection.setNetworkTimeout cannot be called on a closed connection). Possibly consider using a shorter maxLifetime value.
[13:54:38:501] [WARN] - com.zaxxer.hikari.pool.PoolBase.isConnectionAlive(PoolBase.java:184) - data-pool- - Failed to validate connection org.mariadb.jdbc.Connection@6aa3e76c ((conn=19309) Connection.setNetworkTimeout cannot be called on a closed connection). Possibly consider using a shorter maxLifetime value.
[13:56:58:504] [WARN] - com.zaxxer.hikari.pool.PoolBase.isConnectionAlive(PoolBase.java:184) - data-pool- - Failed to validate connection org.mariadb.jdbc.Connection@6d467c52 ((conn=19311) Connection.setNetworkTimeout cannot be called on a closed connection). Possibly consider using a shorter maxLifetime value.
[13:57:23:068] [WARN] - com.zaxxer.hikari.pool.PoolBase.isConnectionAlive(PoolBase.java:184) - data-pool- - Failed to validate connection org.mariadb.jdbc.Connection@81ee09e ((conn=19312) Connection.setNetworkTimeout cannot be called on a closed connection). Possibly consider using a shorter maxLifetime value.
[13:57:23:073] [WARN] - com.zaxxer.hikari.pool.PoolBase.isConnectionAlive(PoolBase.java:184) - data-pool- - Failed to validate connection org.mariadb.jdbc.Connection@6f7ca0e0 ((conn=19313) Connection.setNetworkTimeout cannot be called on a closed connection). Possibly consider using a shorter maxLifetime value.
[13:57:23:074] [WARN] - com.zaxxer.hikari.pool.PoolBase.isConnectionAlive(PoolBase.java:184) - data-pool- - Failed to validate connection org.mariadb.jdbc.Connection@39dc0968 ((conn=19314) Connection.setNetworkTimeout cannot be called on a closed connection). Possibly consider using a shorter maxLifetime value.
[14:00:08:499] [WARN] - com.zaxxer.hikari.pool.PoolBase.isConnectionAlive(PoolBase.java:184) - data-pool- - Failed to validate connection org.mariadb.jdbc.Connection@77518849 ((conn=19325) Connection.setNetworkTimeout cannot be called on a closed connection). Possibly consider using a shorter maxLifetime value.
[14:00:08:504] [WARN] - com.zaxxer.hikari.pool.PoolBase.isConnectionAlive(PoolBase.java:184) - data-pool- - Failed to validate connection org.mariadb.jdbc.Connection@7da9e339 ((conn=19326) Connection.setNetworkTimeout cannot be called on a closed connection). Possibly consider using a shorter maxLifetime value.
[14:00:08:509] [WARN] - com.zaxxer.hikari.pool.PoolBase.isConnectionAlive(PoolBase.java:184) - data-pool- - Failed to validate connection org.mariadb.jdbc.Connection@38ab72e8 ((conn=19327) Connection.setNetworkTimeout cannot be called on a closed connection). Possibly consider using a shorter maxLifetime value.
[14:00:08:518] [WARN] - com.zaxxer.hikari.pool.PoolBase.isConnectionAlive(PoolBase.java:184) - data-pool- - Failed to validate connection org.mariadb.jdbc.Connection@4343b674 ((conn=19328) Connection.setNetworkTimeout cannot be called on a closed connection). Possibly consider using a shorter maxLifetime value.
[14:02:58:507] [WARN] - com.zaxxer.hikari.pool.PoolBase.isConnectionAlive(PoolBase.java:184) - data-pool- - Failed to validate connection org.mariadb.jdbc.Connection@964c154 ((conn=19331) Connection.setNetworkTimeout cannot be called on a closed connection). Possibly consider using a shorter maxLifetime value.
[14:02:58:511] [WARN] - com.zaxxer.hikari.pool.PoolBase.isConnectionAlive(PoolBase.java:184) - data-pool- - Failed to validate connection org.mariadb.jdbc.Connection@7a32e08 ((conn=19332) Connection.setNetworkTimeout cannot be called on a closed connection). Possibly consider using a shorter maxLifetime value.
[14:02:58:514] [WARN] - com.zaxxer.hikari.pool.PoolBase.isConnectionAlive(PoolBase.java:184) - data-pool- - Failed to validate connection org.mariadb.jdbc.Connection@39caa24 ((conn=19333) Connection.setNetworkTimeout cannot be called on a closed connection). Possibly consider using a shorter maxLifetime value.
[14:02:58:517] [WARN] - com.zaxxer.hikari.pool.PoolBase.isConnectionAlive(PoolBase.java:184) - data-pool- - Failed to validate connection org.mariadb.jdbc.Connection@469e2433 ((conn=19334) Connection.setNetworkTimeout cannot be called on a closed connection). Possibly consider using a shorter maxLifetime value.
[14:06:18:514] [WARN] - com.zaxxer.hikari.pool.PoolBase.isConnectionAlive(PoolBase.java:184) - data-pool- - Failed to validate connection org.mariadb.jdbc.Connection@76d4467f ((conn=19340) Connection.setNetworkTimeout cannot be called on a closed connection). Possibly consider using a shorter maxLifetime value.
[14:11:58:506] [WARN] - com.zaxxer.hikari.pool.PoolBase.isConnectionAlive(PoolBase.java:184) - data-pool- - Failed to validate connection org.mariadb.jdbc.Connection@10ff5dcb ((conn=19350) Connection.setNetworkTimeout cannot be called on a closed connection). Possibly consider using a shorter maxLifetime value.
[14:17:48:509] [WARN] - com.zaxxer.hikari.pool.PoolBase.isConnectionAlive(PoolBase.java:184) - data-pool- - Failed to validate connection org.mariadb.jdbc.Connection@195f660c ((conn=19358) Connection.setNetworkTimeout cannot be called on a closed connection). Possibly consider using a shorter maxLifetime value.
[14:17:48:512] [WARN] - com.zaxxer.hikari.pool.PoolBase.isConnectionAlive(PoolBase.java:184) - data-pool- - Failed to validate connection org.mariadb.jdbc.Connection@17988b57 ((conn=19359) Connection.setNetworkTimeout cannot be called on a closed connection). Possibly consider using a shorter maxLifetime value.
[14:17:48:513] [WARN] - com.zaxxer.hikari.pool.PoolBase.isConnectionAlive(PoolBase.java:184) - data-pool- - Failed to validate connection org.mariadb.jdbc.Connection@13a70d7c ((conn=19360) Connection.setNetworkTimeout cannot be called on a closed connection). Possibly consider using a shorter maxLifetime value.
[14:29:38:501] [WARN] - com.zaxxer.hikari.pool.PoolBase.isConnectionAlive(PoolBase.java:184) - data-pool- - Failed to validate connection org.mariadb.jdbc.Connection@705a74c ((conn=19386) Connection.setNetworkTimeout cannot be called on a closed connection). Possibly consider using a shorter maxLifetime value.
[14:29:38:505] [WARN] - com.zaxxer.hikari.pool.PoolBase.isConnectionAlive(PoolBase.java:184) - data-pool- - Failed to validate connection org.mariadb.jdbc.Connection@9c249dc ((conn=19388) Connection.setNetworkTimeout cannot be called on a closed connection). Possibly consider using a shorter maxLifetime value.
[14:29:38:507] [WARN] - com.zaxxer.hikari.pool.PoolBase.isConnectionAlive(PoolBase.java:184) - data-pool- - Failed to validate connection org.mariadb.jdbc.Connection@dfdcc3c ((conn=19390) Connection.setNetworkTimeout cannot be called on a closed connection). Possibly consider using a shorter maxLifetime value.
[14:32:19:546] [INFO] - my.utils.loggerUtils.info(loggerUtils.java:18) - 加载version文件完成！
[14:32:19:616] [INFO] - my.utils.loggerUtils.info(loggerUtils.java:18) - 加载nmb.apk完成！
[14:32:19:716] [INFO] - my.utils.loggerUtils.info(loggerUtils.java:18) - 实例化服务完成！
[14:32:20:075] [WARN] - com.zaxxer.hikari.HikariConfig.validateNumerics(HikariConfig.java:1084) - data-pool- - idleTimeout is close to or more than maxLifetime, disabling it.
[14:32:20:080] [INFO] - com.zaxxer.hikari.HikariDataSource.<init>(HikariDataSource.java:80) - data-pool- - Starting...
[14:32:20:260] [INFO] - com.zaxxer.hikari.HikariDataSource.<init>(HikariDataSource.java:82) - data-pool- - Start completed.
[14:32:21:122] [INFO] - my.utils.loggerUtils.info(loggerUtils.java:18) - 定时任务启动完成！
[14:32:22:751] [INFO] - my.utils.loggerUtils.info(loggerUtils.java:18) - 服务已经启动/9667
[14:34:51:128] [WARN] - com.zaxxer.hikari.pool.PoolBase.isConnectionAlive(PoolBase.java:184) - data-pool- - Failed to validate connection org.mariadb.jdbc.Connection@20773eac ((conn=19398) Connection.setNetworkTimeout cannot be called on a closed connection). Possibly consider using a shorter maxLifetime value.
[14:38:01:131] [WARN] - com.zaxxer.hikari.pool.PoolBase.isConnectionAlive(PoolBase.java:184) - data-pool- - Failed to validate connection org.mariadb.jdbc.Connection@5e52bd4d ((conn=19403) Connection.setNetworkTimeout cannot be called on a closed connection). Possibly consider using a shorter maxLifetime value.
[14:38:01:138] [WARN] - com.zaxxer.hikari.pool.PoolBase.isConnectionAlive(PoolBase.java:184) - data-pool- - Failed to validate connection org.mariadb.jdbc.Connection@54aad63d ((conn=19404) Connection.setNetworkTimeout cannot be called on a closed connection). Possibly consider using a shorter maxLifetime value.
[14:38:01:140] [WARN] - com.zaxxer.hikari.pool.PoolBase.isConnectionAlive(PoolBase.java:184) - data-pool- - Failed to validate connection org.mariadb.jdbc.Connection@11a852cc ((conn=19405) Connection.setNetworkTimeout cannot be called on a closed connection). Possibly consider using a shorter maxLifetime value.
[14:38:01:143] [WARN] - com.zaxxer.hikari.pool.PoolBase.isConnectionAlive(PoolBase.java:184) - data-pool- - Failed to validate connection org.mariadb.jdbc.Connection@5a5b3d61 ((conn=19406) Connection.setNetworkTimeout cannot be called on a closed connection). Possibly consider using a shorter maxLifetime value.
[14:39:28:999] [INFO] - my.utils.loggerUtils.info(loggerUtils.java:18) - 加载version文件完成！
[14:39:29:071] [INFO] - my.utils.loggerUtils.info(loggerUtils.java:18) - 加载nmb.apk完成！
[14:39:29:175] [INFO] - my.utils.loggerUtils.info(loggerUtils.java:18) - 实例化服务完成！
[14:39:29:525] [WARN] - com.zaxxer.hikari.HikariConfig.validateNumerics(HikariConfig.java:1084) - data-pool- - idleTimeout is close to or more than maxLifetime, disabling it.
[14:39:29:531] [INFO] - com.zaxxer.hikari.HikariDataSource.<init>(HikariDataSource.java:80) - data-pool- - Starting...
[14:39:29:736] [INFO] - com.zaxxer.hikari.HikariDataSource.<init>(HikariDataSource.java:82) - data-pool- - Start completed.
[14:39:30:478] [INFO] - my.utils.loggerUtils.info(loggerUtils.java:18) - 定时任务启动完成！
[14:39:31:934] [INFO] - my.utils.loggerUtils.info(loggerUtils.java:18) - 服务已经启动/9667
[14:46:52:906] [WARN] - com.zaxxer.hikari.pool.PoolBase.isConnectionAlive(PoolBase.java:184) - data-pool- - Failed to validate connection org.mariadb.jdbc.Connection@38d6339f ((conn=19419) Connection.setNetworkTimeout cannot be called on a closed connection). Possibly consider using a shorter maxLifetime value.
[14:46:52:906] [WARN] - com.zaxxer.hikari.pool.PoolBase.isConnectionAlive(PoolBase.java:184) - data-pool- - Failed to validate connection org.mariadb.jdbc.Connection@7915629e ((conn=19418) Connection.setNetworkTimeout cannot be called on a closed connection). Possibly consider using a shorter maxLifetime value.
[14:46:52:904] [WARN] - com.zaxxer.hikari.pool.HikariPool$HouseKeeper.run(HikariPool.java:788) - data-pool- - Thread starvation or clock leap detected (housekeeper delta=2m8s724ms610µs300ns).
[14:46:52:917] [WARN] - com.zaxxer.hikari.pool.PoolBase.isConnectionAlive(PoolBase.java:184) - data-pool- - Failed to validate connection org.mariadb.jdbc.Connection@6849330c ((conn=19420) Connection.setNetworkTimeout cannot be called on a closed connection). Possibly consider using a shorter maxLifetime value.
[14:47:04:879] [INFO] - my.utils.loggerUtils.info(loggerUtils.java:18) - 加载version文件完成！
[14:47:04:944] [INFO] - my.utils.loggerUtils.info(loggerUtils.java:18) - 加载nmb.apk完成！
[14:47:05:025] [INFO] - my.utils.loggerUtils.info(loggerUtils.java:18) - 实例化服务完成！
[14:47:05:353] [WARN] - com.zaxxer.hikari.HikariConfig.validateNumerics(HikariConfig.java:1084) - data-pool- - idleTimeout is close to or more than maxLifetime, disabling it.
[14:47:05:356] [INFO] - com.zaxxer.hikari.HikariDataSource.<init>(HikariDataSource.java:80) - data-pool- - Starting...
[14:47:05:515] [INFO] - com.zaxxer.hikari.HikariDataSource.<init>(HikariDataSource.java:82) - data-pool- - Start completed.
[14:47:06:160] [INFO] - my.utils.loggerUtils.info(loggerUtils.java:18) - 定时任务启动完成！
[14:47:07:409] [INFO] - my.utils.loggerUtils.info(loggerUtils.java:18) - 服务已经启动/9667
[14:48:41:554] [WARN] - com.zaxxer.hikari.pool.HikariPool$HouseKeeper.run(HikariPool.java:788) - data-pool- - Thread starvation or clock leap detected (housekeeper delta=1m5s919ms500µs).
[14:48:53:331] [INFO] - my.utils.loggerUtils.info(loggerUtils.java:18) - 加载version文件完成！
[14:48:53:394] [INFO] - my.utils.loggerUtils.info(loggerUtils.java:18) - 加载nmb.apk完成！
[14:48:53:486] [INFO] - my.utils.loggerUtils.info(loggerUtils.java:18) - 实例化服务完成！
[14:48:53:807] [WARN] - com.zaxxer.hikari.HikariConfig.validateNumerics(HikariConfig.java:1084) - data-pool- - idleTimeout is close to or more than maxLifetime, disabling it.
[14:48:53:810] [INFO] - com.zaxxer.hikari.HikariDataSource.<init>(HikariDataSource.java:80) - data-pool- - Starting...
[14:48:53:969] [INFO] - com.zaxxer.hikari.HikariDataSource.<init>(HikariDataSource.java:82) - data-pool- - Start completed.
[14:48:54:654] [INFO] - my.utils.loggerUtils.info(loggerUtils.java:18) - 定时任务启动完成！
[14:48:56:198] [INFO] - my.utils.loggerUtils.info(loggerUtils.java:18) - 服务已经启动/9667
[14:59:55:960] [WARN] - com.zaxxer.hikari.pool.PoolBase.isConnectionAlive(PoolBase.java:184) - data-pool- - Failed to validate connection org.mariadb.jdbc.Connection@258fcb37 ((conn=19460) Connection.setNetworkTimeout cannot be called on a closed connection). Possibly consider using a shorter maxLifetime value.
[15:03:04:662] [WARN] - com.zaxxer.hikari.pool.PoolBase.isConnectionAlive(PoolBase.java:184) - data-pool- - Failed to validate connection org.mariadb.jdbc.Connection@3b8343d5 ((conn=19464) Connection.setNetworkTimeout cannot be called on a closed connection). Possibly consider using a shorter maxLifetime value.
[15:03:04:666] [WARN] - com.zaxxer.hikari.pool.PoolBase.isConnectionAlive(PoolBase.java:184) - data-pool- - Failed to validate connection org.mariadb.jdbc.Connection@2545389e ((conn=19465) Connection.setNetworkTimeout cannot be called on a closed connection). Possibly consider using a shorter maxLifetime value.
[15:03:04:668] [WARN] - com.zaxxer.hikari.pool.PoolBase.isConnectionAlive(PoolBase.java:184) - data-pool- - Failed to validate connection org.mariadb.jdbc.Connection@13b5f01 ((conn=19466) Connection.setNetworkTimeout cannot be called on a closed connection). Possibly consider using a shorter maxLifetime value.
[15:03:04:678] [WARN] - com.zaxxer.hikari.pool.PoolBase.isConnectionAlive(PoolBase.java:184) - data-pool- - Failed to validate connection org.mariadb.jdbc.Connection@20872918 ((conn=19467) Connection.setNetworkTimeout cannot be called on a closed connection). Possibly consider using a shorter maxLifetime value.
[15:11:05:343] [WARN] - com.zaxxer.hikari.pool.PoolBase.isConnectionAlive(PoolBase.java:184) - data-pool- - Failed to validate connection org.mariadb.jdbc.Connection@2504a29a ((conn=19481) Connection.setNetworkTimeout cannot be called on a closed connection). Possibly consider using a shorter maxLifetime value.
[15:13:32:873] [WARN] - com.zaxxer.hikari.pool.PoolBase.isConnectionAlive(PoolBase.java:184) - data-pool- - Failed to validate connection org.mariadb.jdbc.Connection@384c3fb1 ((conn=19485) Connection.setNetworkTimeout cannot be called on a closed connection). Possibly consider using a shorter maxLifetime value.
[15:15:34:660] [WARN] - com.zaxxer.hikari.pool.PoolBase.isConnectionAlive(PoolBase.java:184) - data-pool- - Failed to validate connection org.mariadb.jdbc.Connection@6f293f45 ((conn=19488) Connection.setNetworkTimeout cannot be called on a closed connection). Possibly consider using a shorter maxLifetime value.
[15:17:04:660] [WARN] - com.zaxxer.hikari.pool.PoolBase.isConnectionAlive(PoolBase.java:184) - data-pool- - Failed to validate connection org.mariadb.jdbc.Connection@be073db ((conn=19491) Connection.setNetworkTimeout cannot be called on a closed connection). Possibly consider using a shorter maxLifetime value.
[15:17:04:665] [WARN] - com.zaxxer.hikari.pool.PoolBase.isConnectionAlive(PoolBase.java:184) - data-pool- - Failed to validate connection org.mariadb.jdbc.Connection@503c8755 ((conn=19492) Connection.setNetworkTimeout cannot be called on a closed connection). Possibly consider using a shorter maxLifetime value.
[15:20:03:686] [WARN] - com.zaxxer.hikari.pool.PoolBase.isConnectionAlive(PoolBase.java:184) - data-pool- - Failed to validate connection org.mariadb.jdbc.Connection@55f5fae ((conn=19496) Connection.setNetworkTimeout cannot be called on a closed connection). Possibly consider using a shorter maxLifetime value.
[22:16:27:737] [INFO] - my.utils.loggerUtils.info(loggerUtils.java:18) - 加载version文件完成！
[22:16:27:764] [INFO] - my.utils.loggerUtils.info(loggerUtils.java:18) - 加载nmb.apk完成！
[22:16:27:798] [INFO] - my.utils.loggerUtils.info(loggerUtils.java:18) - 实例化服务完成！
[22:16:27:932] [WARN] - com.zaxxer.hikari.HikariConfig.validateNumerics(HikariConfig.java:1084) - data-pool- - idleTimeout is close to or more than maxLifetime, disabling it.
[22:16:27:933] [INFO] - com.zaxxer.hikari.HikariDataSource.<init>(HikariDataSource.java:80) - data-pool- - Starting...
[22:16:27:991] [INFO] - com.zaxxer.hikari.HikariDataSource.<init>(HikariDataSource.java:82) - data-pool- - Start completed.
[22:16:28:258] [INFO] - my.utils.loggerUtils.info(loggerUtils.java:18) - 定时任务启动完成！
[22:16:28:796] [INFO] - my.utils.loggerUtils.info(loggerUtils.java:18) - 服务已经启动/9667
[22:19:58:270] [WARN] - com.zaxxer.hikari.pool.PoolBase.isConnectionAlive(PoolBase.java:184) - data-pool- - Failed to validate connection org.mariadb.jdbc.Connection@6ed37b9d ((conn=19529) Connection.setNetworkTimeout cannot be called on a closed connection). Possibly consider using a shorter maxLifetime value.
[22:22:28:269] [WARN] - com.zaxxer.hikari.pool.PoolBase.isConnectionAlive(PoolBase.java:184) - data-pool- - Failed to validate connection org.mariadb.jdbc.Connection@17eec8a4 ((conn=19535) Connection.setNetworkTimeout cannot be called on a closed connection). Possibly consider using a shorter maxLifetime value.
[22:30:38:265] [WARN] - com.zaxxer.hikari.pool.PoolBase.isConnectionAlive(PoolBase.java:184) - data-pool- - Failed to validate connection org.mariadb.jdbc.Connection@7e776971 ((conn=19556) Connection.setNetworkTimeout cannot be called on a closed connection). Possibly consider using a shorter maxLifetime value.
[22:30:38:272] [WARN] - com.zaxxer.hikari.pool.PoolBase.isConnectionAlive(PoolBase.java:184) - data-pool- - Failed to validate connection org.mariadb.jdbc.Connection@27ddd29c ((conn=19557) Connection.setNetworkTimeout cannot be called on a closed connection). Possibly consider using a shorter maxLifetime value.
[22:30:38:275] [WARN] - com.zaxxer.hikari.pool.PoolBase.isConnectionAlive(PoolBase.java:184) - data-pool- - Failed to validate connection org.mariadb.jdbc.Connection@11130ac7 ((conn=19558) Connection.setNetworkTimeout cannot be called on a closed connection). Possibly consider using a shorter maxLifetime value.
[22:30:38:279] [WARN] - com.zaxxer.hikari.pool.PoolBase.isConnectionAlive(PoolBase.java:184) - data-pool- - Failed to validate connection org.mariadb.jdbc.Connection@546ac575 ((conn=19559) Connection.setNetworkTimeout cannot be called on a closed connection). Possibly consider using a shorter maxLifetime value.
[22:32:58:276] [WARN] - com.zaxxer.hikari.pool.PoolBase.isConnectionAlive(PoolBase.java:184) - data-pool- - Failed to validate connection org.mariadb.jdbc.Connection@674412cf ((conn=19561) Connection.setNetworkTimeout cannot be called on a closed connection). Possibly consider using a shorter maxLifetime value.
[22:33:18:267] [WARN] - com.zaxxer.hikari.pool.PoolBase.isConnectionAlive(PoolBase.java:184) - data-pool- - Failed to validate connection org.mariadb.jdbc.Connection@3dadb1c1 ((conn=19562) Connection.setNetworkTimeout cannot be called on a closed connection). Possibly consider using a shorter maxLifetime value.
[22:33:18:270] [WARN] - com.zaxxer.hikari.pool.PoolBase.isConnectionAlive(PoolBase.java:184) - data-pool- - Failed to validate connection org.mariadb.jdbc.Connection@3755dab1 ((conn=19563) Connection.setNetworkTimeout cannot be called on a closed connection). Possibly consider using a shorter maxLifetime value.
[22:33:18:271] [WARN] - com.zaxxer.hikari.pool.PoolBase.isConnectionAlive(PoolBase.java:184) - data-pool- - Failed to validate connection org.mariadb.jdbc.Connection@7257423f ((conn=19564) Connection.setNetworkTimeout cannot be called on a closed connection). Possibly consider using a shorter maxLifetime value.
[22:36:28:268] [WARN] - com.zaxxer.hikari.pool.PoolBase.isConnectionAlive(PoolBase.java:184) - data-pool- - Failed to validate connection org.mariadb.jdbc.Connection@19efebd3 ((conn=19570) Connection.setNetworkTimeout cannot be called on a closed connection). Possibly consider using a shorter maxLifetime value.
[22:39:38:277] [WARN] - com.zaxxer.hikari.pool.PoolBase.isConnectionAlive(PoolBase.java:184) - data-pool- - Failed to validate connection org.mariadb.jdbc.Connection@56979a7 ((conn=19576) Connection.setNetworkTimeout cannot be called on a closed connection). Possibly consider using a shorter maxLifetime value.
[22:41:48:271] [WARN] - com.zaxxer.hikari.pool.PoolBase.isConnectionAlive(PoolBase.java:184) - data-pool- - Failed to validate connection org.mariadb.jdbc.Connection@65ffe180 ((conn=19578) Connection.setNetworkTimeout cannot be called on a closed connection). Possibly consider using a shorter maxLifetime value.
[22:41:48:276] [WARN] - com.zaxxer.hikari.pool.PoolBase.isConnectionAlive(PoolBase.java:184) - data-pool- - Failed to validate connection org.mariadb.jdbc.Connection@4ec50e0f ((conn=19579) Connection.setNetworkTimeout cannot be called on a closed connection). Possibly consider using a shorter maxLifetime value.
[22:41:48:281] [WARN] - com.zaxxer.hikari.pool.PoolBase.isConnectionAlive(PoolBase.java:184) - data-pool- - Failed to validate connection org.mariadb.jdbc.Connection@3a972e11 ((conn=19580) Connection.setNetworkTimeout cannot be called on a closed connection). Possibly consider using a shorter maxLifetime value.
[22:42:18:262] [WARN] - com.zaxxer.hikari.pool.PoolBase.isConnectionAlive(PoolBase.java:184) - data-pool- - Failed to validate connection org.mariadb.jdbc.Connection@72aec89f ((conn=19581) Connection.setNetworkTimeout cannot be called on a closed connection). Possibly consider using a shorter maxLifetime value.
[22:43:58:265] [WARN] - com.zaxxer.hikari.pool.PoolBase.isConnectionAlive(PoolBase.java:184) - data-pool- - Failed to validate connection org.mariadb.jdbc.Connection@16d319ac ((conn=19583) Connection.setNetworkTimeout cannot be called on a closed connection). Possibly consider using a shorter maxLifetime value.
[22:43:58:271] [WARN] - com.zaxxer.hikari.pool.PoolBase.isConnectionAlive(PoolBase.java:184) - data-pool- - Failed to validate connection org.mariadb.jdbc.Connection@771f79d3 ((conn=19584) Connection.setNetworkTimeout cannot be called on a closed connection). Possibly consider using a shorter maxLifetime value.
[22:44:58:276] [WARN] - com.zaxxer.hikari.pool.PoolBase.isConnectionAlive(PoolBase.java:184) - data-pool- - Failed to validate connection org.mariadb.jdbc.Connection@691df46d ((conn=19585) Connection.setNetworkTimeout cannot be called on a closed connection). Possibly consider using a shorter maxLifetime value.
[22:44:58:279] [WARN] - com.zaxxer.hikari.pool.PoolBase.isConnectionAlive(PoolBase.java:184) - data-pool- - Failed to validate connection org.mariadb.jdbc.Connection@7208986 ((conn=19586) Connection.setNetworkTimeout cannot be called on a closed connection). Possibly consider using a shorter maxLifetime value.
[22:46:58:262] [WARN] - com.zaxxer.hikari.pool.PoolBase.isConnectionAlive(PoolBase.java:184) - data-pool- - Failed to validate connection org.mariadb.jdbc.Connection@675550c6 ((conn=19589) Connection.setNetworkTimeout cannot be called on a closed connection). Possibly consider using a shorter maxLifetime value.
[22:49:18:274] [WARN] - com.zaxxer.hikari.pool.PoolBase.isConnectionAlive(PoolBase.java:184) - data-pool- - Failed to validate connection org.mariadb.jdbc.Connection@5f773139 ((conn=19593) Connection.setNetworkTimeout cannot be called on a closed connection). Possibly consider using a shorter maxLifetime value.
[22:49:37:096] [WARN] - com.zaxxer.hikari.pool.PoolBase.isConnectionAlive(PoolBase.java:184) - data-pool- - Failed to validate connection org.mariadb.jdbc.Connection@f9112d7 ((conn=19594) Connection.setNetworkTimeout cannot be called on a closed connection). Possibly consider using a shorter maxLifetime value.
[22:51:28:271] [WARN] - com.zaxxer.hikari.pool.PoolBase.isConnectionAlive(PoolBase.java:184) - data-pool- - Failed to validate connection org.mariadb.jdbc.Connection@4a260793 ((conn=19597) Connection.setNetworkTimeout cannot be called on a closed connection). Possibly consider using a shorter maxLifetime value.
[22:52:14:066] [WARN] - com.zaxxer.hikari.pool.PoolBase.isConnectionAlive(PoolBase.java:184) - data-pool- - Failed to validate connection org.mariadb.jdbc.Connection@1f49203c ((conn=19601) Connection.setNetworkTimeout cannot be called on a closed connection). Possibly consider using a shorter maxLifetime value.
[22:53:28:861] [WARN] - com.zaxxer.hikari.pool.PoolBase.isConnectionAlive(PoolBase.java:184) - data-pool- - Failed to validate connection org.mariadb.jdbc.Connection@19739543 ((conn=19612) Connection.setNetworkTimeout cannot be called on a closed connection). Possibly consider using a shorter maxLifetime value.
[22:53:28:861] [WARN] - com.zaxxer.hikari.pool.PoolBase.isConnectionAlive(PoolBase.java:184) - data-pool- - Failed to validate connection org.mariadb.jdbc.Connection@469cb959 ((conn=19611) Connection.setNetworkTimeout cannot be called on a closed connection). Possibly consider using a shorter maxLifetime value.
[22:55:38:265] [WARN] - com.zaxxer.hikari.pool.PoolBase.isConnectionAlive(PoolBase.java:184) - data-pool- - Failed to validate connection org.mariadb.jdbc.Connection@380a0c4 ((conn=19615) Connection.setNetworkTimeout cannot be called on a closed connection). Possibly consider using a shorter maxLifetime value.
[22:55:38:269] [WARN] - com.zaxxer.hikari.pool.PoolBase.isConnectionAlive(PoolBase.java:184) - data-pool- - Failed to validate connection org.mariadb.jdbc.Connection@9798898 ((conn=19616) Connection.setNetworkTimeout cannot be called on a closed connection). Possibly consider using a shorter maxLifetime value.
