[11:54:26:212] [WARN] - com.zaxxer.hikari.pool.HikariPool$HouseKeeper.run(HikariPool.java:788) - data-pool- - Thread starvation or clock leap detected (housekeeper delta=11h56m2s377ms820µs500ns).
[12:00:01:464] [WARN] - com.zaxxer.hikari.pool.PoolBase.isConnectionAlive(PoolBase.java:184) - data-pool- - Failed to validate connection org.mariadb.jdbc.Connection@607dffdf ((conn=1273) Connection.setNetworkTimeout cannot be called on a closed connection). Possibly consider using a shorter maxLifetime value.
[12:03:11:462] [WARN] - com.zaxxer.hikari.pool.PoolBase.isConnectionAlive(PoolBase.java:184) - data-pool- - Failed to validate connection org.mariadb.jdbc.Connection@62d3f31b ((conn=1278) Connection.setNetworkTimeout cannot be called on a closed connection). Possibly consider using a shorter maxLifetime value.
[12:09:11:469] [WARN] - com.zaxxer.hikari.pool.PoolBase.isConnectionAlive(PoolBase.java:184) - data-pool- - Failed to validate connection org.mariadb.jdbc.Connection@10bd857c ((conn=1289) Connection.setNetworkTimeout cannot be called on a closed connection). Possibly consider using a shorter maxLifetime value.
[12:09:11:470] [WARN] - com.zaxxer.hikari.pool.PoolBase.isConnectionAlive(PoolBase.java:184) - data-pool- - Failed to validate connection org.mariadb.jdbc.Connection@74480426 ((conn=1290) Connection.setNetworkTimeout cannot be called on a closed connection). Possibly consider using a shorter maxLifetime value.
[12:11:51:470] [WARN] - com.zaxxer.hikari.pool.PoolBase.isConnectionAlive(PoolBase.java:184) - data-pool- - Failed to validate connection org.mariadb.jdbc.Connection@7ee95614 ((conn=1293) Connection.setNetworkTimeout cannot be called on a closed connection). Possibly consider using a shorter maxLifetime value.
[12:26:41:468] [WARN] - com.zaxxer.hikari.pool.PoolBase.isConnectionAlive(PoolBase.java:184) - data-pool- - Failed to validate connection org.mariadb.jdbc.Connection@2a860e79 ((conn=1318) Connection.setNetworkTimeout cannot be called on a closed connection). Possibly consider using a shorter maxLifetime value.
[12:26:41:469] [WARN] - com.zaxxer.hikari.pool.PoolBase.isConnectionAlive(PoolBase.java:184) - data-pool- - Failed to validate connection org.mariadb.jdbc.Connection@9d902f2 ((conn=1319) Connection.setNetworkTimeout cannot be called on a closed connection). Possibly consider using a shorter maxLifetime value.
[12:28:51:461] [WARN] - com.zaxxer.hikari.pool.PoolBase.isConnectionAlive(PoolBase.java:184) - data-pool- - Failed to validate connection org.mariadb.jdbc.Connection@63637352 ((conn=1323) Connection.setNetworkTimeout cannot be called on a closed connection). Possibly consider using a shorter maxLifetime value.
[12:32:11:461] [WARN] - com.zaxxer.hikari.pool.PoolBase.isConnectionAlive(PoolBase.java:184) - data-pool- - Failed to validate connection org.mariadb.jdbc.Connection@496aa00b ((conn=1328) Connection.setNetworkTimeout cannot be called on a closed connection). Possibly consider using a shorter maxLifetime value.
[12:32:11:461] [WARN] - com.zaxxer.hikari.pool.PoolBase.isConnectionAlive(PoolBase.java:184) - data-pool- - Failed to validate connection org.mariadb.jdbc.Connection@7af416af ((conn=1329) Connection.setNetworkTimeout cannot be called on a closed connection). Possibly consider using a shorter maxLifetime value.
[12:32:11:461] [WARN] - com.zaxxer.hikari.pool.PoolBase.isConnectionAlive(PoolBase.java:184) - data-pool- - Failed to validate connection org.mariadb.jdbc.Connection@7c2d031 ((conn=1330) Connection.setNetworkTimeout cannot be called on a closed connection). Possibly consider using a shorter maxLifetime value.
[12:32:11:462] [WARN] - com.zaxxer.hikari.pool.PoolBase.isConnectionAlive(PoolBase.java:184) - data-pool- - Failed to validate connection org.mariadb.jdbc.Connection@3ff68795 ((conn=1331) Connection.setNetworkTimeout cannot be called on a closed connection). Possibly consider using a shorter maxLifetime value.
[12:37:41:472] [WARN] - com.zaxxer.hikari.pool.PoolBase.isConnectionAlive(PoolBase.java:184) - data-pool- - Failed to validate connection org.mariadb.jdbc.Connection@464c5536 ((conn=1339) Connection.setNetworkTimeout cannot be called on a closed connection). Possibly consider using a shorter maxLifetime value.
[12:37:41:473] [WARN] - com.zaxxer.hikari.pool.PoolBase.isConnectionAlive(PoolBase.java:184) - data-pool- - Failed to validate connection org.mariadb.jdbc.Connection@23eb3f81 ((conn=1340) Connection.setNetworkTimeout cannot be called on a closed connection). Possibly consider using a shorter maxLifetime value.
[12:39:51:472] [WARN] - com.zaxxer.hikari.pool.PoolBase.isConnectionAlive(PoolBase.java:184) - data-pool- - Failed to validate connection org.mariadb.jdbc.Connection@629a3e3a ((conn=1344) Connection.setNetworkTimeout cannot be called on a closed connection). Possibly consider using a shorter maxLifetime value.
[12:41:01:469] [WARN] - com.zaxxer.hikari.pool.PoolBase.isConnectionAlive(PoolBase.java:184) - data-pool- - Failed to validate connection org.mariadb.jdbc.Connection@5fe1ef49 ((conn=1345) Connection.setNetworkTimeout cannot be called on a closed connection). Possibly consider using a shorter maxLifetime value.
[12:41:01:468] [WARN] - com.zaxxer.hikari.pool.PoolBase.isConnectionAlive(PoolBase.java:184) - data-pool- - Failed to validate connection org.mariadb.jdbc.Connection@6507836d ((conn=1346) Connection.setNetworkTimeout cannot be called on a closed connection). Possibly consider using a shorter maxLifetime value.
[12:46:31:473] [WARN] - com.zaxxer.hikari.pool.PoolBase.isConnectionAlive(PoolBase.java:184) - data-pool- - Failed to validate connection org.mariadb.jdbc.Connection@120b8b7e ((conn=1354) Connection.setNetworkTimeout cannot be called on a closed connection). Possibly consider using a shorter maxLifetime value.
[12:46:41:468] [WARN] - com.zaxxer.hikari.pool.PoolBase.isConnectionAlive(PoolBase.java:184) - data-pool- - Failed to validate connection org.mariadb.jdbc.Connection@59562ae8 ((conn=1355) Connection.setNetworkTimeout cannot be called on a closed connection). Possibly consider using a shorter maxLifetime value.
[12:46:41:470] [WARN] - com.zaxxer.hikari.pool.PoolBase.isConnectionAlive(PoolBase.java:184) - data-pool- - Failed to validate connection org.mariadb.jdbc.Connection@3dd78f35 ((conn=1356) Connection.setNetworkTimeout cannot be called on a closed connection). Possibly consider using a shorter maxLifetime value.
[12:48:41:469] [WARN] - com.zaxxer.hikari.pool.PoolBase.isConnectionAlive(PoolBase.java:184) - data-pool- - Failed to validate connection org.mariadb.jdbc.Connection@6246ddcd ((conn=1359) Connection.setNetworkTimeout cannot be called on a closed connection). Possibly consider using a shorter maxLifetime value.
[12:55:01:469] [WARN] - com.zaxxer.hikari.pool.PoolBase.isConnectionAlive(PoolBase.java:184) - data-pool- - Failed to validate connection org.mariadb.jdbc.Connection@3d33f96b ((conn=1370) Connection.setNetworkTimeout cannot be called on a closed connection). Possibly consider using a shorter maxLifetime value.
[12:55:01:471] [WARN] - com.zaxxer.hikari.pool.PoolBase.isConnectionAlive(PoolBase.java:184) - data-pool- - Failed to validate connection org.mariadb.jdbc.Connection@21ee81c0 ((conn=1371) Connection.setNetworkTimeout cannot be called on a closed connection). Possibly consider using a shorter maxLifetime value.
[12:55:21:470] [WARN] - com.zaxxer.hikari.pool.PoolBase.isConnectionAlive(PoolBase.java:184) - data-pool- - Failed to validate connection org.mariadb.jdbc.Connection@749056f1 ((conn=1372) Connection.setNetworkTimeout cannot be called on a closed connection). Possibly consider using a shorter maxLifetime value.
[13:01:21:474] [WARN] - com.zaxxer.hikari.pool.PoolBase.isConnectionAlive(PoolBase.java:184) - data-pool- - Failed to validate connection org.mariadb.jdbc.Connection@73af8b9c ((conn=1382) Connection.setNetworkTimeout cannot be called on a closed connection). Possibly consider using a shorter maxLifetime value.
[13:04:11:464] [WARN] - com.zaxxer.hikari.pool.PoolBase.isConnectionAlive(PoolBase.java:184) - data-pool- - Failed to validate connection org.mariadb.jdbc.Connection@3ca482be ((conn=1387) Connection.setNetworkTimeout cannot be called on a closed connection). Possibly consider using a shorter maxLifetime value.
[13:06:31:461] [WARN] - com.zaxxer.hikari.pool.PoolBase.isConnectionAlive(PoolBase.java:184) - data-pool- - Failed to validate connection org.mariadb.jdbc.Connection@422d6aea ((conn=1390) Connection.setNetworkTimeout cannot be called on a closed connection). Possibly consider using a shorter maxLifetime value.
[13:06:31:462] [WARN] - com.zaxxer.hikari.pool.PoolBase.isConnectionAlive(PoolBase.java:184) - data-pool- - Failed to validate connection org.mariadb.jdbc.Connection@52423834 ((conn=1391) Connection.setNetworkTimeout cannot be called on a closed connection). Possibly consider using a shorter maxLifetime value.
[13:09:51:461] [WARN] - com.zaxxer.hikari.pool.PoolBase.isConnectionAlive(PoolBase.java:184) - data-pool- - Failed to validate connection org.mariadb.jdbc.Connection@113cc0ea ((conn=1397) Connection.setNetworkTimeout cannot be called on a closed connection). Possibly consider using a shorter maxLifetime value.
[13:11:51:470] [WARN] - com.zaxxer.hikari.pool.PoolBase.isConnectionAlive(PoolBase.java:184) - data-pool- - Failed to validate connection org.mariadb.jdbc.Connection@34ddf858 ((conn=1400) Connection.setNetworkTimeout cannot be called on a closed connection). Possibly consider using a shorter maxLifetime value.
[13:12:31:472] [WARN] - com.zaxxer.hikari.pool.PoolBase.isConnectionAlive(PoolBase.java:184) - data-pool- - Failed to validate connection org.mariadb.jdbc.Connection@55dfaa27 ((conn=1401) Connection.setNetworkTimeout cannot be called on a closed connection). Possibly consider using a shorter maxLifetime value.
[13:12:31:477] [WARN] - com.zaxxer.hikari.pool.PoolBase.isConnectionAlive(PoolBase.java:184) - data-pool- - Failed to validate connection org.mariadb.jdbc.Connection@39525d8e ((conn=1402) Connection.setNetworkTimeout cannot be called on a closed connection). Possibly consider using a shorter maxLifetime value.
[13:12:31:477] [WARN] - com.zaxxer.hikari.pool.PoolBase.isConnectionAlive(PoolBase.java:184) - data-pool- - Failed to validate connection org.mariadb.jdbc.Connection@60f87a9d ((conn=1403) Connection.setNetworkTimeout cannot be called on a closed connection). Possibly consider using a shorter maxLifetime value.
[13:18:11:467] [WARN] - com.zaxxer.hikari.pool.PoolBase.isConnectionAlive(PoolBase.java:184) - data-pool- - Failed to validate connection org.mariadb.jdbc.Connection@7a2eb4ba ((conn=1411) Connection.setNetworkTimeout cannot be called on a closed connection). Possibly consider using a shorter maxLifetime value.
[13:18:11:469] [WARN] - com.zaxxer.hikari.pool.PoolBase.isConnectionAlive(PoolBase.java:184) - data-pool- - Failed to validate connection org.mariadb.jdbc.Connection@297b065 ((conn=1412) Connection.setNetworkTimeout cannot be called on a closed connection). Possibly consider using a shorter maxLifetime value.
[13:18:11:469] [WARN] - com.zaxxer.hikari.pool.PoolBase.isConnectionAlive(PoolBase.java:184) - data-pool- - Failed to validate connection org.mariadb.jdbc.Connection@7913b729 ((conn=1413) Connection.setNetworkTimeout cannot be called on a closed connection). Possibly consider using a shorter maxLifetime value.
[13:26:31:469] [WARN] - com.zaxxer.hikari.pool.PoolBase.isConnectionAlive(PoolBase.java:184) - data-pool- - Failed to validate connection org.mariadb.jdbc.Connection@14d1bd1d ((conn=1425) Connection.setNetworkTimeout cannot be called on a closed connection). Possibly consider using a shorter maxLifetime value.
[13:26:31:472] [WARN] - com.zaxxer.hikari.pool.PoolBase.isConnectionAlive(PoolBase.java:184) - data-pool- - Failed to validate connection org.mariadb.jdbc.Connection@4a62f5aa ((conn=1426) Connection.setNetworkTimeout cannot be called on a closed connection). Possibly consider using a shorter maxLifetime value.
[13:26:31:473] [WARN] - com.zaxxer.hikari.pool.PoolBase.isConnectionAlive(PoolBase.java:184) - data-pool- - Failed to validate connection org.mariadb.jdbc.Connection@2bba9441 ((conn=1427) Connection.setNetworkTimeout cannot be called on a closed connection). Possibly consider using a shorter maxLifetime value.
[13:26:31:473] [WARN] - com.zaxxer.hikari.pool.PoolBase.isConnectionAlive(PoolBase.java:184) - data-pool- - Failed to validate connection org.mariadb.jdbc.Connection@329afd7e ((conn=1428) Connection.setNetworkTimeout cannot be called on a closed connection). Possibly consider using a shorter maxLifetime value.
[13:32:21:474] [WARN] - com.zaxxer.hikari.pool.PoolBase.isConnectionAlive(PoolBase.java:184) - data-pool- - Failed to validate connection org.mariadb.jdbc.Connection@2fc4084b ((conn=1435) Connection.setNetworkTimeout cannot be called on a closed connection). Possibly consider using a shorter maxLifetime value.
[13:32:31:472] [WARN] - com.zaxxer.hikari.pool.PoolBase.isConnectionAlive(PoolBase.java:184) - data-pool- - Failed to validate connection org.mariadb.jdbc.Connection@32ad5ba ((conn=1438) Connection.setNetworkTimeout cannot be called on a closed connection). Possibly consider using a shorter maxLifetime value.
[13:41:01:474] [WARN] - com.zaxxer.hikari.pool.PoolBase.isConnectionAlive(PoolBase.java:184) - data-pool- - Failed to validate connection org.mariadb.jdbc.Connection@449a10cd ((conn=1450) Connection.setNetworkTimeout cannot be called on a closed connection). Possibly consider using a shorter maxLifetime value.
[13:41:01:476] [WARN] - com.zaxxer.hikari.pool.PoolBase.isConnectionAlive(PoolBase.java:184) - data-pool- - Failed to validate connection org.mariadb.jdbc.Connection@75143146 ((conn=1451) Connection.setNetworkTimeout cannot be called on a closed connection). Possibly consider using a shorter maxLifetime value.
[13:44:01:468] [WARN] - com.zaxxer.hikari.pool.PoolBase.isConnectionAlive(PoolBase.java:184) - data-pool- - Failed to validate connection org.mariadb.jdbc.Connection@2c07f731 ((conn=1457) Connection.setNetworkTimeout cannot be called on a closed connection). Possibly consider using a shorter maxLifetime value.
[13:44:01:469] [WARN] - com.zaxxer.hikari.pool.PoolBase.isConnectionAlive(PoolBase.java:184) - data-pool- - Failed to validate connection org.mariadb.jdbc.Connection@e03b9e2 ((conn=1458) Connection.setNetworkTimeout cannot be called on a closed connection). Possibly consider using a shorter maxLifetime value.
[13:49:51:470] [WARN] - com.zaxxer.hikari.pool.PoolBase.isConnectionAlive(PoolBase.java:184) - data-pool- - Failed to validate connection org.mariadb.jdbc.Connection@4b828e72 ((conn=1465) Connection.setNetworkTimeout cannot be called on a closed connection). Possibly consider using a shorter maxLifetime value.
[13:49:51:472] [WARN] - com.zaxxer.hikari.pool.PoolBase.isConnectionAlive(PoolBase.java:184) - data-pool- - Failed to validate connection org.mariadb.jdbc.Connection@18c4af41 ((conn=1466) Connection.setNetworkTimeout cannot be called on a closed connection). Possibly consider using a shorter maxLifetime value.
[14:01:36:280] [WARN] - com.zaxxer.hikari.HikariConfig.validateNumerics(HikariConfig.java:1084) - data-pool- - idleTimeout is close to or more than maxLifetime, disabling it.
[14:07:26:602] [WARN] - com.zaxxer.hikari.pool.PoolBase.isConnectionAlive(PoolBase.java:184) - data-pool- - Failed to validate connection org.mariadb.jdbc.Connection@25d96118 ((conn=1496) Connection.setNetworkTimeout cannot be called on a closed connection). Possibly consider using a shorter maxLifetime value.
[14:07:36:609] [WARN] - com.zaxxer.hikari.pool.PoolBase.isConnectionAlive(PoolBase.java:184) - data-pool- - Failed to validate connection org.mariadb.jdbc.Connection@52df6894 ((conn=1499) Connection.setNetworkTimeout cannot be called on a closed connection). Possibly consider using a shorter maxLifetime value.
[14:09:34:001] [WARN] - com.zaxxer.hikari.pool.PoolBase.isConnectionAlive(PoolBase.java:184) - data-pool- - Failed to validate connection org.mariadb.jdbc.Connection@38bc2ed4 ((conn=1502) Connection.setNetworkTimeout cannot be called on a closed connection). Possibly consider using a shorter maxLifetime value.
[14:12:56:613] [WARN] - com.zaxxer.hikari.pool.PoolBase.isConnectionAlive(PoolBase.java:184) - data-pool- - Failed to validate connection org.mariadb.jdbc.Connection@52436e97 ((conn=1507) Connection.setNetworkTimeout cannot be called on a closed connection). Possibly consider using a shorter maxLifetime value.
[14:13:26:611] [WARN] - com.zaxxer.hikari.pool.PoolBase.isConnectionAlive(PoolBase.java:184) - data-pool- - Failed to validate connection org.mariadb.jdbc.Connection@1ccdc460 ((conn=1508) Connection.setNetworkTimeout cannot be called on a closed connection). Possibly consider using a shorter maxLifetime value.
[14:13:26:614] [WARN] - com.zaxxer.hikari.pool.PoolBase.isConnectionAlive(PoolBase.java:184) - data-pool- - Failed to validate connection org.mariadb.jdbc.Connection@120a3989 ((conn=1509) Connection.setNetworkTimeout cannot be called on a closed connection). Possibly consider using a shorter maxLifetime value.
[14:16:16:621] [WARN] - com.zaxxer.hikari.pool.PoolBase.isConnectionAlive(PoolBase.java:184) - data-pool- - Failed to validate connection org.mariadb.jdbc.Connection@59948a92 ((conn=1512) Connection.setNetworkTimeout cannot be called on a closed connection). Possibly consider using a shorter maxLifetime value.
[14:16:16:622] [WARN] - com.zaxxer.hikari.pool.PoolBase.isConnectionAlive(PoolBase.java:184) - data-pool- - Failed to validate connection org.mariadb.jdbc.Connection@5975a889 ((conn=1513) Connection.setNetworkTimeout cannot be called on a closed connection). Possibly consider using a shorter maxLifetime value.
[14:16:16:625] [WARN] - com.zaxxer.hikari.pool.PoolBase.isConnectionAlive(PoolBase.java:184) - data-pool- - Failed to validate connection org.mariadb.jdbc.Connection@18a980a9 ((conn=1514) Connection.setNetworkTimeout cannot be called on a closed connection). Possibly consider using a shorter maxLifetime value.
[14:18:36:609] [WARN] - com.zaxxer.hikari.pool.PoolBase.isConnectionAlive(PoolBase.java:184) - data-pool- - Failed to validate connection org.mariadb.jdbc.Connection@1b0ecf7b ((conn=1518) Connection.setNetworkTimeout cannot be called on a closed connection). Possibly consider using a shorter maxLifetime value.
[14:18:36:609] [WARN] - com.zaxxer.hikari.pool.PoolBase.isConnectionAlive(PoolBase.java:184) - data-pool- - Failed to validate connection org.mariadb.jdbc.Connection@70036284 ((conn=1517) Connection.setNetworkTimeout cannot be called on a closed connection). Possibly consider using a shorter maxLifetime value.
[14:18:36:613] [WARN] - com.zaxxer.hikari.pool.PoolBase.isConnectionAlive(PoolBase.java:184) - data-pool- - Failed to validate connection org.mariadb.jdbc.Connection@633901c8 ((conn=1519) Connection.setNetworkTimeout cannot be called on a closed connection). Possibly consider using a shorter maxLifetime value.
[14:20:46:617] [WARN] - com.zaxxer.hikari.pool.PoolBase.isConnectionAlive(PoolBase.java:184) - data-pool- - Failed to validate connection org.mariadb.jdbc.Connection@41ae4ecd ((conn=1522) Connection.setNetworkTimeout cannot be called on a closed connection). Possibly consider using a shorter maxLifetime value.
[14:21:36:611] [WARN] - com.zaxxer.hikari.pool.PoolBase.isConnectionAlive(PoolBase.java:184) - data-pool- - Failed to validate connection org.mariadb.jdbc.Connection@6794662b ((conn=1524) Connection.setNetworkTimeout cannot be called on a closed connection). Possibly consider using a shorter maxLifetime value.
[14:24:16:604] [WARN] - com.zaxxer.hikari.pool.PoolBase.isConnectionAlive(PoolBase.java:184) - data-pool- - Failed to validate connection org.mariadb.jdbc.Connection@68c38a1b ((conn=1527) Connection.setNetworkTimeout cannot be called on a closed connection). Possibly consider using a shorter maxLifetime value.
[14:27:26:621] [WARN] - com.zaxxer.hikari.pool.PoolBase.isConnectionAlive(PoolBase.java:184) - data-pool- - Failed to validate connection org.mariadb.jdbc.Connection@2e55873a ((conn=1533) Connection.setNetworkTimeout cannot be called on a closed connection). Possibly consider using a shorter maxLifetime value.
[14:27:26:621] [WARN] - com.zaxxer.hikari.pool.PoolBase.isConnectionAlive(PoolBase.java:184) - data-pool- - Failed to validate connection org.mariadb.jdbc.Connection@502cde3a ((conn=1534) Connection.setNetworkTimeout cannot be called on a closed connection). Possibly consider using a shorter maxLifetime value.
[14:33:06:606] [WARN] - com.zaxxer.hikari.pool.PoolBase.isConnectionAlive(PoolBase.java:184) - data-pool- - Failed to validate connection org.mariadb.jdbc.Connection@69b6606d ((conn=1542) Connection.setNetworkTimeout cannot be called on a closed connection). Possibly consider using a shorter maxLifetime value.
[14:33:16:615] [WARN] - com.zaxxer.hikari.pool.PoolBase.isConnectionAlive(PoolBase.java:184) - data-pool- - Failed to validate connection org.mariadb.jdbc.Connection@4ef81225 ((conn=1543) Connection.setNetworkTimeout cannot be called on a closed connection). Possibly consider using a shorter maxLifetime value.
[14:33:16:618] [WARN] - com.zaxxer.hikari.pool.PoolBase.isConnectionAlive(PoolBase.java:184) - data-pool- - Failed to validate connection org.mariadb.jdbc.Connection@1e917442 ((conn=1544) Connection.setNetworkTimeout cannot be called on a closed connection). Possibly consider using a shorter maxLifetime value.
[14:41:56:606] [WARN] - com.zaxxer.hikari.pool.PoolBase.isConnectionAlive(PoolBase.java:184) - data-pool- - Failed to validate connection org.mariadb.jdbc.Connection@5e7becf4 ((conn=1557) Connection.setNetworkTimeout cannot be called on a closed connection). Possibly consider using a shorter maxLifetime value.
[14:41:56:609] [WARN] - com.zaxxer.hikari.pool.PoolBase.isConnectionAlive(PoolBase.java:184) - data-pool- - Failed to validate connection org.mariadb.jdbc.Connection@1f46e6cf ((conn=1558) Connection.setNetworkTimeout cannot be called on a closed connection). Possibly consider using a shorter maxLifetime value.
[14:44:56:617] [WARN] - com.zaxxer.hikari.pool.PoolBase.isConnectionAlive(PoolBase.java:184) - data-pool- - Failed to validate connection org.mariadb.jdbc.Connection@264e8492 ((conn=1563) Connection.setNetworkTimeout cannot be called on a closed connection). Possibly consider using a shorter maxLifetime value.
[14:44:56:618] [WARN] - com.zaxxer.hikari.pool.PoolBase.isConnectionAlive(PoolBase.java:184) - data-pool- - Failed to validate connection org.mariadb.jdbc.Connection@28896e2b ((conn=1564) Connection.setNetworkTimeout cannot be called on a closed connection). Possibly consider using a shorter maxLifetime value.
[14:45:39:131] [WARN] - com.zaxxer.hikari.HikariConfig.validateNumerics(HikariConfig.java:1084) - data-pool- - idleTimeout is close to or more than maxLifetime, disabling it.
[14:47:59:803] [WARN] - com.zaxxer.hikari.pool.PoolBase.isConnectionAlive(PoolBase.java:184) - data-pool- - Failed to validate connection org.mariadb.jdbc.Connection@5f0a61b1 ((conn=1572) Connection.setNetworkTimeout cannot be called on a closed connection). Possibly consider using a shorter maxLifetime value.
[14:47:59:803] [WARN] - com.zaxxer.hikari.pool.PoolBase.isConnectionAlive(PoolBase.java:184) - data-pool- - Failed to validate connection org.mariadb.jdbc.Connection@40d9f3cc ((conn=1571) Connection.setNetworkTimeout cannot be called on a closed connection). Possibly consider using a shorter maxLifetime value.
[14:47:59:807] [WARN] - com.zaxxer.hikari.pool.PoolBase.isConnectionAlive(PoolBase.java:184) - data-pool- - Failed to validate connection org.mariadb.jdbc.Connection@23684fe1 ((conn=1573) Connection.setNetworkTimeout cannot be called on a closed connection). Possibly consider using a shorter maxLifetime value.
[14:47:59:808] [WARN] - com.zaxxer.hikari.pool.PoolBase.isConnectionAlive(PoolBase.java:184) - data-pool- - Failed to validate connection org.mariadb.jdbc.Connection@2fe3b5d4 ((conn=1574) Connection.setNetworkTimeout cannot be called on a closed connection). Possibly consider using a shorter maxLifetime value.
[14:51:29:793] [WARN] - com.zaxxer.hikari.pool.PoolBase.isConnectionAlive(PoolBase.java:184) - data-pool- - Failed to validate connection org.mariadb.jdbc.Connection@6a93c71e ((conn=1579) Connection.setNetworkTimeout cannot be called on a closed connection). Possibly consider using a shorter maxLifetime value.
[14:53:59:803] [WARN] - com.zaxxer.hikari.pool.PoolBase.isConnectionAlive(PoolBase.java:184) - data-pool- - Failed to validate connection org.mariadb.jdbc.Connection@39ac35aa ((conn=1584) Connection.setNetworkTimeout cannot be called on a closed connection). Possibly consider using a shorter maxLifetime value.
[14:59:09:800] [WARN] - com.zaxxer.hikari.pool.PoolBase.isConnectionAlive(PoolBase.java:184) - data-pool- - Failed to validate connection org.mariadb.jdbc.Connection@19383c ((conn=1592) Connection.setNetworkTimeout cannot be called on a closed connection). Possibly consider using a shorter maxLifetime value.
[14:59:49:799] [WARN] - com.zaxxer.hikari.pool.PoolBase.isConnectionAlive(PoolBase.java:184) - data-pool- - Failed to validate connection org.mariadb.jdbc.Connection@376bccef ((conn=1593) Connection.setNetworkTimeout cannot be called on a closed connection). Possibly consider using a shorter maxLifetime value.
[14:59:49:806] [WARN] - com.zaxxer.hikari.pool.PoolBase.isConnectionAlive(PoolBase.java:184) - data-pool- - Failed to validate connection org.mariadb.jdbc.Connection@7656c6d4 ((conn=1594) Connection.setNetworkTimeout cannot be called on a closed connection). Possibly consider using a shorter maxLifetime value.
[15:02:09:803] [WARN] - com.zaxxer.hikari.pool.PoolBase.isConnectionAlive(PoolBase.java:184) - data-pool- - Failed to validate connection org.mariadb.jdbc.Connection@2d607d88 ((conn=1597) Connection.setNetworkTimeout cannot be called on a closed connection). Possibly consider using a shorter maxLifetime value.
[15:02:09:808] [WARN] - com.zaxxer.hikari.pool.PoolBase.isConnectionAlive(PoolBase.java:184) - data-pool- - Failed to validate connection org.mariadb.jdbc.Connection@23a79654 ((conn=1598) Connection.setNetworkTimeout cannot be called on a closed connection). Possibly consider using a shorter maxLifetime value.
[15:02:09:811] [WARN] - com.zaxxer.hikari.pool.PoolBase.isConnectionAlive(PoolBase.java:184) - data-pool- - Failed to validate connection org.mariadb.jdbc.Connection@279816f8 ((conn=1599) Connection.setNetworkTimeout cannot be called on a closed connection). Possibly consider using a shorter maxLifetime value.
[15:04:39:800] [WARN] - com.zaxxer.hikari.pool.PoolBase.isConnectionAlive(PoolBase.java:184) - data-pool- - Failed to validate connection org.mariadb.jdbc.Connection@58fbe87c ((conn=1603) Connection.setNetworkTimeout cannot be called on a closed connection). Possibly consider using a shorter maxLifetime value.
[15:04:39:800] [WARN] - com.zaxxer.hikari.pool.PoolBase.isConnectionAlive(PoolBase.java:184) - data-pool- - Failed to validate connection org.mariadb.jdbc.Connection@64f22867 ((conn=1602) Connection.setNetworkTimeout cannot be called on a closed connection). Possibly consider using a shorter maxLifetime value.
[15:04:39:804] [WARN] - com.zaxxer.hikari.pool.PoolBase.isConnectionAlive(PoolBase.java:184) - data-pool- - Failed to validate connection org.mariadb.jdbc.Connection@6e0a4317 ((conn=1604) Connection.setNetworkTimeout cannot be called on a closed connection). Possibly consider using a shorter maxLifetime value.
[15:06:49:791] [WARN] - com.zaxxer.hikari.pool.PoolBase.isConnectionAlive(PoolBase.java:184) - data-pool- - Failed to validate connection org.mariadb.jdbc.Connection@6684ec50 ((conn=1608) Connection.setNetworkTimeout cannot be called on a closed connection). Possibly consider using a shorter maxLifetime value.
[15:07:49:791] [WARN] - com.zaxxer.hikari.pool.PoolBase.isConnectionAlive(PoolBase.java:184) - data-pool- - Failed to validate connection org.mariadb.jdbc.Connection@2bc3607d ((conn=1609) Connection.setNetworkTimeout cannot be called on a closed connection). Possibly consider using a shorter maxLifetime value.
[15:13:09:793] [WARN] - com.zaxxer.hikari.pool.PoolBase.isConnectionAlive(PoolBase.java:184) - data-pool- - Failed to validate connection org.mariadb.jdbc.Connection@59629c00 ((conn=1617) Connection.setNetworkTimeout cannot be called on a closed connection). Possibly consider using a shorter maxLifetime value.
[15:16:09:786] [WARN] - com.zaxxer.hikari.pool.PoolBase.isConnectionAlive(PoolBase.java:184) - data-pool- - Failed to validate connection org.mariadb.jdbc.Connection@43cd9d2b ((conn=1623) Connection.setNetworkTimeout cannot be called on a closed connection). Possibly consider using a shorter maxLifetime value.
[15:16:09:787] [WARN] - com.zaxxer.hikari.pool.PoolBase.isConnectionAlive(PoolBase.java:184) - data-pool- - Failed to validate connection org.mariadb.jdbc.Connection@47f2118a ((conn=1624) Connection.setNetworkTimeout cannot be called on a closed connection). Possibly consider using a shorter maxLifetime value.
[15:20:35:359] [WARN] - com.zaxxer.hikari.HikariConfig.validateNumerics(HikariConfig.java:1084) - data-pool- - idleTimeout is close to or more than maxLifetime, disabling it.
[15:23:05:707] [WARN] - com.zaxxer.hikari.pool.PoolBase.isConnectionAlive(PoolBase.java:184) - data-pool- - Failed to validate connection org.mariadb.jdbc.Connection@2d840338 ((conn=1637) Connection.setNetworkTimeout cannot be called on a closed connection). Possibly consider using a shorter maxLifetime value.
[15:32:25:687] [WARN] - com.zaxxer.hikari.pool.PoolBase.isConnectionAlive(PoolBase.java:184) - data-pool- - Failed to validate connection org.mariadb.jdbc.Connection@55704c93 ((conn=1653) Connection.setNetworkTimeout cannot be called on a closed connection). Possibly consider using a shorter maxLifetime value.
[15:32:25:692] [WARN] - com.zaxxer.hikari.pool.PoolBase.isConnectionAlive(PoolBase.java:184) - data-pool- - Failed to validate connection org.mariadb.jdbc.Connection@37272081 ((conn=1654) Connection.setNetworkTimeout cannot be called on a closed connection). Possibly consider using a shorter maxLifetime value.
[15:36:37:210] [WARN] - com.zaxxer.hikari.pool.PoolBase.isConnectionAlive(PoolBase.java:184) - data-pool- - Failed to validate connection org.mariadb.jdbc.Connection@5b5a4326 ((conn=1659) Connection.setNetworkTimeout cannot be called on a closed connection). Possibly consider using a shorter maxLifetime value.
[15:36:37:210] [WARN] - com.zaxxer.hikari.pool.PoolBase.isConnectionAlive(PoolBase.java:184) - data-pool- - Failed to validate connection org.mariadb.jdbc.Connection@2a9ff25f ((conn=1658) Connection.setNetworkTimeout cannot be called on a closed connection). Possibly consider using a shorter maxLifetime value.
[15:36:37:210] [WARN] - com.zaxxer.hikari.pool.HikariPool$HouseKeeper.run(HikariPool.java:788) - data-pool- - Thread starvation or clock leap detected (housekeeper delta=1m31s409ms816µs100ns).
[15:36:44:548] [WARN] - com.zaxxer.hikari.HikariConfig.validateNumerics(HikariConfig.java:1084) - data-pool- - idleTimeout is close to or more than maxLifetime, disabling it.
[15:40:06:944] [WARN] - com.zaxxer.hikari.pool.HikariPool$HouseKeeper.run(HikariPool.java:788) - data-pool- - Thread starvation or clock leap detected (housekeeper delta=3m22s100ms685µs).
[15:40:06:948] [WARN] - com.zaxxer.hikari.pool.ProxyConnection.checkException(ProxyConnection.java:182) - data-pool- - Connection org.mariadb.jdbc.Connection@4e263419 marked as broken because of SQLSTATE(08000), ErrorCode(-1)
java.sql.SQLNonTransientConnectionException: (conn=1665) Socket error
	at org.mariadb.jdbc.export.ExceptionFactory.createException(ExceptionFactory.java:291) ~[mariadb-java-client-3.0.6.jar:?]
	at org.mariadb.jdbc.export.ExceptionFactory.create(ExceptionFactory.java:357) ~[mariadb-java-client-3.0.6.jar:?]
	at org.mariadb.jdbc.client.impl.StandardClient.readPacket(StandardClient.java:847) ~[mariadb-java-client-3.0.6.jar:?]
	at org.mariadb.jdbc.client.impl.StandardClient.readResults(StandardClient.java:763) ~[mariadb-java-client-3.0.6.jar:?]
	at org.mariadb.jdbc.client.impl.StandardClient.readResponse(StandardClient.java:682) ~[mariadb-java-client-3.0.6.jar:?]
	at org.mariadb.jdbc.client.impl.StandardClient.execute(StandardClient.java:625) ~[mariadb-java-client-3.0.6.jar:?]
	at org.mariadb.jdbc.ClientPreparedStatement.executeInternal(ClientPreparedStatement.java:95) ~[mariadb-java-client-3.0.6.jar:?]
	at org.mariadb.jdbc.ClientPreparedStatement.execute(ClientPreparedStatement.java:265) ~[mariadb-java-client-3.0.6.jar:?]
	at com.zaxxer.hikari.pool.ProxyPreparedStatement.execute(ProxyPreparedStatement.java:44) ~[HikariCP-4.0.3.jar:?]
	at com.zaxxer.hikari.pool.HikariProxyPreparedStatement.execute(HikariProxyPreparedStatement.java) ~[HikariCP-4.0.3.jar:?]
	at org.apache.ibatis.executor.statement.PreparedStatementHandler.update(PreparedStatementHandler.java:47) ~[mybatis-3.5.10.jar:3.5.10]
	at org.apache.ibatis.executor.statement.RoutingStatementHandler.update(RoutingStatementHandler.java:74) ~[mybatis-3.5.10.jar:3.5.10]
	at org.apache.ibatis.executor.SimpleExecutor.doUpdate(SimpleExecutor.java:50) ~[mybatis-3.5.10.jar:3.5.10]
	at org.apache.ibatis.executor.BaseExecutor.update(BaseExecutor.java:117) ~[mybatis-3.5.10.jar:3.5.10]
	at org.apache.ibatis.executor.CachingExecutor.update(CachingExecutor.java:76) ~[mybatis-3.5.10.jar:3.5.10]
	at org.apache.ibatis.session.defaults.DefaultSqlSession.update(DefaultSqlSession.java:194) ~[mybatis-3.5.10.jar:3.5.10]
	at org.apache.ibatis.binding.MapperMethod.execute(MapperMethod.java:67) ~[mybatis-3.5.10.jar:3.5.10]
	at org.apache.ibatis.binding.MapperProxy$PlainMethodInvoker.invoke(MapperProxy.java:145) ~[mybatis-3.5.10.jar:3.5.10]
	at org.apache.ibatis.binding.MapperProxy.invoke(MapperProxy.java:86) ~[mybatis-3.5.10.jar:3.5.10]
	at com.sun.proxy.$Proxy22.updateTaskSubmitByName(Unknown Source) ~[?:?]
	at my.service.activityService.clearTask(activityService.java:827) ~[classes/:?]
	at my.service.activityService.lambda$startActivity$42(activityService.java:780) ~[classes/:?]
	at my.service.activityService.lambda$getActivity$18(activityService.java:457) ~[classes/:?]
	at my.service.activityService.lambda$commonAc$41(activityService.java:725) ~[classes/:?]
	at my.service.activityService.lambda$null$1(activityService.java:270) ~[classes/:?]
	at io.netty.util.concurrent.AbstractEventExecutor.runTask$$$capture(AbstractEventExecutor.java:174) ~[netty-common-4.1.79.Final.jar:4.1.79.Final]
	at io.netty.util.concurrent.AbstractEventExecutor.runTask(AbstractEventExecutor.java) ~[netty-common-4.1.79.Final.jar:4.1.79.Final]
	at io.netty.util.concurrent.AbstractEventExecutor.safeExecute$$$capture(AbstractEventExecutor.java:167) ~[netty-common-4.1.79.Final.jar:4.1.79.Final]
	at io.netty.util.concurrent.AbstractEventExecutor.safeExecute(AbstractEventExecutor.java) ~[netty-common-4.1.79.Final.jar:4.1.79.Final]
	at io.netty.util.concurrent.SingleThreadEventExecutor.runAllTasks(SingleThreadEventExecutor.java:470) ~[netty-common-4.1.79.Final.jar:4.1.79.Final]
	at io.netty.channel.nio.NioEventLoop.run(NioEventLoop.java:503) ~[netty-transport-4.1.79.Final.jar:4.1.79.Final]
	at io.netty.util.concurrent.SingleThreadEventExecutor$4.run(SingleThreadEventExecutor.java:997) ~[netty-common-4.1.79.Final.jar:4.1.79.Final]
	at io.netty.util.internal.ThreadExecutorMap$2.run(ThreadExecutorMap.java:74) ~[netty-common-4.1.79.Final.jar:4.1.79.Final]
	at io.netty.util.concurrent.FastThreadLocalRunnable.run(FastThreadLocalRunnable.java:30) ~[netty-common-4.1.79.Final.jar:4.1.79.Final]
	at java.lang.Thread.run(Thread.java:748) ~[?:1.8.0_192]
Caused by: java.net.SocketException: Software caused connection abort: recv failed
	at java.net.SocketInputStream.socketRead0(Native Method) ~[?:1.8.0_192]
	at java.net.SocketInputStream.socketRead(SocketInputStream.java:116) ~[?:1.8.0_192]
	at java.net.SocketInputStream.read(SocketInputStream.java:171) ~[?:1.8.0_192]
	at java.net.SocketInputStream.read(SocketInputStream.java:141) ~[?:1.8.0_192]
	at java.io.FilterInputStream.read(FilterInputStream.java:133) ~[?:1.8.0_192]
	at org.mariadb.jdbc.client.socket.impl.ReadAheadBufferedStream.fillingBuffer(ReadAheadBufferedStream.java:93) ~[mariadb-java-client-3.0.6.jar:?]
	at org.mariadb.jdbc.client.socket.impl.ReadAheadBufferedStream.read(ReadAheadBufferedStream.java:66) ~[mariadb-java-client-3.0.6.jar:?]
	at org.mariadb.jdbc.client.socket.impl.PacketReader.readPacket(PacketReader.java:76) ~[mariadb-java-client-3.0.6.jar:?]
	at org.mariadb.jdbc.message.ClientMessage.readPacket(ClientMessage.java:118) ~[mariadb-java-client-3.0.6.jar:?]
	at org.mariadb.jdbc.client.impl.StandardClient.readPacket(StandardClient.java:824) ~[mariadb-java-client-3.0.6.jar:?]
	... 32 more
[15:40:06:948] [WARN] - com.zaxxer.hikari.pool.ProxyConnection.checkException(ProxyConnection.java:182) - data-pool- - Connection org.mariadb.jdbc.Connection@7526f6f2 marked as broken because of SQLSTATE(08000), ErrorCode(-1)
java.sql.SQLNonTransientConnectionException: (conn=1666) Socket error
	at org.mariadb.jdbc.export.ExceptionFactory.createException(ExceptionFactory.java:291) ~[mariadb-java-client-3.0.6.jar:?]
	at org.mariadb.jdbc.export.ExceptionFactory.create(ExceptionFactory.java:357) ~[mariadb-java-client-3.0.6.jar:?]
	at org.mariadb.jdbc.client.impl.StandardClient.readPacket(StandardClient.java:847) ~[mariadb-java-client-3.0.6.jar:?]
	at org.mariadb.jdbc.client.impl.StandardClient.readResults(StandardClient.java:763) ~[mariadb-java-client-3.0.6.jar:?]
	at org.mariadb.jdbc.client.impl.StandardClient.readResponse(StandardClient.java:682) ~[mariadb-java-client-3.0.6.jar:?]
	at org.mariadb.jdbc.client.impl.StandardClient.execute(StandardClient.java:625) ~[mariadb-java-client-3.0.6.jar:?]
	at org.mariadb.jdbc.ClientPreparedStatement.executeInternal(ClientPreparedStatement.java:95) ~[mariadb-java-client-3.0.6.jar:?]
	at org.mariadb.jdbc.ClientPreparedStatement.execute(ClientPreparedStatement.java:265) ~[mariadb-java-client-3.0.6.jar:?]
	at com.zaxxer.hikari.pool.ProxyPreparedStatement.execute(ProxyPreparedStatement.java:44) ~[HikariCP-4.0.3.jar:?]
	at com.zaxxer.hikari.pool.HikariProxyPreparedStatement.execute(HikariProxyPreparedStatement.java) ~[HikariCP-4.0.3.jar:?]
	at org.apache.ibatis.executor.statement.PreparedStatementHandler.query(PreparedStatementHandler.java:64) ~[mybatis-3.5.10.jar:3.5.10]
	at org.apache.ibatis.executor.statement.RoutingStatementHandler.query(RoutingStatementHandler.java:79) ~[mybatis-3.5.10.jar:3.5.10]
	at org.apache.ibatis.executor.SimpleExecutor.doQuery(SimpleExecutor.java:63) ~[mybatis-3.5.10.jar:3.5.10]
	at org.apache.ibatis.executor.BaseExecutor.queryFromDatabase(BaseExecutor.java:325) ~[mybatis-3.5.10.jar:3.5.10]
	at org.apache.ibatis.executor.BaseExecutor.query(BaseExecutor.java:156) ~[mybatis-3.5.10.jar:3.5.10]
	at org.apache.ibatis.executor.CachingExecutor.query(CachingExecutor.java:109) ~[mybatis-3.5.10.jar:3.5.10]
	at org.apache.ibatis.executor.CachingExecutor.query(CachingExecutor.java:89) ~[mybatis-3.5.10.jar:3.5.10]
	at org.apache.ibatis.session.defaults.DefaultSqlSession.selectList(DefaultSqlSession.java:151) ~[mybatis-3.5.10.jar:3.5.10]
	at org.apache.ibatis.session.defaults.DefaultSqlSession.selectList(DefaultSqlSession.java:145) ~[mybatis-3.5.10.jar:3.5.10]
	at org.apache.ibatis.session.defaults.DefaultSqlSession.selectList(DefaultSqlSession.java:140) ~[mybatis-3.5.10.jar:3.5.10]
	at org.apache.ibatis.binding.MapperMethod.executeForMany(MapperMethod.java:147) ~[mybatis-3.5.10.jar:3.5.10]
	at org.apache.ibatis.binding.MapperMethod.execute(MapperMethod.java:80) ~[mybatis-3.5.10.jar:3.5.10]
	at org.apache.ibatis.binding.MapperProxy$PlainMethodInvoker.invoke(MapperProxy.java:145) ~[mybatis-3.5.10.jar:3.5.10]
	at org.apache.ibatis.binding.MapperProxy.invoke(MapperProxy.java:86) ~[mybatis-3.5.10.jar:3.5.10]
	at com.sun.proxy.$Proxy22.selectPetByName(Unknown Source) ~[?:?]
	at my.service.petService.getList(petService.java:1535) ~[classes/:?]
	at my.service.petService.savePet(petService.java:1234) ~[classes/:?]
	at my.service.petService.createPet(petService.java:1223) ~[classes/:?]
	at my.service.hds.useGoodsHandle.triggerUser(useGoodsHandle.java:69) ~[classes/:?]
	at my.service.packageService.userGoods(packageService.java:2419) ~[classes/:?]
	at sun.reflect.NativeMethodAccessorImpl.invoke0(Native Method) ~[?:1.8.0_192]
	at sun.reflect.NativeMethodAccessorImpl.invoke(NativeMethodAccessorImpl.java:62) ~[?:1.8.0_192]
	at sun.reflect.DelegatingMethodAccessorImpl.invoke(DelegatingMethodAccessorImpl.java:43) ~[?:1.8.0_192]
	at java.lang.reflect.Method.invoke(Method.java:498) ~[?:1.8.0_192]
	at my.startBef.invokeMethod(startBef.java:190) ~[classes/:?]
	at my.handle.toService(handle.java:445) ~[classes/:?]
	at my.handle.sendHttpResponse(handle.java:363) ~[classes/:?]
	at my.handle.handleHttpRequest(handle.java:187) ~[classes/:?]
	at my.handle.channelRead0(handle.java:55) ~[classes/:?]
	at io.netty.channel.SimpleChannelInboundHandler.channelRead(SimpleChannelInboundHandler.java:99) ~[netty-transport-4.1.79.Final.jar:4.1.79.Final]
	at io.netty.channel.AbstractChannelHandlerContext.invokeChannelRead(AbstractChannelHandlerContext.java:379) ~[netty-transport-4.1.79.Final.jar:4.1.79.Final]
	at io.netty.channel.AbstractChannelHandlerContext.invokeChannelRead(AbstractChannelHandlerContext.java:365) ~[netty-transport-4.1.79.Final.jar:4.1.79.Final]
	at io.netty.channel.AbstractChannelHandlerContext.fireChannelRead(AbstractChannelHandlerContext.java:357) ~[netty-transport-4.1.79.Final.jar:4.1.79.Final]
	at io.netty.handler.codec.MessageToMessageDecoder.channelRead(MessageToMessageDecoder.java:103) ~[netty-codec-4.1.79.Final.jar:4.1.79.Final]
	at io.netty.channel.AbstractChannelHandlerContext.invokeChannelRead(AbstractChannelHandlerContext.java:379) ~[netty-transport-4.1.79.Final.jar:4.1.79.Final]
	at io.netty.channel.AbstractChannelHandlerContext.invokeChannelRead(AbstractChannelHandlerContext.java:365) ~[netty-transport-4.1.79.Final.jar:4.1.79.Final]
	at io.netty.channel.AbstractChannelHandlerContext.fireChannelRead(AbstractChannelHandlerContext.java:357) ~[netty-transport-4.1.79.Final.jar:4.1.79.Final]
	at io.netty.handler.codec.ByteToMessageDecoder.fireChannelRead(ByteToMessageDecoder.java:327) ~[netty-codec-4.1.79.Final.jar:4.1.79.Final]
	at io.netty.handler.codec.ByteToMessageDecoder.channelRead(ByteToMessageDecoder.java:299) ~[netty-codec-4.1.79.Final.jar:4.1.79.Final]
	at io.netty.channel.AbstractChannelHandlerContext.invokeChannelRead(AbstractChannelHandlerContext.java:379) ~[netty-transport-4.1.79.Final.jar:4.1.79.Final]
	at io.netty.channel.AbstractChannelHandlerContext.invokeChannelRead(AbstractChannelHandlerContext.java:365) ~[netty-transport-4.1.79.Final.jar:4.1.79.Final]
	at io.netty.channel.AbstractChannelHandlerContext.fireChannelRead(AbstractChannelHandlerContext.java:357) ~[netty-transport-4.1.79.Final.jar:4.1.79.Final]
	at io.netty.channel.DefaultChannelPipeline$HeadContext.channelRead(DefaultChannelPipeline.java:1410) ~[netty-transport-4.1.79.Final.jar:4.1.79.Final]
	at io.netty.channel.AbstractChannelHandlerContext.invokeChannelRead(AbstractChannelHandlerContext.java:379) ~[netty-transport-4.1.79.Final.jar:4.1.79.Final]
	at io.netty.channel.AbstractChannelHandlerContext.invokeChannelRead(AbstractChannelHandlerContext.java:365) ~[netty-transport-4.1.79.Final.jar:4.1.79.Final]
	at io.netty.channel.DefaultChannelPipeline.fireChannelRead(DefaultChannelPipeline.java:919) ~[netty-transport-4.1.79.Final.jar:4.1.79.Final]
	at io.netty.channel.nio.AbstractNioByteChannel$NioByteUnsafe.read(AbstractNioByteChannel.java:166) ~[netty-transport-4.1.79.Final.jar:4.1.79.Final]
	at io.netty.channel.nio.NioEventLoop.processSelectedKey(NioEventLoop.java:722) ~[netty-transport-4.1.79.Final.jar:4.1.79.Final]
	at io.netty.channel.nio.NioEventLoop.processSelectedKeysOptimized(NioEventLoop.java:658) ~[netty-transport-4.1.79.Final.jar:4.1.79.Final]
	at io.netty.channel.nio.NioEventLoop.processSelectedKeys(NioEventLoop.java:584) ~[netty-transport-4.1.79.Final.jar:4.1.79.Final]
	at io.netty.channel.nio.NioEventLoop.run(NioEventLoop.java:496) ~[netty-transport-4.1.79.Final.jar:4.1.79.Final]
	at io.netty.util.concurrent.SingleThreadEventExecutor$4.run(SingleThreadEventExecutor.java:997) ~[netty-common-4.1.79.Final.jar:4.1.79.Final]
	at io.netty.util.internal.ThreadExecutorMap$2.run(ThreadExecutorMap.java:74) ~[netty-common-4.1.79.Final.jar:4.1.79.Final]
	at io.netty.util.concurrent.FastThreadLocalRunnable.run(FastThreadLocalRunnable.java:30) ~[netty-common-4.1.79.Final.jar:4.1.79.Final]
	at java.lang.Thread.run(Thread.java:748) ~[?:1.8.0_192]
Caused by: java.net.SocketException: Software caused connection abort: recv failed
	at java.net.SocketInputStream.socketRead0(Native Method) ~[?:1.8.0_192]
	at java.net.SocketInputStream.socketRead(SocketInputStream.java:116) ~[?:1.8.0_192]
	at java.net.SocketInputStream.read(SocketInputStream.java:171) ~[?:1.8.0_192]
	at java.net.SocketInputStream.read(SocketInputStream.java:141) ~[?:1.8.0_192]
	at java.io.FilterInputStream.read(FilterInputStream.java:133) ~[?:1.8.0_192]
	at org.mariadb.jdbc.client.socket.impl.ReadAheadBufferedStream.fillingBuffer(ReadAheadBufferedStream.java:93) ~[mariadb-java-client-3.0.6.jar:?]
	at org.mariadb.jdbc.client.socket.impl.ReadAheadBufferedStream.read(ReadAheadBufferedStream.java:66) ~[mariadb-java-client-3.0.6.jar:?]
	at org.mariadb.jdbc.client.socket.impl.PacketReader.readPacket(PacketReader.java:76) ~[mariadb-java-client-3.0.6.jar:?]
	at org.mariadb.jdbc.message.ClientMessage.readPacket(ClientMessage.java:118) ~[mariadb-java-client-3.0.6.jar:?]
	at org.mariadb.jdbc.client.impl.StandardClient.readPacket(StandardClient.java:824) ~[mariadb-java-client-3.0.6.jar:?]
	... 62 more
[15:40:16:967] [WARN] - com.zaxxer.hikari.HikariConfig.validateNumerics(HikariConfig.java:1084) - data-pool- - idleTimeout is close to or more than maxLifetime, disabling it.
[15:45:15:190] [WARN] - com.zaxxer.hikari.HikariConfig.validateNumerics(HikariConfig.java:1084) - data-pool- - idleTimeout is close to or more than maxLifetime, disabling it.
[15:54:46:335] [WARN] - com.zaxxer.hikari.pool.PoolBase.isConnectionAlive(PoolBase.java:184) - data-pool- - Failed to validate connection org.mariadb.jdbc.Connection@3fdff2c6 ((conn=1700) Connection.setNetworkTimeout cannot be called on a closed connection). Possibly consider using a shorter maxLifetime value.
[15:57:26:330] [WARN] - com.zaxxer.hikari.pool.PoolBase.isConnectionAlive(PoolBase.java:184) - data-pool- - Failed to validate connection org.mariadb.jdbc.Connection@7d0974f8 ((conn=1705) Connection.setNetworkTimeout cannot be called on a closed connection). Possibly consider using a shorter maxLifetime value.
[15:59:26:336] [WARN] - com.zaxxer.hikari.pool.PoolBase.isConnectionAlive(PoolBase.java:184) - data-pool- - Failed to validate connection org.mariadb.jdbc.Connection@74367f57 ((conn=1708) Connection.setNetworkTimeout cannot be called on a closed connection). Possibly consider using a shorter maxLifetime value.
[16:02:56:331] [WARN] - com.zaxxer.hikari.pool.PoolBase.isConnectionAlive(PoolBase.java:184) - data-pool- - Failed to validate connection org.mariadb.jdbc.Connection@7d4fc4c3 ((conn=1714) Connection.setNetworkTimeout cannot be called on a closed connection). Possibly consider using a shorter maxLifetime value.
[16:02:56:336] [WARN] - com.zaxxer.hikari.pool.PoolBase.isConnectionAlive(PoolBase.java:184) - data-pool- - Failed to validate connection org.mariadb.jdbc.Connection@77b7afb3 ((conn=1715) Connection.setNetworkTimeout cannot be called on a closed connection). Possibly consider using a shorter maxLifetime value.
[16:04:06:332] [WARN] - com.zaxxer.hikari.pool.PoolBase.isConnectionAlive(PoolBase.java:184) - data-pool- - Failed to validate connection org.mariadb.jdbc.Connection@5f069a3f ((conn=1716) Connection.setNetworkTimeout cannot be called on a closed connection). Possibly consider using a shorter maxLifetime value.
[16:08:26:337] [WARN] - com.zaxxer.hikari.pool.PoolBase.isConnectionAlive(PoolBase.java:184) - data-pool- - Failed to validate connection org.mariadb.jdbc.Connection@3e7c4b91 ((conn=1724) Connection.setNetworkTimeout cannot be called on a closed connection). Possibly consider using a shorter maxLifetime value.
[16:09:36:324] [WARN] - com.zaxxer.hikari.pool.PoolBase.isConnectionAlive(PoolBase.java:184) - data-pool- - Failed to validate connection org.mariadb.jdbc.Connection@77f11f88 ((conn=1726) Connection.setNetworkTimeout cannot be called on a closed connection). Possibly consider using a shorter maxLifetime value.
[16:11:56:319] [WARN] - com.zaxxer.hikari.pool.PoolBase.isConnectionAlive(PoolBase.java:184) - data-pool- - Failed to validate connection org.mariadb.jdbc.Connection@3e063920 ((conn=1731) Connection.setNetworkTimeout cannot be called on a closed connection). Possibly consider using a shorter maxLifetime value.
[16:11:56:318] [WARN] - com.zaxxer.hikari.pool.PoolBase.isConnectionAlive(PoolBase.java:184) - data-pool- - Failed to validate connection org.mariadb.jdbc.Connection@67bc6260 ((conn=1730) Connection.setNetworkTimeout cannot be called on a closed connection). Possibly consider using a shorter maxLifetime value.
[16:14:36:330] [WARN] - com.zaxxer.hikari.pool.PoolBase.isConnectionAlive(PoolBase.java:184) - data-pool- - Failed to validate connection org.mariadb.jdbc.Connection@4a80a1d5 ((conn=1734) Connection.setNetworkTimeout cannot be called on a closed connection). Possibly consider using a shorter maxLifetime value.
[16:14:36:334] [WARN] - com.zaxxer.hikari.pool.PoolBase.isConnectionAlive(PoolBase.java:184) - data-pool- - Failed to validate connection org.mariadb.jdbc.Connection@4078caa5 ((conn=1735) Connection.setNetworkTimeout cannot be called on a closed connection). Possibly consider using a shorter maxLifetime value.
[16:14:36:335] [WARN] - com.zaxxer.hikari.pool.PoolBase.isConnectionAlive(PoolBase.java:184) - data-pool- - Failed to validate connection org.mariadb.jdbc.Connection@57a5cce ((conn=1736) Connection.setNetworkTimeout cannot be called on a closed connection). Possibly consider using a shorter maxLifetime value.
[16:17:16:321] [WARN] - com.zaxxer.hikari.pool.PoolBase.isConnectionAlive(PoolBase.java:184) - data-pool- - Failed to validate connection org.mariadb.jdbc.Connection@6eb7b5f8 ((conn=1739) Connection.setNetworkTimeout cannot be called on a closed connection). Possibly consider using a shorter maxLifetime value.
[16:20:16:332] [WARN] - com.zaxxer.hikari.pool.PoolBase.isConnectionAlive(PoolBase.java:184) - data-pool- - Failed to validate connection org.mariadb.jdbc.Connection@3d777620 ((conn=1745) Connection.setNetworkTimeout cannot be called on a closed connection). Possibly consider using a shorter maxLifetime value.
[16:20:16:334] [WARN] - com.zaxxer.hikari.pool.PoolBase.isConnectionAlive(PoolBase.java:184) - data-pool- - Failed to validate connection org.mariadb.jdbc.Connection@33b09ffe ((conn=1746) Connection.setNetworkTimeout cannot be called on a closed connection). Possibly consider using a shorter maxLifetime value.
[16:23:16:329] [WARN] - com.zaxxer.hikari.pool.PoolBase.isConnectionAlive(PoolBase.java:184) - data-pool- - Failed to validate connection org.mariadb.jdbc.Connection@69323205 ((conn=1751) Connection.setNetworkTimeout cannot be called on a closed connection). Possibly consider using a shorter maxLifetime value.
[16:29:06:322] [WARN] - com.zaxxer.hikari.pool.PoolBase.isConnectionAlive(PoolBase.java:184) - data-pool- - Failed to validate connection org.mariadb.jdbc.Connection@23ece5bd ((conn=1760) Connection.setNetworkTimeout cannot be called on a closed connection). Possibly consider using a shorter maxLifetime value.
[16:31:09:781] [WARN] - com.zaxxer.hikari.pool.PoolBase.isConnectionAlive(PoolBase.java:184) - data-pool- - Failed to validate connection org.mariadb.jdbc.Connection@3296e74b ((conn=1764) Connection.setNetworkTimeout cannot be called on a closed connection). Possibly consider using a shorter maxLifetime value.
[16:32:06:324] [WARN] - com.zaxxer.hikari.pool.PoolBase.isConnectionAlive(PoolBase.java:184) - data-pool- - Failed to validate connection org.mariadb.jdbc.Connection@644fde88 ((conn=1766) Connection.setNetworkTimeout cannot be called on a closed connection). Possibly consider using a shorter maxLifetime value.
[16:34:46:331] [WARN] - com.zaxxer.hikari.pool.PoolBase.isConnectionAlive(PoolBase.java:184) - data-pool- - Failed to validate connection org.mariadb.jdbc.Connection@2d2b1fb0 ((conn=1769) Connection.setNetworkTimeout cannot be called on a closed connection). Possibly consider using a shorter maxLifetime value.
[16:37:38:833] [WARN] - com.zaxxer.hikari.pool.PoolBase.isConnectionAlive(PoolBase.java:184) - data-pool- - Failed to validate connection org.mariadb.jdbc.Connection@11e5a4e4 ((conn=1775) Connection.setNetworkTimeout cannot be called on a closed connection). Possibly consider using a shorter maxLifetime value.
[16:37:56:319] [WARN] - com.zaxxer.hikari.pool.PoolBase.isConnectionAlive(PoolBase.java:184) - data-pool- - Failed to validate connection org.mariadb.jdbc.Connection@5dd8afc7 ((conn=1776) Connection.setNetworkTimeout cannot be called on a closed connection). Possibly consider using a shorter maxLifetime value.
[16:40:16:331] [WARN] - com.zaxxer.hikari.pool.PoolBase.isConnectionAlive(PoolBase.java:184) - data-pool- - Failed to validate connection org.mariadb.jdbc.Connection@36507027 ((conn=1780) Connection.setNetworkTimeout cannot be called on a closed connection). Possibly consider using a shorter maxLifetime value.
[16:41:16:335] [WARN] - com.zaxxer.hikari.pool.PoolBase.isConnectionAlive(PoolBase.java:184) - data-pool- - Failed to validate connection org.mariadb.jdbc.Connection@36e719be ((conn=1782) Connection.setNetworkTimeout cannot be called on a closed connection). Possibly consider using a shorter maxLifetime value.
[16:43:26:328] [WARN] - com.zaxxer.hikari.pool.PoolBase.isConnectionAlive(PoolBase.java:184) - data-pool- - Failed to validate connection org.mariadb.jdbc.Connection@6c16158b ((conn=1785) Connection.setNetworkTimeout cannot be called on a closed connection). Possibly consider using a shorter maxLifetime value.
[16:43:46:331] [WARN] - com.zaxxer.hikari.pool.PoolBase.isConnectionAlive(PoolBase.java:184) - data-pool- - Failed to validate connection org.mariadb.jdbc.Connection@d900403 ((conn=1786) Connection.setNetworkTimeout cannot be called on a closed connection). Possibly consider using a shorter maxLifetime value.
[16:43:46:337] [WARN] - com.zaxxer.hikari.pool.PoolBase.isConnectionAlive(PoolBase.java:184) - data-pool- - Failed to validate connection org.mariadb.jdbc.Connection@7686f73 ((conn=1787) Connection.setNetworkTimeout cannot be called on a closed connection). Possibly consider using a shorter maxLifetime value.
[16:49:16:322] [WARN] - com.zaxxer.hikari.pool.PoolBase.isConnectionAlive(PoolBase.java:184) - data-pool- - Failed to validate connection org.mariadb.jdbc.Connection@3ca81b57 ((conn=1795) Connection.setNetworkTimeout cannot be called on a closed connection). Possibly consider using a shorter maxLifetime value.
[16:49:36:328] [WARN] - com.zaxxer.hikari.pool.PoolBase.isConnectionAlive(PoolBase.java:184) - data-pool- - Failed to validate connection org.mariadb.jdbc.Connection@50d8aedf ((conn=1796) Connection.setNetworkTimeout cannot be called on a closed connection). Possibly consider using a shorter maxLifetime value.
[16:49:36:334] [WARN] - com.zaxxer.hikari.pool.PoolBase.isConnectionAlive(PoolBase.java:184) - data-pool- - Failed to validate connection org.mariadb.jdbc.Connection@6142d9aa ((conn=1797) Connection.setNetworkTimeout cannot be called on a closed connection). Possibly consider using a shorter maxLifetime value.
[16:52:16:329] [WARN] - com.zaxxer.hikari.pool.PoolBase.isConnectionAlive(PoolBase.java:184) - data-pool- - Failed to validate connection org.mariadb.jdbc.Connection@41906b8f ((conn=1800) Connection.setNetworkTimeout cannot be called on a closed connection). Possibly consider using a shorter maxLifetime value.
[16:52:16:329] [WARN] - com.zaxxer.hikari.pool.PoolBase.isConnectionAlive(PoolBase.java:184) - data-pool- - Failed to validate connection org.mariadb.jdbc.Connection@129f5d28 ((conn=1801) Connection.setNetworkTimeout cannot be called on a closed connection). Possibly consider using a shorter maxLifetime value.
[16:52:16:331] [WARN] - com.zaxxer.hikari.pool.PoolBase.isConnectionAlive(PoolBase.java:184) - data-pool- - Failed to validate connection org.mariadb.jdbc.Connection@629c667e ((conn=1802) Connection.setNetworkTimeout cannot be called on a closed connection). Possibly consider using a shorter maxLifetime value.
[16:58:46:334] [WARN] - com.zaxxer.hikari.pool.PoolBase.isConnectionAlive(PoolBase.java:184) - data-pool- - Failed to validate connection org.mariadb.jdbc.Connection@789cf70c ((conn=1813) Connection.setNetworkTimeout cannot be called on a closed connection). Possibly consider using a shorter maxLifetime value.
[17:01:16:324] [WARN] - com.zaxxer.hikari.pool.PoolBase.isConnectionAlive(PoolBase.java:184) - data-pool- - Failed to validate connection org.mariadb.jdbc.Connection@65bf4bcb ((conn=1818) Connection.setNetworkTimeout cannot be called on a closed connection). Possibly consider using a shorter maxLifetime value.
[17:15:57:173] [WARN] - com.zaxxer.hikari.HikariConfig.validateNumerics(HikariConfig.java:1084) - data-pool- - idleTimeout is close to or more than maxLifetime, disabling it.
[17:18:28:392] [WARN] - com.zaxxer.hikari.pool.PoolBase.isConnectionAlive(PoolBase.java:184) - data-pool- - Failed to validate connection org.mariadb.jdbc.Connection@7ebeec69 ((conn=1845) Connection.setNetworkTimeout cannot be called on a closed connection). Possibly consider using a shorter maxLifetime value.
[17:18:28:392] [WARN] - com.zaxxer.hikari.pool.PoolBase.isConnectionAlive(PoolBase.java:184) - data-pool- - Failed to validate connection org.mariadb.jdbc.Connection@230b752f ((conn=1846) Connection.setNetworkTimeout cannot be called on a closed connection). Possibly consider using a shorter maxLifetime value.
[17:18:28:393] [WARN] - com.zaxxer.hikari.pool.PoolBase.isConnectionAlive(PoolBase.java:184) - data-pool- - Failed to validate connection org.mariadb.jdbc.Connection@29f31e5f ((conn=1847) Connection.setNetworkTimeout cannot be called on a closed connection). Possibly consider using a shorter maxLifetime value.
[17:21:48:398] [WARN] - com.zaxxer.hikari.pool.PoolBase.isConnectionAlive(PoolBase.java:184) - data-pool- - Failed to validate connection org.mariadb.jdbc.Connection@62972f87 ((conn=1853) Connection.setNetworkTimeout cannot be called on a closed connection). Possibly consider using a shorter maxLifetime value.
[17:21:48:398] [WARN] - com.zaxxer.hikari.pool.PoolBase.isConnectionAlive(PoolBase.java:184) - data-pool- - Failed to validate connection org.mariadb.jdbc.Connection@39030ce6 ((conn=1852) Connection.setNetworkTimeout cannot be called on a closed connection). Possibly consider using a shorter maxLifetime value.
[17:21:48:400] [WARN] - com.zaxxer.hikari.pool.PoolBase.isConnectionAlive(PoolBase.java:184) - data-pool- - Failed to validate connection org.mariadb.jdbc.Connection@37c4e5b6 ((conn=1854) Connection.setNetworkTimeout cannot be called on a closed connection). Possibly consider using a shorter maxLifetime value.
[17:24:26:534] [WARN] - com.zaxxer.hikari.pool.PoolBase.isConnectionAlive(PoolBase.java:184) - data-pool- - Failed to validate connection org.mariadb.jdbc.Connection@3f15b1 ((conn=1857) Connection.setNetworkTimeout cannot be called on a closed connection). Possibly consider using a shorter maxLifetime value.
[17:24:26:537] [WARN] - com.zaxxer.hikari.pool.PoolBase.isConnectionAlive(PoolBase.java:184) - data-pool- - Failed to validate connection org.mariadb.jdbc.Connection@400134e0 ((conn=1858) Connection.setNetworkTimeout cannot be called on a closed connection). Possibly consider using a shorter maxLifetime value.
[17:24:26:541] [WARN] - com.zaxxer.hikari.pool.PoolBase.isConnectionAlive(PoolBase.java:184) - data-pool- - Failed to validate connection org.mariadb.jdbc.Connection@516bf8ba ((conn=1859) Connection.setNetworkTimeout cannot be called on a closed connection). Possibly consider using a shorter maxLifetime value.
[17:32:10:272] [WARN] - com.zaxxer.hikari.HikariConfig.validateNumerics(HikariConfig.java:1084) - data-pool- - idleTimeout is close to or more than maxLifetime, disabling it.
[17:34:31:143] [WARN] - com.zaxxer.hikari.pool.PoolBase.isConnectionAlive(PoolBase.java:184) - data-pool- - Failed to validate connection org.mariadb.jdbc.Connection@251b74e0 ((conn=1878) Connection.setNetworkTimeout cannot be called on a closed connection). Possibly consider using a shorter maxLifetime value.
[17:39:20:324] [WARN] - com.zaxxer.hikari.pool.PoolBase.isConnectionAlive(PoolBase.java:184) - data-pool- - Failed to validate connection org.mariadb.jdbc.Connection@7ef7427b ((conn=1881) Connection.setNetworkTimeout cannot be called on a closed connection). Possibly consider using a shorter maxLifetime value.
[17:39:20:323] [WARN] - com.zaxxer.hikari.pool.PoolBase.isConnectionAlive(PoolBase.java:184) - data-pool- - Failed to validate connection org.mariadb.jdbc.Connection@606b9050 ((conn=1877) Connection.setNetworkTimeout cannot be called on a closed connection). Possibly consider using a shorter maxLifetime value.
[17:39:20:324] [WARN] - com.zaxxer.hikari.pool.PoolBase.isConnectionAlive(PoolBase.java:184) - data-pool- - Failed to validate connection org.mariadb.jdbc.Connection@4fa6eaf2 ((conn=1879) Connection.setNetworkTimeout cannot be called on a closed connection). Possibly consider using a shorter maxLifetime value.
[17:39:20:325] [WARN] - com.zaxxer.hikari.pool.HikariPool$HouseKeeper.run(HikariPool.java:788) - data-pool- - Thread starvation or clock leap detected (housekeeper delta=4m39s749ms500µs300ns).
[17:39:20:324] [WARN] - com.zaxxer.hikari.pool.ProxyConnection.checkException(ProxyConnection.java:182) - data-pool- - Connection org.mariadb.jdbc.Connection@286f1208 marked as broken because of SQLSTATE(08000), ErrorCode(-1)
java.sql.SQLNonTransientConnectionException: (conn=1876) Socket error
	at org.mariadb.jdbc.export.ExceptionFactory.createException(ExceptionFactory.java:291) ~[mariadb-java-client-3.0.6.jar:?]
	at org.mariadb.jdbc.export.ExceptionFactory.create(ExceptionFactory.java:357) ~[mariadb-java-client-3.0.6.jar:?]
	at org.mariadb.jdbc.client.impl.StandardClient.sendQuery(StandardClient.java:494) ~[mariadb-java-client-3.0.6.jar:?]
	at org.mariadb.jdbc.client.impl.StandardClient.execute(StandardClient.java:623) ~[mariadb-java-client-3.0.6.jar:?]
	at org.mariadb.jdbc.client.impl.StandardClient.execute(StandardClient.java:499) ~[mariadb-java-client-3.0.6.jar:?]
	at org.mariadb.jdbc.Connection.rollback(Connection.java:219) ~[mariadb-java-client-3.0.6.jar:?]
	at com.zaxxer.hikari.pool.ProxyConnection.rollback(ProxyConnection.java:396) ~[HikariCP-4.0.3.jar:?]
	at com.zaxxer.hikari.pool.HikariProxyConnection.rollback(HikariProxyConnection.java) ~[HikariCP-4.0.3.jar:?]
	at org.apache.ibatis.transaction.jdbc.JdbcTransaction.rollback(JdbcTransaction.java:88) ~[mybatis-3.5.10.jar:3.5.10]
	at org.apache.ibatis.executor.BaseExecutor.rollback(BaseExecutor.java:256) ~[mybatis-3.5.10.jar:3.5.10]
	at org.apache.ibatis.executor.CachingExecutor.rollback(CachingExecutor.java:126) ~[mybatis-3.5.10.jar:3.5.10]
	at org.apache.ibatis.session.defaults.DefaultSqlSession.rollback(DefaultSqlSession.java:237) ~[mybatis-3.5.10.jar:3.5.10]
	at org.apache.ibatis.session.defaults.DefaultSqlSession.rollback(DefaultSqlSession.java:231) ~[mybatis-3.5.10.jar:3.5.10]
	at my.db.mybatisConfig.rollback(mybatisConfig.java:100) ~[classes/:?]
	at my.handle.toService(handle.java:458) ~[classes/:?]
	at my.handle.sendHttpResponse(handle.java:363) ~[classes/:?]
	at my.handle.handleHttpRequest(handle.java:187) ~[classes/:?]
	at my.handle.channelRead0(handle.java:55) ~[classes/:?]
	at io.netty.channel.SimpleChannelInboundHandler.channelRead(SimpleChannelInboundHandler.java:99) ~[netty-transport-4.1.79.Final.jar:4.1.79.Final]
	at io.netty.channel.AbstractChannelHandlerContext.invokeChannelRead(AbstractChannelHandlerContext.java:379) ~[netty-transport-4.1.79.Final.jar:4.1.79.Final]
	at io.netty.channel.AbstractChannelHandlerContext.invokeChannelRead(AbstractChannelHandlerContext.java:365) ~[netty-transport-4.1.79.Final.jar:4.1.79.Final]
	at io.netty.channel.AbstractChannelHandlerContext.fireChannelRead(AbstractChannelHandlerContext.java:357) ~[netty-transport-4.1.79.Final.jar:4.1.79.Final]
	at io.netty.handler.codec.MessageToMessageDecoder.channelRead(MessageToMessageDecoder.java:103) ~[netty-codec-4.1.79.Final.jar:4.1.79.Final]
	at io.netty.channel.AbstractChannelHandlerContext.invokeChannelRead(AbstractChannelHandlerContext.java:379) ~[netty-transport-4.1.79.Final.jar:4.1.79.Final]
	at io.netty.channel.AbstractChannelHandlerContext.invokeChannelRead(AbstractChannelHandlerContext.java:365) ~[netty-transport-4.1.79.Final.jar:4.1.79.Final]
	at io.netty.channel.AbstractChannelHandlerContext.fireChannelRead(AbstractChannelHandlerContext.java:357) ~[netty-transport-4.1.79.Final.jar:4.1.79.Final]
	at io.netty.handler.codec.ByteToMessageDecoder.fireChannelRead(ByteToMessageDecoder.java:327) ~[netty-codec-4.1.79.Final.jar:4.1.79.Final]
	at io.netty.handler.codec.ByteToMessageDecoder.channelRead(ByteToMessageDecoder.java:299) ~[netty-codec-4.1.79.Final.jar:4.1.79.Final]
	at io.netty.channel.AbstractChannelHandlerContext.invokeChannelRead(AbstractChannelHandlerContext.java:379) ~[netty-transport-4.1.79.Final.jar:4.1.79.Final]
	at io.netty.channel.AbstractChannelHandlerContext.invokeChannelRead(AbstractChannelHandlerContext.java:365) ~[netty-transport-4.1.79.Final.jar:4.1.79.Final]
	at io.netty.channel.AbstractChannelHandlerContext.fireChannelRead(AbstractChannelHandlerContext.java:357) ~[netty-transport-4.1.79.Final.jar:4.1.79.Final]
	at io.netty.channel.DefaultChannelPipeline$HeadContext.channelRead(DefaultChannelPipeline.java:1410) ~[netty-transport-4.1.79.Final.jar:4.1.79.Final]
	at io.netty.channel.AbstractChannelHandlerContext.invokeChannelRead(AbstractChannelHandlerContext.java:379) ~[netty-transport-4.1.79.Final.jar:4.1.79.Final]
	at io.netty.channel.AbstractChannelHandlerContext.invokeChannelRead(AbstractChannelHandlerContext.java:365) ~[netty-transport-4.1.79.Final.jar:4.1.79.Final]
	at io.netty.channel.DefaultChannelPipeline.fireChannelRead(DefaultChannelPipeline.java:919) ~[netty-transport-4.1.79.Final.jar:4.1.79.Final]
	at io.netty.channel.nio.AbstractNioByteChannel$NioByteUnsafe.read(AbstractNioByteChannel.java:166) ~[netty-transport-4.1.79.Final.jar:4.1.79.Final]
	at io.netty.channel.nio.NioEventLoop.processSelectedKey(NioEventLoop.java:722) ~[netty-transport-4.1.79.Final.jar:4.1.79.Final]
	at io.netty.channel.nio.NioEventLoop.processSelectedKeysOptimized(NioEventLoop.java:658) ~[netty-transport-4.1.79.Final.jar:4.1.79.Final]
	at io.netty.channel.nio.NioEventLoop.processSelectedKeys(NioEventLoop.java:584) ~[netty-transport-4.1.79.Final.jar:4.1.79.Final]
	at io.netty.channel.nio.NioEventLoop.run(NioEventLoop.java:496) ~[netty-transport-4.1.79.Final.jar:4.1.79.Final]
	at io.netty.util.concurrent.SingleThreadEventExecutor$4.run(SingleThreadEventExecutor.java:997) ~[netty-common-4.1.79.Final.jar:4.1.79.Final]
	at io.netty.util.internal.ThreadExecutorMap$2.run(ThreadExecutorMap.java:74) ~[netty-common-4.1.79.Final.jar:4.1.79.Final]
	at io.netty.util.concurrent.FastThreadLocalRunnable.run(FastThreadLocalRunnable.java:30) ~[netty-common-4.1.79.Final.jar:4.1.79.Final]
	at java.lang.Thread.run(Thread.java:748) ~[?:1.8.0_192]
Caused by: java.net.SocketException: Software caused connection abort: socket write error
	at java.net.SocketOutputStream.socketWrite0(Native Method) ~[?:1.8.0_192]
	at java.net.SocketOutputStream.socketWrite(SocketOutputStream.java:111) ~[?:1.8.0_192]
	at java.net.SocketOutputStream.write(SocketOutputStream.java:155) ~[?:1.8.0_192]
	at org.mariadb.jdbc.client.socket.impl.PacketWriter.writeSocket(PacketWriter.java:834) ~[mariadb-java-client-3.0.6.jar:?]
	at org.mariadb.jdbc.client.socket.impl.PacketWriter.flush(PacketWriter.java:704) ~[mariadb-java-client-3.0.6.jar:?]
	at org.mariadb.jdbc.message.client.QueryPacket.encode(QueryPacket.java:35) ~[mariadb-java-client-3.0.6.jar:?]
	at org.mariadb.jdbc.client.impl.StandardClient.sendQuery(StandardClient.java:474) ~[mariadb-java-client-3.0.6.jar:?]
	... 41 more
[17:40:34:278] [WARN] - com.zaxxer.hikari.pool.HikariPool$HouseKeeper.run(HikariPool.java:788) - data-pool- - Thread starvation or clock leap detected (housekeeper delta=1m13s953ms616µs300ns).
[17:41:28:271] [WARN] - com.zaxxer.hikari.pool.HikariPool$HouseKeeper.run(HikariPool.java:788) - data-pool- - Thread starvation or clock leap detected (housekeeper delta=53s990ms488µs800ns).
[17:44:45:678] [WARN] - com.zaxxer.hikari.pool.ProxyConnection.checkException(ProxyConnection.java:182) - data-pool- - Connection org.mariadb.jdbc.Connection@4b77e132 marked as broken because of SQLSTATE(08000), ErrorCode(-1)
java.sql.SQLNonTransientConnectionException: (conn=1883) Socket error
	at org.mariadb.jdbc.export.ExceptionFactory.createException(ExceptionFactory.java:291) ~[mariadb-java-client-3.0.6.jar:?]
	at org.mariadb.jdbc.export.ExceptionFactory.create(ExceptionFactory.java:357) ~[mariadb-java-client-3.0.6.jar:?]
	at org.mariadb.jdbc.client.impl.StandardClient.readPacket(StandardClient.java:847) ~[mariadb-java-client-3.0.6.jar:?]
	at org.mariadb.jdbc.client.impl.StandardClient.readResults(StandardClient.java:763) ~[mariadb-java-client-3.0.6.jar:?]
	at org.mariadb.jdbc.client.impl.StandardClient.readResponse(StandardClient.java:682) ~[mariadb-java-client-3.0.6.jar:?]
	at org.mariadb.jdbc.client.impl.StandardClient.execute(StandardClient.java:625) ~[mariadb-java-client-3.0.6.jar:?]
	at org.mariadb.jdbc.ClientPreparedStatement.executeInternal(ClientPreparedStatement.java:95) ~[mariadb-java-client-3.0.6.jar:?]
	at org.mariadb.jdbc.ClientPreparedStatement.execute(ClientPreparedStatement.java:265) ~[mariadb-java-client-3.0.6.jar:?]
	at com.zaxxer.hikari.pool.ProxyPreparedStatement.execute(ProxyPreparedStatement.java:44) ~[HikariCP-4.0.3.jar:?]
	at com.zaxxer.hikari.pool.HikariProxyPreparedStatement.execute(HikariProxyPreparedStatement.java) ~[HikariCP-4.0.3.jar:?]
	at org.apache.ibatis.executor.statement.PreparedStatementHandler.query(PreparedStatementHandler.java:64) ~[mybatis-3.5.10.jar:3.5.10]
	at org.apache.ibatis.executor.statement.RoutingStatementHandler.query(RoutingStatementHandler.java:79) ~[mybatis-3.5.10.jar:3.5.10]
	at org.apache.ibatis.executor.SimpleExecutor.doQuery(SimpleExecutor.java:63) ~[mybatis-3.5.10.jar:3.5.10]
	at org.apache.ibatis.executor.BaseExecutor.queryFromDatabase(BaseExecutor.java:325) ~[mybatis-3.5.10.jar:3.5.10]
	at org.apache.ibatis.executor.BaseExecutor.query(BaseExecutor.java:156) ~[mybatis-3.5.10.jar:3.5.10]
	at org.apache.ibatis.executor.CachingExecutor.query(CachingExecutor.java:109) ~[mybatis-3.5.10.jar:3.5.10]
	at org.apache.ibatis.executor.CachingExecutor.query(CachingExecutor.java:89) ~[mybatis-3.5.10.jar:3.5.10]
	at org.apache.ibatis.session.defaults.DefaultSqlSession.selectList(DefaultSqlSession.java:151) ~[mybatis-3.5.10.jar:3.5.10]
	at org.apache.ibatis.session.defaults.DefaultSqlSession.selectList(DefaultSqlSession.java:145) ~[mybatis-3.5.10.jar:3.5.10]
	at org.apache.ibatis.session.defaults.DefaultSqlSession.selectList(DefaultSqlSession.java:140) ~[mybatis-3.5.10.jar:3.5.10]
	at org.apache.ibatis.binding.MapperMethod.executeForMany(MapperMethod.java:147) ~[mybatis-3.5.10.jar:3.5.10]
	at org.apache.ibatis.binding.MapperMethod.execute(MapperMethod.java:80) ~[mybatis-3.5.10.jar:3.5.10]
	at org.apache.ibatis.binding.MapperProxy$PlainMethodInvoker.invoke(MapperProxy.java:145) ~[mybatis-3.5.10.jar:3.5.10]
	at org.apache.ibatis.binding.MapperProxy.invoke(MapperProxy.java:86) ~[mybatis-3.5.10.jar:3.5.10]
	at com.sun.proxy.$Proxy22.selectLvOrder(Unknown Source) ~[?:?]
	at my.service.orderService.handleOrder(orderService.java:293) ~[classes/:?]
	at my.service.activityService.lambda$getActivity$5(activityService.java:314) ~[classes/:?]
	at my.service.activityService.lambda$commonDelayAc$40(activityService.java:685) ~[classes/:?]
	at my.service.activityService.lambda$null$2(activityService.java:279) ~[classes/:?]
	at io.netty.util.concurrent.AbstractEventExecutor.runTask$$$capture(AbstractEventExecutor.java:174) ~[netty-common-4.1.79.Final.jar:4.1.79.Final]
	at io.netty.util.concurrent.AbstractEventExecutor.runTask(AbstractEventExecutor.java) ~[netty-common-4.1.79.Final.jar:4.1.79.Final]
	at io.netty.util.concurrent.AbstractEventExecutor.safeExecute$$$capture(AbstractEventExecutor.java:167) ~[netty-common-4.1.79.Final.jar:4.1.79.Final]
	at io.netty.util.concurrent.AbstractEventExecutor.safeExecute(AbstractEventExecutor.java) ~[netty-common-4.1.79.Final.jar:4.1.79.Final]
	at io.netty.util.concurrent.SingleThreadEventExecutor.runAllTasks(SingleThreadEventExecutor.java:470) ~[netty-common-4.1.79.Final.jar:4.1.79.Final]
	at io.netty.channel.nio.NioEventLoop.run(NioEventLoop.java:503) ~[netty-transport-4.1.79.Final.jar:4.1.79.Final]
	at io.netty.util.concurrent.SingleThreadEventExecutor$4.run(SingleThreadEventExecutor.java:997) ~[netty-common-4.1.79.Final.jar:4.1.79.Final]
	at io.netty.util.internal.ThreadExecutorMap$2.run(ThreadExecutorMap.java:74) ~[netty-common-4.1.79.Final.jar:4.1.79.Final]
	at io.netty.util.concurrent.FastThreadLocalRunnable.run(FastThreadLocalRunnable.java:30) ~[netty-common-4.1.79.Final.jar:4.1.79.Final]
	at java.lang.Thread.run(Thread.java:748) ~[?:1.8.0_192]
Caused by: java.net.SocketException: Software caused connection abort: recv failed
	at java.net.SocketInputStream.socketRead0(Native Method) ~[?:1.8.0_192]
	at java.net.SocketInputStream.socketRead(SocketInputStream.java:116) ~[?:1.8.0_192]
	at java.net.SocketInputStream.read(SocketInputStream.java:171) ~[?:1.8.0_192]
	at java.net.SocketInputStream.read(SocketInputStream.java:141) ~[?:1.8.0_192]
	at java.io.FilterInputStream.read(FilterInputStream.java:133) ~[?:1.8.0_192]
	at org.mariadb.jdbc.client.socket.impl.ReadAheadBufferedStream.fillingBuffer(ReadAheadBufferedStream.java:93) ~[mariadb-java-client-3.0.6.jar:?]
	at org.mariadb.jdbc.client.socket.impl.ReadAheadBufferedStream.read(ReadAheadBufferedStream.java:66) ~[mariadb-java-client-3.0.6.jar:?]
	at org.mariadb.jdbc.client.socket.impl.PacketReader.readPacket(PacketReader.java:76) ~[mariadb-java-client-3.0.6.jar:?]
	at org.mariadb.jdbc.message.ClientMessage.readPacket(ClientMessage.java:118) ~[mariadb-java-client-3.0.6.jar:?]
	at org.mariadb.jdbc.client.impl.StandardClient.readPacket(StandardClient.java:824) ~[mariadb-java-client-3.0.6.jar:?]
	... 36 more
[17:44:45:680] [WARN] - com.zaxxer.hikari.pool.ProxyConnection.checkException(ProxyConnection.java:182) - data-pool- - Connection org.mariadb.jdbc.Connection@2db9a65b marked as broken because of SQLSTATE(08000), ErrorCode(-1)
java.sql.SQLNonTransientConnectionException: (conn=1882) Socket error
	at org.mariadb.jdbc.export.ExceptionFactory.createException(ExceptionFactory.java:291) ~[mariadb-java-client-3.0.6.jar:?]
	at org.mariadb.jdbc.export.ExceptionFactory.create(ExceptionFactory.java:357) ~[mariadb-java-client-3.0.6.jar:?]
	at org.mariadb.jdbc.client.impl.StandardClient.sendQuery(StandardClient.java:494) ~[mariadb-java-client-3.0.6.jar:?]
	at org.mariadb.jdbc.client.impl.StandardClient.execute(StandardClient.java:623) ~[mariadb-java-client-3.0.6.jar:?]
	at org.mariadb.jdbc.client.impl.StandardClient.execute(StandardClient.java:499) ~[mariadb-java-client-3.0.6.jar:?]
	at org.mariadb.jdbc.Connection.rollback(Connection.java:219) ~[mariadb-java-client-3.0.6.jar:?]
	at com.zaxxer.hikari.pool.ProxyConnection.rollback(ProxyConnection.java:396) ~[HikariCP-4.0.3.jar:?]
	at com.zaxxer.hikari.pool.HikariProxyConnection.rollback(HikariProxyConnection.java) ~[HikariCP-4.0.3.jar:?]
	at org.apache.ibatis.transaction.jdbc.JdbcTransaction.rollback(JdbcTransaction.java:88) ~[mybatis-3.5.10.jar:3.5.10]
	at org.apache.ibatis.executor.BaseExecutor.rollback(BaseExecutor.java:256) ~[mybatis-3.5.10.jar:3.5.10]
	at org.apache.ibatis.executor.CachingExecutor.rollback(CachingExecutor.java:126) ~[mybatis-3.5.10.jar:3.5.10]
	at org.apache.ibatis.session.defaults.DefaultSqlSession.rollback(DefaultSqlSession.java:237) ~[mybatis-3.5.10.jar:3.5.10]
	at org.apache.ibatis.session.defaults.DefaultSqlSession.rollback(DefaultSqlSession.java:231) ~[mybatis-3.5.10.jar:3.5.10]
	at my.db.mybatisConfig.rollback(mybatisConfig.java:100) ~[classes/:?]
	at my.handle.toService(handle.java:458) ~[classes/:?]
	at my.handle.sendHttpResponse(handle.java:363) ~[classes/:?]
	at my.handle.handleHttpRequest(handle.java:187) ~[classes/:?]
	at my.handle.channelRead0(handle.java:55) ~[classes/:?]
	at io.netty.channel.SimpleChannelInboundHandler.channelRead(SimpleChannelInboundHandler.java:99) ~[netty-transport-4.1.79.Final.jar:4.1.79.Final]
	at io.netty.channel.AbstractChannelHandlerContext.invokeChannelRead(AbstractChannelHandlerContext.java:379) ~[netty-transport-4.1.79.Final.jar:4.1.79.Final]
	at io.netty.channel.AbstractChannelHandlerContext.invokeChannelRead(AbstractChannelHandlerContext.java:365) ~[netty-transport-4.1.79.Final.jar:4.1.79.Final]
	at io.netty.channel.AbstractChannelHandlerContext.fireChannelRead(AbstractChannelHandlerContext.java:357) ~[netty-transport-4.1.79.Final.jar:4.1.79.Final]
	at io.netty.handler.codec.MessageToMessageDecoder.channelRead(MessageToMessageDecoder.java:103) ~[netty-codec-4.1.79.Final.jar:4.1.79.Final]
	at io.netty.channel.AbstractChannelHandlerContext.invokeChannelRead(AbstractChannelHandlerContext.java:379) ~[netty-transport-4.1.79.Final.jar:4.1.79.Final]
	at io.netty.channel.AbstractChannelHandlerContext.invokeChannelRead(AbstractChannelHandlerContext.java:365) ~[netty-transport-4.1.79.Final.jar:4.1.79.Final]
	at io.netty.channel.AbstractChannelHandlerContext.fireChannelRead(AbstractChannelHandlerContext.java:357) ~[netty-transport-4.1.79.Final.jar:4.1.79.Final]
	at io.netty.handler.codec.ByteToMessageDecoder.fireChannelRead(ByteToMessageDecoder.java:327) ~[netty-codec-4.1.79.Final.jar:4.1.79.Final]
	at io.netty.handler.codec.ByteToMessageDecoder.channelRead(ByteToMessageDecoder.java:299) ~[netty-codec-4.1.79.Final.jar:4.1.79.Final]
	at io.netty.channel.AbstractChannelHandlerContext.invokeChannelRead(AbstractChannelHandlerContext.java:379) ~[netty-transport-4.1.79.Final.jar:4.1.79.Final]
	at io.netty.channel.AbstractChannelHandlerContext.invokeChannelRead(AbstractChannelHandlerContext.java:365) ~[netty-transport-4.1.79.Final.jar:4.1.79.Final]
	at io.netty.channel.AbstractChannelHandlerContext.fireChannelRead(AbstractChannelHandlerContext.java:357) ~[netty-transport-4.1.79.Final.jar:4.1.79.Final]
	at io.netty.channel.DefaultChannelPipeline$HeadContext.channelRead(DefaultChannelPipeline.java:1410) ~[netty-transport-4.1.79.Final.jar:4.1.79.Final]
	at io.netty.channel.AbstractChannelHandlerContext.invokeChannelRead(AbstractChannelHandlerContext.java:379) ~[netty-transport-4.1.79.Final.jar:4.1.79.Final]
	at io.netty.channel.AbstractChannelHandlerContext.invokeChannelRead(AbstractChannelHandlerContext.java:365) ~[netty-transport-4.1.79.Final.jar:4.1.79.Final]
	at io.netty.channel.DefaultChannelPipeline.fireChannelRead(DefaultChannelPipeline.java:919) ~[netty-transport-4.1.79.Final.jar:4.1.79.Final]
	at io.netty.channel.nio.AbstractNioByteChannel$NioByteUnsafe.read(AbstractNioByteChannel.java:166) ~[netty-transport-4.1.79.Final.jar:4.1.79.Final]
	at io.netty.channel.nio.NioEventLoop.processSelectedKey(NioEventLoop.java:722) ~[netty-transport-4.1.79.Final.jar:4.1.79.Final]
	at io.netty.channel.nio.NioEventLoop.processSelectedKeysOptimized(NioEventLoop.java:658) ~[netty-transport-4.1.79.Final.jar:4.1.79.Final]
	at io.netty.channel.nio.NioEventLoop.processSelectedKeys(NioEventLoop.java:584) ~[netty-transport-4.1.79.Final.jar:4.1.79.Final]
	at io.netty.channel.nio.NioEventLoop.run(NioEventLoop.java:496) ~[netty-transport-4.1.79.Final.jar:4.1.79.Final]
	at io.netty.util.concurrent.SingleThreadEventExecutor$4.run(SingleThreadEventExecutor.java:997) ~[netty-common-4.1.79.Final.jar:4.1.79.Final]
	at io.netty.util.internal.ThreadExecutorMap$2.run(ThreadExecutorMap.java:74) ~[netty-common-4.1.79.Final.jar:4.1.79.Final]
	at io.netty.util.concurrent.FastThreadLocalRunnable.run(FastThreadLocalRunnable.java:30) ~[netty-common-4.1.79.Final.jar:4.1.79.Final]
	at java.lang.Thread.run(Thread.java:748) ~[?:1.8.0_192]
Caused by: java.net.SocketException: Software caused connection abort: socket write error
	at java.net.SocketOutputStream.socketWrite0(Native Method) ~[?:1.8.0_192]
	at java.net.SocketOutputStream.socketWrite(SocketOutputStream.java:111) ~[?:1.8.0_192]
	at java.net.SocketOutputStream.write(SocketOutputStream.java:155) ~[?:1.8.0_192]
	at org.mariadb.jdbc.client.socket.impl.PacketWriter.writeSocket(PacketWriter.java:834) ~[mariadb-java-client-3.0.6.jar:?]
	at org.mariadb.jdbc.client.socket.impl.PacketWriter.flush(PacketWriter.java:704) ~[mariadb-java-client-3.0.6.jar:?]
	at org.mariadb.jdbc.message.client.QueryPacket.encode(QueryPacket.java:35) ~[mariadb-java-client-3.0.6.jar:?]
	at org.mariadb.jdbc.client.impl.StandardClient.sendQuery(StandardClient.java:474) ~[mariadb-java-client-3.0.6.jar:?]
	... 41 more
[17:44:57:495] [WARN] - com.zaxxer.hikari.HikariConfig.validateNumerics(HikariConfig.java:1084) - data-pool- - idleTimeout is close to or more than maxLifetime, disabling it.
[17:47:18:122] [WARN] - com.zaxxer.hikari.pool.PoolBase.isConnectionAlive(PoolBase.java:184) - data-pool- - Failed to validate connection org.mariadb.jdbc.Connection@1ef14c77 ((conn=1894) Connection.setNetworkTimeout cannot be called on a closed connection). Possibly consider using a shorter maxLifetime value.
[17:47:18:126] [WARN] - com.zaxxer.hikari.pool.PoolBase.isConnectionAlive(PoolBase.java:184) - data-pool- - Failed to validate connection org.mariadb.jdbc.Connection@6ae21ee5 ((conn=1895) Connection.setNetworkTimeout cannot be called on a closed connection). Possibly consider using a shorter maxLifetime value.
[17:47:18:130] [WARN] - com.zaxxer.hikari.pool.PoolBase.isConnectionAlive(PoolBase.java:184) - data-pool- - Failed to validate connection org.mariadb.jdbc.Connection@7ee4653a ((conn=1896) Connection.setNetworkTimeout cannot be called on a closed connection). Possibly consider using a shorter maxLifetime value.
[17:47:18:132] [WARN] - com.zaxxer.hikari.pool.PoolBase.isConnectionAlive(PoolBase.java:184) - data-pool- - Failed to validate connection org.mariadb.jdbc.Connection@3bdc3e82 ((conn=1897) Connection.setNetworkTimeout cannot be called on a closed connection). Possibly consider using a shorter maxLifetime value.
[17:50:48:194] [WARN] - com.zaxxer.hikari.pool.PoolBase.isConnectionAlive(PoolBase.java:184) - data-pool- - Failed to validate connection org.mariadb.jdbc.Connection@1c0f1d23 ((conn=1902) Connection.setNetworkTimeout cannot be called on a closed connection). Possibly consider using a shorter maxLifetime value.
[17:53:18:198] [WARN] - com.zaxxer.hikari.pool.PoolBase.isConnectionAlive(PoolBase.java:184) - data-pool- - Failed to validate connection org.mariadb.jdbc.Connection@5449da4f ((conn=1907) Connection.setNetworkTimeout cannot be called on a closed connection). Possibly consider using a shorter maxLifetime value.
[18:02:08:198] [WARN] - com.zaxxer.hikari.pool.PoolBase.isConnectionAlive(PoolBase.java:184) - data-pool- - Failed to validate connection org.mariadb.jdbc.Connection@b74170f ((conn=1922) Connection.setNetworkTimeout cannot be called on a closed connection). Possibly consider using a shorter maxLifetime value.
[18:04:38:202] [WARN] - com.zaxxer.hikari.pool.PoolBase.isConnectionAlive(PoolBase.java:184) - data-pool- - Failed to validate connection org.mariadb.jdbc.Connection@2411f710 ((conn=1925) Connection.setNetworkTimeout cannot be called on a closed connection). Possibly consider using a shorter maxLifetime value.
[18:10:28:200] [WARN] - com.zaxxer.hikari.pool.PoolBase.isConnectionAlive(PoolBase.java:184) - data-pool- - Failed to validate connection org.mariadb.jdbc.Connection@8f299f ((conn=1936) Connection.setNetworkTimeout cannot be called on a closed connection). Possibly consider using a shorter maxLifetime value.
[18:10:28:207] [WARN] - com.zaxxer.hikari.pool.PoolBase.isConnectionAlive(PoolBase.java:184) - data-pool- - Failed to validate connection org.mariadb.jdbc.Connection@75ddf58e ((conn=1937) Connection.setNetworkTimeout cannot be called on a closed connection). Possibly consider using a shorter maxLifetime value.
[18:10:28:208] [WARN] - com.zaxxer.hikari.pool.PoolBase.isConnectionAlive(PoolBase.java:184) - data-pool- - Failed to validate connection org.mariadb.jdbc.Connection@748200c1 ((conn=1938) Connection.setNetworkTimeout cannot be called on a closed connection). Possibly consider using a shorter maxLifetime value.
[18:16:38:199] [WARN] - com.zaxxer.hikari.pool.PoolBase.isConnectionAlive(PoolBase.java:184) - data-pool- - Failed to validate connection org.mariadb.jdbc.Connection@38de4496 ((conn=1948) Connection.setNetworkTimeout cannot be called on a closed connection). Possibly consider using a shorter maxLifetime value.
[18:19:28:194] [WARN] - com.zaxxer.hikari.pool.PoolBase.isConnectionAlive(PoolBase.java:184) - data-pool- - Failed to validate connection org.mariadb.jdbc.Connection@70067ac4 ((conn=1952) Connection.setNetworkTimeout cannot be called on a closed connection). Possibly consider using a shorter maxLifetime value.
[18:19:28:194] [WARN] - com.zaxxer.hikari.pool.PoolBase.isConnectionAlive(PoolBase.java:184) - data-pool- - Failed to validate connection org.mariadb.jdbc.Connection@53d7a6a6 ((conn=1953) Connection.setNetworkTimeout cannot be called on a closed connection). Possibly consider using a shorter maxLifetime value.
[18:19:28:198] [WARN] - com.zaxxer.hikari.pool.PoolBase.isConnectionAlive(PoolBase.java:184) - data-pool- - Failed to validate connection org.mariadb.jdbc.Connection@5d1052ac ((conn=1954) Connection.setNetworkTimeout cannot be called on a closed connection). Possibly consider using a shorter maxLifetime value.
[18:28:18:187] [WARN] - com.zaxxer.hikari.pool.PoolBase.isConnectionAlive(PoolBase.java:184) - data-pool- - Failed to validate connection org.mariadb.jdbc.Connection@5ca5cb12 ((conn=1968) Connection.setNetworkTimeout cannot be called on a closed connection). Possibly consider using a shorter maxLifetime value.
[18:31:18:198] [WARN] - com.zaxxer.hikari.pool.PoolBase.isConnectionAlive(PoolBase.java:184) - data-pool- - Failed to validate connection org.mariadb.jdbc.Connection@589a445e ((conn=1973) Connection.setNetworkTimeout cannot be called on a closed connection). Possibly consider using a shorter maxLifetime value.
[18:31:18:198] [WARN] - com.zaxxer.hikari.pool.PoolBase.isConnectionAlive(PoolBase.java:184) - data-pool- - Failed to validate connection org.mariadb.jdbc.Connection@6cb9720 ((conn=1974) Connection.setNetworkTimeout cannot be called on a closed connection). Possibly consider using a shorter maxLifetime value.
[18:33:28:197] [WARN] - com.zaxxer.hikari.pool.PoolBase.isConnectionAlive(PoolBase.java:184) - data-pool- - Failed to validate connection org.mariadb.jdbc.Connection@8cdfcb3 ((conn=1977) Connection.setNetworkTimeout cannot be called on a closed connection). Possibly consider using a shorter maxLifetime value.
[18:33:28:199] [WARN] - com.zaxxer.hikari.pool.PoolBase.isConnectionAlive(PoolBase.java:184) - data-pool- - Failed to validate connection org.mariadb.jdbc.Connection@23597c3 ((conn=1978) Connection.setNetworkTimeout cannot be called on a closed connection). Possibly consider using a shorter maxLifetime value.
[18:39:58:193] [WARN] - com.zaxxer.hikari.pool.PoolBase.isConnectionAlive(PoolBase.java:184) - data-pool- - Failed to validate connection org.mariadb.jdbc.Connection@59152bb4 ((conn=1989) Connection.setNetworkTimeout cannot be called on a closed connection). Possibly consider using a shorter maxLifetime value.
[18:39:58:196] [WARN] - com.zaxxer.hikari.pool.PoolBase.isConnectionAlive(PoolBase.java:184) - data-pool- - Failed to validate connection org.mariadb.jdbc.Connection@2187c0cc ((conn=1990) Connection.setNetworkTimeout cannot be called on a closed connection). Possibly consider using a shorter maxLifetime value.
[18:43:08:196] [WARN] - com.zaxxer.hikari.pool.PoolBase.isConnectionAlive(PoolBase.java:184) - data-pool- - Failed to validate connection org.mariadb.jdbc.Connection@13f8ef7f ((conn=1996) Connection.setNetworkTimeout cannot be called on a closed connection). Possibly consider using a shorter maxLifetime value.
[18:48:18:200] [WARN] - com.zaxxer.hikari.pool.PoolBase.isConnectionAlive(PoolBase.java:184) - data-pool- - Failed to validate connection org.mariadb.jdbc.Connection@47ef642d ((conn=2004) Connection.setNetworkTimeout cannot be called on a closed connection). Possibly consider using a shorter maxLifetime value.
[18:51:38:190] [WARN] - com.zaxxer.hikari.pool.PoolBase.isConnectionAlive(PoolBase.java:184) - data-pool- - Failed to validate connection org.mariadb.jdbc.Connection@40c5d045 ((conn=2011) Connection.setNetworkTimeout cannot be called on a closed connection). Possibly consider using a shorter maxLifetime value.
[18:54:38:195] [WARN] - com.zaxxer.hikari.pool.PoolBase.isConnectionAlive(PoolBase.java:184) - data-pool- - Failed to validate connection org.mariadb.jdbc.Connection@3abff16f ((conn=2015) Connection.setNetworkTimeout cannot be called on a closed connection). Possibly consider using a shorter maxLifetime value.
[18:54:38:197] [WARN] - com.zaxxer.hikari.pool.PoolBase.isConnectionAlive(PoolBase.java:184) - data-pool- - Failed to validate connection org.mariadb.jdbc.Connection@34781848 ((conn=2016) Connection.setNetworkTimeout cannot be called on a closed connection). Possibly consider using a shorter maxLifetime value.
[18:57:28:186] [WARN] - com.zaxxer.hikari.pool.PoolBase.isConnectionAlive(PoolBase.java:184) - data-pool- - Failed to validate connection org.mariadb.jdbc.Connection@26e3c1c8 ((conn=2019) Connection.setNetworkTimeout cannot be called on a closed connection). Possibly consider using a shorter maxLifetime value.
[18:57:28:199] [WARN] - com.zaxxer.hikari.pool.PoolBase.isConnectionAlive(PoolBase.java:184) - data-pool- - Failed to validate connection org.mariadb.jdbc.Connection@125e63de ((conn=2020) Connection.setNetworkTimeout cannot be called on a closed connection). Possibly consider using a shorter maxLifetime value.
[18:57:28:201] [WARN] - com.zaxxer.hikari.pool.PoolBase.isConnectionAlive(PoolBase.java:184) - data-pool- - Failed to validate connection org.mariadb.jdbc.Connection@52483ed7 ((conn=2021) Connection.setNetworkTimeout cannot be called on a closed connection). Possibly consider using a shorter maxLifetime value.
[19:00:18:194] [WARN] - com.zaxxer.hikari.pool.PoolBase.isConnectionAlive(PoolBase.java:184) - data-pool- - Failed to validate connection org.mariadb.jdbc.Connection@bd4d888 ((conn=2024) Connection.setNetworkTimeout cannot be called on a closed connection). Possibly consider using a shorter maxLifetime value.
[19:00:18:196] [WARN] - com.zaxxer.hikari.pool.PoolBase.isConnectionAlive(PoolBase.java:184) - data-pool- - Failed to validate connection org.mariadb.jdbc.Connection@5b1ad2dd ((conn=2025) Connection.setNetworkTimeout cannot be called on a closed connection). Possibly consider using a shorter maxLifetime value.
[19:00:18:196] [WARN] - com.zaxxer.hikari.pool.PoolBase.isConnectionAlive(PoolBase.java:184) - data-pool- - Failed to validate connection org.mariadb.jdbc.Connection@4ae9d2b3 ((conn=2026) Connection.setNetworkTimeout cannot be called on a closed connection). Possibly consider using a shorter maxLifetime value.
[19:09:08:195] [WARN] - com.zaxxer.hikari.pool.PoolBase.isConnectionAlive(PoolBase.java:184) - data-pool- - Failed to validate connection org.mariadb.jdbc.Connection@50efa1d2 ((conn=2039) Connection.setNetworkTimeout cannot be called on a closed connection). Possibly consider using a shorter maxLifetime value.
[19:09:08:197] [WARN] - com.zaxxer.hikari.pool.PoolBase.isConnectionAlive(PoolBase.java:184) - data-pool- - Failed to validate connection org.mariadb.jdbc.Connection@137a34fb ((conn=2040) Connection.setNetworkTimeout cannot be called on a closed connection). Possibly consider using a shorter maxLifetime value.
[19:09:08:197] [WARN] - com.zaxxer.hikari.pool.PoolBase.isConnectionAlive(PoolBase.java:184) - data-pool- - Failed to validate connection org.mariadb.jdbc.Connection@3ce54385 ((conn=2041) Connection.setNetworkTimeout cannot be called on a closed connection). Possibly consider using a shorter maxLifetime value.
[19:17:58:189] [WARN] - com.zaxxer.hikari.pool.PoolBase.isConnectionAlive(PoolBase.java:184) - data-pool- - Failed to validate connection org.mariadb.jdbc.Connection@62b190fc ((conn=2054) Connection.setNetworkTimeout cannot be called on a closed connection). Possibly consider using a shorter maxLifetime value.
[19:17:58:190] [WARN] - com.zaxxer.hikari.pool.PoolBase.isConnectionAlive(PoolBase.java:184) - data-pool- - Failed to validate connection org.mariadb.jdbc.Connection@b95fa49 ((conn=2055) Connection.setNetworkTimeout cannot be called on a closed connection). Possibly consider using a shorter maxLifetime value.
[19:17:58:190] [WARN] - com.zaxxer.hikari.pool.PoolBase.isConnectionAlive(PoolBase.java:184) - data-pool- - Failed to validate connection org.mariadb.jdbc.Connection@14845e25 ((conn=2056) Connection.setNetworkTimeout cannot be called on a closed connection). Possibly consider using a shorter maxLifetime value.
[19:29:48:197] [WARN] - com.zaxxer.hikari.pool.PoolBase.isConnectionAlive(PoolBase.java:184) - data-pool- - Failed to validate connection org.mariadb.jdbc.Connection@749308ea ((conn=2076) Connection.setNetworkTimeout cannot be called on a closed connection). Possibly consider using a shorter maxLifetime value.
[19:32:08:188] [WARN] - com.zaxxer.hikari.pool.PoolBase.isConnectionAlive(PoolBase.java:184) - data-pool- - Failed to validate connection org.mariadb.jdbc.Connection@6276660f ((conn=2079) Connection.setNetworkTimeout cannot be called on a closed connection). Possibly consider using a shorter maxLifetime value.
[19:35:28:193] [WARN] - com.zaxxer.hikari.pool.PoolBase.isConnectionAlive(PoolBase.java:184) - data-pool- - Failed to validate connection org.mariadb.jdbc.Connection@559b91cc ((conn=2084) Connection.setNetworkTimeout cannot be called on a closed connection). Possibly consider using a shorter maxLifetime value.
[19:35:28:195] [WARN] - com.zaxxer.hikari.pool.PoolBase.isConnectionAlive(PoolBase.java:184) - data-pool- - Failed to validate connection org.mariadb.jdbc.Connection@5f63fabc ((conn=2085) Connection.setNetworkTimeout cannot be called on a closed connection). Possibly consider using a shorter maxLifetime value.
[19:35:28:204] [WARN] - com.zaxxer.hikari.pool.PoolBase.isConnectionAlive(PoolBase.java:184) - data-pool- - Failed to validate connection org.mariadb.jdbc.Connection@1a616f34 ((conn=2086) Connection.setNetworkTimeout cannot be called on a closed connection). Possibly consider using a shorter maxLifetime value.
[19:38:38:191] [WARN] - com.zaxxer.hikari.pool.PoolBase.isConnectionAlive(PoolBase.java:184) - data-pool- - Failed to validate connection org.mariadb.jdbc.Connection@2ea38d2f ((conn=2091) Connection.setNetworkTimeout cannot be called on a closed connection). Possibly consider using a shorter maxLifetime value.
[19:40:58:186] [WARN] - com.zaxxer.hikari.pool.PoolBase.isConnectionAlive(PoolBase.java:184) - data-pool- - Failed to validate connection org.mariadb.jdbc.Connection@22bb512c ((conn=2094) Connection.setNetworkTimeout cannot be called on a closed connection). Possibly consider using a shorter maxLifetime value.
[19:40:58:187] [WARN] - com.zaxxer.hikari.pool.PoolBase.isConnectionAlive(PoolBase.java:184) - data-pool- - Failed to validate connection org.mariadb.jdbc.Connection@67b9db1f ((conn=2095) Connection.setNetworkTimeout cannot be called on a closed connection). Possibly consider using a shorter maxLifetime value.
[19:42:58:198] [WARN] - com.zaxxer.hikari.pool.PoolBase.isConnectionAlive(PoolBase.java:184) - data-pool- - Failed to validate connection org.mariadb.jdbc.Connection@557972be ((conn=2099) Connection.setNetworkTimeout cannot be called on a closed connection). Possibly consider using a shorter maxLifetime value.
[19:44:08:193] [WARN] - com.zaxxer.hikari.pool.PoolBase.isConnectionAlive(PoolBase.java:184) - data-pool- - Failed to validate connection org.mariadb.jdbc.Connection@15526a89 ((conn=2101) Connection.setNetworkTimeout cannot be called on a closed connection). Possibly consider using a shorter maxLifetime value.
[19:46:28:270] [WARN] - com.zaxxer.hikari.pool.PoolBase.isConnectionAlive(PoolBase.java:184) - data-pool- - Failed to validate connection org.mariadb.jdbc.Connection@47d64fe9 ((conn=2106) Connection.setNetworkTimeout cannot be called on a closed connection). Possibly consider using a shorter maxLifetime value.
[19:46:28:270] [WARN] - com.zaxxer.hikari.pool.PoolBase.isConnectionAlive(PoolBase.java:184) - data-pool- - Failed to validate connection org.mariadb.jdbc.Connection@4fc4ef3a ((conn=2105) Connection.setNetworkTimeout cannot be called on a closed connection). Possibly consider using a shorter maxLifetime value.
[19:49:48:200] [WARN] - com.zaxxer.hikari.pool.PoolBase.isConnectionAlive(PoolBase.java:184) - data-pool- - Failed to validate connection org.mariadb.jdbc.Connection@175d45f0 ((conn=2111) Connection.setNetworkTimeout cannot be called on a closed connection). Possibly consider using a shorter maxLifetime value.
[19:49:48:200] [WARN] - com.zaxxer.hikari.pool.PoolBase.isConnectionAlive(PoolBase.java:184) - data-pool- - Failed to validate connection org.mariadb.jdbc.Connection@3db8d672 ((conn=2110) Connection.setNetworkTimeout cannot be called on a closed connection). Possibly consider using a shorter maxLifetime value.
[19:52:08:199] [WARN] - com.zaxxer.hikari.pool.PoolBase.isConnectionAlive(PoolBase.java:184) - data-pool- - Failed to validate connection org.mariadb.jdbc.Connection@39f1993a ((conn=2114) Connection.setNetworkTimeout cannot be called on a closed connection). Possibly consider using a shorter maxLifetime value.
[19:52:08:201] [WARN] - com.zaxxer.hikari.pool.PoolBase.isConnectionAlive(PoolBase.java:184) - data-pool- - Failed to validate connection org.mariadb.jdbc.Connection@8822644 ((conn=2115) Connection.setNetworkTimeout cannot be called on a closed connection). Possibly consider using a shorter maxLifetime value.
[19:55:18:198] [WARN] - com.zaxxer.hikari.pool.PoolBase.isConnectionAlive(PoolBase.java:184) - data-pool- - Failed to validate connection org.mariadb.jdbc.Connection@23ee0ffb ((conn=2120) Connection.setNetworkTimeout cannot be called on a closed connection). Possibly consider using a shorter maxLifetime value.
[19:55:18:198] [WARN] - com.zaxxer.hikari.pool.PoolBase.isConnectionAlive(PoolBase.java:184) - data-pool- - Failed to validate connection org.mariadb.jdbc.Connection@7ca4bc33 ((conn=2121) Connection.setNetworkTimeout cannot be called on a closed connection). Possibly consider using a shorter maxLifetime value.
[19:58:08:186] [WARN] - com.zaxxer.hikari.pool.PoolBase.isConnectionAlive(PoolBase.java:184) - data-pool- - Failed to validate connection org.mariadb.jdbc.Connection@52d7d43c ((conn=2125) Connection.setNetworkTimeout cannot be called on a closed connection). Possibly consider using a shorter maxLifetime value.
[19:58:08:188] [WARN] - com.zaxxer.hikari.pool.PoolBase.isConnectionAlive(PoolBase.java:184) - data-pool- - Failed to validate connection org.mariadb.jdbc.Connection@251d0add ((conn=2126) Connection.setNetworkTimeout cannot be called on a closed connection). Possibly consider using a shorter maxLifetime value.
[20:00:48:196] [WARN] - com.zaxxer.hikari.pool.PoolBase.isConnectionAlive(PoolBase.java:184) - data-pool- - Failed to validate connection org.mariadb.jdbc.Connection@39afb063 ((conn=2129) Connection.setNetworkTimeout cannot be called on a closed connection). Possibly consider using a shorter maxLifetime value.
[20:03:58:186] [WARN] - com.zaxxer.hikari.pool.PoolBase.isConnectionAlive(PoolBase.java:184) - data-pool- - Failed to validate connection org.mariadb.jdbc.Connection@7455d1f8 ((conn=2135) Connection.setNetworkTimeout cannot be called on a closed connection). Possibly consider using a shorter maxLifetime value.
[20:03:58:187] [WARN] - com.zaxxer.hikari.pool.PoolBase.isConnectionAlive(PoolBase.java:184) - data-pool- - Failed to validate connection org.mariadb.jdbc.Connection@4089302c ((conn=2136) Connection.setNetworkTimeout cannot be called on a closed connection). Possibly consider using a shorter maxLifetime value.
[20:06:18:190] [WARN] - com.zaxxer.hikari.pool.PoolBase.isConnectionAlive(PoolBase.java:184) - data-pool- - Failed to validate connection org.mariadb.jdbc.Connection@e09bcfd ((conn=2139) Connection.setNetworkTimeout cannot be called on a closed connection). Possibly consider using a shorter maxLifetime value.
[20:09:28:193] [WARN] - com.zaxxer.hikari.pool.PoolBase.isConnectionAlive(PoolBase.java:184) - data-pool- - Failed to validate connection org.mariadb.jdbc.Connection@6e5462d3 ((conn=2144) Connection.setNetworkTimeout cannot be called on a closed connection). Possibly consider using a shorter maxLifetime value.
[20:09:28:194] [WARN] - com.zaxxer.hikari.pool.PoolBase.isConnectionAlive(PoolBase.java:184) - data-pool- - Failed to validate connection org.mariadb.jdbc.Connection@2f6968e8 ((conn=2145) Connection.setNetworkTimeout cannot be called on a closed connection). Possibly consider using a shorter maxLifetime value.
[20:09:38:197] [WARN] - com.zaxxer.hikari.pool.PoolBase.isConnectionAlive(PoolBase.java:184) - data-pool- - Failed to validate connection org.mariadb.jdbc.Connection@603a38f0 ((conn=2146) Connection.setNetworkTimeout cannot be called on a closed connection). Possibly consider using a shorter maxLifetime value.
[20:11:48:197] [WARN] - com.zaxxer.hikari.pool.PoolBase.isConnectionAlive(PoolBase.java:184) - data-pool- - Failed to validate connection org.mariadb.jdbc.Connection@6682af75 ((conn=2149) Connection.setNetworkTimeout cannot be called on a closed connection). Possibly consider using a shorter maxLifetime value.
[20:18:18:199] [WARN] - com.zaxxer.hikari.pool.PoolBase.isConnectionAlive(PoolBase.java:184) - data-pool- - Failed to validate connection org.mariadb.jdbc.Connection@7f121ab7 ((conn=2159) Connection.setNetworkTimeout cannot be called on a closed connection). Possibly consider using a shorter maxLifetime value.
[20:18:18:198] [WARN] - com.zaxxer.hikari.pool.PoolBase.isConnectionAlive(PoolBase.java:184) - data-pool- - Failed to validate connection org.mariadb.jdbc.Connection@6202f9d2 ((conn=2161) Connection.setNetworkTimeout cannot be called on a closed connection). Possibly consider using a shorter maxLifetime value.
[20:18:18:198] [WARN] - com.zaxxer.hikari.pool.PoolBase.isConnectionAlive(PoolBase.java:184) - data-pool- - Failed to validate connection org.mariadb.jdbc.Connection@6d4f5382 ((conn=2160) Connection.setNetworkTimeout cannot be called on a closed connection). Possibly consider using a shorter maxLifetime value.
[20:23:48:196] [WARN] - com.zaxxer.hikari.pool.PoolBase.isConnectionAlive(PoolBase.java:184) - data-pool- - Failed to validate connection org.mariadb.jdbc.Connection@6c531a8c ((conn=2169) Connection.setNetworkTimeout cannot be called on a closed connection). Possibly consider using a shorter maxLifetime value.
[20:23:48:197] [WARN] - com.zaxxer.hikari.pool.PoolBase.isConnectionAlive(PoolBase.java:184) - data-pool- - Failed to validate connection org.mariadb.jdbc.Connection@68571a8d ((conn=2170) Connection.setNetworkTimeout cannot be called on a closed connection). Possibly consider using a shorter maxLifetime value.
[20:26:48:234] [WARN] - com.zaxxer.hikari.pool.PoolBase.isConnectionAlive(PoolBase.java:184) - data-pool- - Failed to validate connection org.mariadb.jdbc.Connection@82ca358 ((conn=2175) Connection.setNetworkTimeout cannot be called on a closed connection). Possibly consider using a shorter maxLifetime value.
[20:26:48:236] [WARN] - com.zaxxer.hikari.pool.PoolBase.isConnectionAlive(PoolBase.java:184) - data-pool- - Failed to validate connection org.mariadb.jdbc.Connection@7df00cb3 ((conn=2176) Connection.setNetworkTimeout cannot be called on a closed connection). Possibly consider using a shorter maxLifetime value.
[20:41:28:197] [WARN] - com.zaxxer.hikari.pool.PoolBase.isConnectionAlive(PoolBase.java:184) - data-pool- - Failed to validate connection org.mariadb.jdbc.Connection@34411798 ((conn=2200) Connection.setNetworkTimeout cannot be called on a closed connection). Possibly consider using a shorter maxLifetime value.
[20:41:28:200] [WARN] - com.zaxxer.hikari.pool.PoolBase.isConnectionAlive(PoolBase.java:184) - data-pool- - Failed to validate connection org.mariadb.jdbc.Connection@4c0b6102 ((conn=2201) Connection.setNetworkTimeout cannot be called on a closed connection). Possibly consider using a shorter maxLifetime value.
[20:41:28:201] [WARN] - com.zaxxer.hikari.pool.PoolBase.isConnectionAlive(PoolBase.java:184) - data-pool- - Failed to validate connection org.mariadb.jdbc.Connection@a9a7307 ((conn=2202) Connection.setNetworkTimeout cannot be called on a closed connection). Possibly consider using a shorter maxLifetime value.
[20:56:28:194] [WARN] - com.zaxxer.hikari.pool.PoolBase.isConnectionAlive(PoolBase.java:184) - data-pool- - Failed to validate connection org.mariadb.jdbc.Connection@68920e13 ((conn=2227) Connection.setNetworkTimeout cannot be called on a closed connection). Possibly consider using a shorter maxLifetime value.
[21:02:18:188] [WARN] - com.zaxxer.hikari.pool.PoolBase.isConnectionAlive(PoolBase.java:184) - data-pool- - Failed to validate connection org.mariadb.jdbc.Connection@789b277f ((conn=2236) Connection.setNetworkTimeout cannot be called on a closed connection). Possibly consider using a shorter maxLifetime value.
[21:02:18:188] [WARN] - com.zaxxer.hikari.pool.PoolBase.isConnectionAlive(PoolBase.java:184) - data-pool- - Failed to validate connection org.mariadb.jdbc.Connection@29c14977 ((conn=2237) Connection.setNetworkTimeout cannot be called on a closed connection). Possibly consider using a shorter maxLifetime value.
[21:31:28:199] [WARN] - com.zaxxer.hikari.pool.PoolBase.isConnectionAlive(PoolBase.java:184) - data-pool- - Failed to validate connection org.mariadb.jdbc.Connection@30af4ddb ((conn=2286) Connection.setNetworkTimeout cannot be called on a closed connection). Possibly consider using a shorter maxLifetime value.
[21:31:28:198] [WARN] - com.zaxxer.hikari.pool.PoolBase.isConnectionAlive(PoolBase.java:184) - data-pool- - Failed to validate connection org.mariadb.jdbc.Connection@10289955 ((conn=2285) Connection.setNetworkTimeout cannot be called on a closed connection). Possibly consider using a shorter maxLifetime value.
[21:34:38:197] [WARN] - com.zaxxer.hikari.pool.PoolBase.isConnectionAlive(PoolBase.java:184) - data-pool- - Failed to validate connection org.mariadb.jdbc.Connection@361d28f5 ((conn=2291) Connection.setNetworkTimeout cannot be called on a closed connection). Possibly consider using a shorter maxLifetime value.
[21:37:38:192] [WARN] - com.zaxxer.hikari.pool.PoolBase.isConnectionAlive(PoolBase.java:184) - data-pool- - Failed to validate connection org.mariadb.jdbc.Connection@7cbb6c22 ((conn=2296) Connection.setNetworkTimeout cannot be called on a closed connection). Possibly consider using a shorter maxLifetime value.
[21:37:38:192] [WARN] - com.zaxxer.hikari.pool.PoolBase.isConnectionAlive(PoolBase.java:184) - data-pool- - Failed to validate connection org.mariadb.jdbc.Connection@39b9edd1 ((conn=2297) Connection.setNetworkTimeout cannot be called on a closed connection). Possibly consider using a shorter maxLifetime value.
[21:52:28:186] [WARN] - com.zaxxer.hikari.pool.PoolBase.isConnectionAlive(PoolBase.java:184) - data-pool- - Failed to validate connection org.mariadb.jdbc.Connection@345d6cb3 ((conn=2323) Connection.setNetworkTimeout cannot be called on a closed connection). Possibly consider using a shorter maxLifetime value.
[21:55:18:198] [WARN] - com.zaxxer.hikari.pool.PoolBase.isConnectionAlive(PoolBase.java:184) - data-pool- - Failed to validate connection org.mariadb.jdbc.Connection@b5d6264 ((conn=2326) Connection.setNetworkTimeout cannot be called on a closed connection). Possibly consider using a shorter maxLifetime value.
[21:58:18:186] [WARN] - com.zaxxer.hikari.pool.PoolBase.isConnectionAlive(PoolBase.java:184) - data-pool- - Failed to validate connection org.mariadb.jdbc.Connection@21c66bd9 ((conn=2331) Connection.setNetworkTimeout cannot be called on a closed connection). Possibly consider using a shorter maxLifetime value.
[21:58:18:187] [WARN] - com.zaxxer.hikari.pool.PoolBase.isConnectionAlive(PoolBase.java:184) - data-pool- - Failed to validate connection org.mariadb.jdbc.Connection@2be2eb8e ((conn=2332) Connection.setNetworkTimeout cannot be called on a closed connection). Possibly consider using a shorter maxLifetime value.
[21:58:18:188] [WARN] - com.zaxxer.hikari.pool.PoolBase.isConnectionAlive(PoolBase.java:184) - data-pool- - Failed to validate connection org.mariadb.jdbc.Connection@102d6b61 ((conn=2333) Connection.setNetworkTimeout cannot be called on a closed connection). Possibly consider using a shorter maxLifetime value.
[22:04:08:199] [WARN] - com.zaxxer.hikari.pool.PoolBase.isConnectionAlive(PoolBase.java:184) - data-pool- - Failed to validate connection org.mariadb.jdbc.Connection@10a3b14b ((conn=2342) Connection.setNetworkTimeout cannot be called on a closed connection). Possibly consider using a shorter maxLifetime value.
[22:04:08:200] [WARN] - com.zaxxer.hikari.pool.PoolBase.isConnectionAlive(PoolBase.java:184) - data-pool- - Failed to validate connection org.mariadb.jdbc.Connection@21f2568e ((conn=2343) Connection.setNetworkTimeout cannot be called on a closed connection). Possibly consider using a shorter maxLifetime value.
[22:12:58:185] [WARN] - com.zaxxer.hikari.pool.PoolBase.isConnectionAlive(PoolBase.java:184) - data-pool- - Failed to validate connection org.mariadb.jdbc.Connection@af688ae ((conn=2356) Connection.setNetworkTimeout cannot be called on a closed connection). Possibly consider using a shorter maxLifetime value.
[22:27:48:197] [WARN] - com.zaxxer.hikari.pool.PoolBase.isConnectionAlive(PoolBase.java:184) - data-pool- - Failed to validate connection org.mariadb.jdbc.Connection@3d99b608 ((conn=2382) Connection.setNetworkTimeout cannot be called on a closed connection). Possibly consider using a shorter maxLifetime value.
[22:36:48:189] [WARN] - com.zaxxer.hikari.pool.PoolBase.isConnectionAlive(PoolBase.java:184) - data-pool- - Failed to validate connection org.mariadb.jdbc.Connection@6957dd0b ((conn=2398) Connection.setNetworkTimeout cannot be called on a closed connection). Possibly consider using a shorter maxLifetime value.
[22:42:05:882] [WARN] - com.zaxxer.hikari.HikariConfig.validateNumerics(HikariConfig.java:1084) - data-pool- - idleTimeout is close to or more than maxLifetime, disabling it.
[22:44:26:740] [WARN] - com.zaxxer.hikari.pool.PoolBase.isConnectionAlive(PoolBase.java:184) - data-pool- - Failed to validate connection org.mariadb.jdbc.Connection@697056d0 ((conn=2410) Connection.setNetworkTimeout cannot be called on a closed connection). Possibly consider using a shorter maxLifetime value.
[22:47:46:739] [WARN] - com.zaxxer.hikari.pool.PoolBase.isConnectionAlive(PoolBase.java:184) - data-pool- - Failed to validate connection org.mariadb.jdbc.Connection@6be7f64f ((conn=2416) Connection.setNetworkTimeout cannot be called on a closed connection). Possibly consider using a shorter maxLifetime value.
[22:50:26:739] [WARN] - com.zaxxer.hikari.pool.PoolBase.isConnectionAlive(PoolBase.java:184) - data-pool- - Failed to validate connection org.mariadb.jdbc.Connection@41f1ef6a ((conn=2421) Connection.setNetworkTimeout cannot be called on a closed connection). Possibly consider using a shorter maxLifetime value.
[22:53:36:131] [WARN] - com.zaxxer.hikari.pool.PoolBase.isConnectionAlive(PoolBase.java:184) - data-pool- - Failed to validate connection org.mariadb.jdbc.Connection@57736646 ((conn=2427) Connection.setNetworkTimeout cannot be called on a closed connection). Possibly consider using a shorter maxLifetime value.
[22:53:36:136] [WARN] - com.zaxxer.hikari.pool.PoolBase.isConnectionAlive(PoolBase.java:184) - data-pool- - Failed to validate connection org.mariadb.jdbc.Connection@398a70c ((conn=2428) Connection.setNetworkTimeout cannot be called on a closed connection). Possibly consider using a shorter maxLifetime value.
[23:05:16:740] [WARN] - com.zaxxer.hikari.pool.PoolBase.isConnectionAlive(PoolBase.java:184) - data-pool- - Failed to validate connection org.mariadb.jdbc.Connection@1327da72 ((conn=2448) Connection.setNetworkTimeout cannot be called on a closed connection). Possibly consider using a shorter maxLifetime value.
[23:05:16:740] [WARN] - com.zaxxer.hikari.pool.PoolBase.isConnectionAlive(PoolBase.java:184) - data-pool- - Failed to validate connection org.mariadb.jdbc.Connection@2832420a ((conn=2447) Connection.setNetworkTimeout cannot be called on a closed connection). Possibly consider using a shorter maxLifetime value.
[23:05:16:743] [WARN] - com.zaxxer.hikari.pool.PoolBase.isConnectionAlive(PoolBase.java:184) - data-pool- - Failed to validate connection org.mariadb.jdbc.Connection@26f5b97c ((conn=2449) Connection.setNetworkTimeout cannot be called on a closed connection). Possibly consider using a shorter maxLifetime value.
[23:07:26:732] [WARN] - com.zaxxer.hikari.pool.PoolBase.isConnectionAlive(PoolBase.java:184) - data-pool- - Failed to validate connection org.mariadb.jdbc.Connection@771e2d63 ((conn=2452) Connection.setNetworkTimeout cannot be called on a closed connection). Possibly consider using a shorter maxLifetime value.
[23:07:26:735] [WARN] - com.zaxxer.hikari.pool.PoolBase.isConnectionAlive(PoolBase.java:184) - data-pool- - Failed to validate connection org.mariadb.jdbc.Connection@36232758 ((conn=2453) Connection.setNetworkTimeout cannot be called on a closed connection). Possibly consider using a shorter maxLifetime value.
[23:10:36:734] [WARN] - com.zaxxer.hikari.pool.PoolBase.isConnectionAlive(PoolBase.java:184) - data-pool- - Failed to validate connection org.mariadb.jdbc.Connection@44d9e8c9 ((conn=2458) Connection.setNetworkTimeout cannot be called on a closed connection). Possibly consider using a shorter maxLifetime value.
[23:10:36:737] [WARN] - com.zaxxer.hikari.pool.PoolBase.isConnectionAlive(PoolBase.java:184) - data-pool- - Failed to validate connection org.mariadb.jdbc.Connection@3c32d9a8 ((conn=2459) Connection.setNetworkTimeout cannot be called on a closed connection). Possibly consider using a shorter maxLifetime value.
[23:13:46:732] [WARN] - com.zaxxer.hikari.pool.PoolBase.isConnectionAlive(PoolBase.java:184) - data-pool- - Failed to validate connection org.mariadb.jdbc.Connection@25c24ef4 ((conn=2464) Connection.setNetworkTimeout cannot be called on a closed connection). Possibly consider using a shorter maxLifetime value.
[23:16:06:729] [WARN] - com.zaxxer.hikari.pool.PoolBase.isConnectionAlive(PoolBase.java:184) - data-pool- - Failed to validate connection org.mariadb.jdbc.Connection@10d1e7c9 ((conn=2468) Connection.setNetworkTimeout cannot be called on a closed connection). Possibly consider using a shorter maxLifetime value.
[23:16:06:731] [WARN] - com.zaxxer.hikari.pool.PoolBase.isConnectionAlive(PoolBase.java:184) - data-pool- - Failed to validate connection org.mariadb.jdbc.Connection@34969f0 ((conn=2469) Connection.setNetworkTimeout cannot be called on a closed connection). Possibly consider using a shorter maxLifetime value.
[23:16:06:737] [WARN] - com.zaxxer.hikari.pool.PoolBase.isConnectionAlive(PoolBase.java:184) - data-pool- - Failed to validate connection org.mariadb.jdbc.Connection@64cc9a14 ((conn=2470) Connection.setNetworkTimeout cannot be called on a closed connection). Possibly consider using a shorter maxLifetime value.
[23:19:16:741] [WARN] - com.zaxxer.hikari.pool.PoolBase.isConnectionAlive(PoolBase.java:184) - data-pool- - Failed to validate connection org.mariadb.jdbc.Connection@45a434d6 ((conn=2475) Connection.setNetworkTimeout cannot be called on a closed connection). Possibly consider using a shorter maxLifetime value.
[23:19:16:741] [WARN] - com.zaxxer.hikari.pool.PoolBase.isConnectionAlive(PoolBase.java:184) - data-pool- - Failed to validate connection org.mariadb.jdbc.Connection@5f2cab59 ((conn=2474) Connection.setNetworkTimeout cannot be called on a closed connection). Possibly consider using a shorter maxLifetime value.
[23:22:06:728] [WARN] - com.zaxxer.hikari.pool.PoolBase.isConnectionAlive(PoolBase.java:184) - data-pool- - Failed to validate connection org.mariadb.jdbc.Connection@3561d38 ((conn=2479) Connection.setNetworkTimeout cannot be called on a closed connection). Possibly consider using a shorter maxLifetime value.
[23:22:06:732] [WARN] - com.zaxxer.hikari.pool.PoolBase.isConnectionAlive(PoolBase.java:184) - data-pool- - Failed to validate connection org.mariadb.jdbc.Connection@46549336 ((conn=2480) Connection.setNetworkTimeout cannot be called on a closed connection). Possibly consider using a shorter maxLifetime value.
[23:27:46:741] [WARN] - com.zaxxer.hikari.pool.PoolBase.isConnectionAlive(PoolBase.java:184) - data-pool- - Failed to validate connection org.mariadb.jdbc.Connection@3f80f5c9 ((conn=2489) Connection.setNetworkTimeout cannot be called on a closed connection). Possibly consider using a shorter maxLifetime value.
[23:31:06:738] [WARN] - com.zaxxer.hikari.pool.PoolBase.isConnectionAlive(PoolBase.java:184) - data-pool- - Failed to validate connection org.mariadb.jdbc.Connection@2d4b611e ((conn=2497) Connection.setNetworkTimeout cannot be called on a closed connection). Possibly consider using a shorter maxLifetime value.
[23:36:36:733] [WARN] - com.zaxxer.hikari.pool.PoolBase.isConnectionAlive(PoolBase.java:184) - data-pool- - Failed to validate connection org.mariadb.jdbc.Connection@41408f1 ((conn=2506) Connection.setNetworkTimeout cannot be called on a closed connection). Possibly consider using a shorter maxLifetime value.
[23:39:46:734] [WARN] - com.zaxxer.hikari.pool.PoolBase.isConnectionAlive(PoolBase.java:184) - data-pool- - Failed to validate connection org.mariadb.jdbc.Connection@b75c561 ((conn=2512) Connection.setNetworkTimeout cannot be called on a closed connection). Possibly consider using a shorter maxLifetime value.
[23:40:36:727] [WARN] - com.zaxxer.hikari.pool.PoolBase.isConnectionAlive(PoolBase.java:184) - data-pool- - Failed to validate connection org.mariadb.jdbc.Connection@3b96d94a ((conn=2513) Connection.setNetworkTimeout cannot be called on a closed connection). Possibly consider using a shorter maxLifetime value.
[23:42:46:741] [WARN] - com.zaxxer.hikari.pool.PoolBase.isConnectionAlive(PoolBase.java:184) - data-pool- - Failed to validate connection org.mariadb.jdbc.Connection@c5b58f1 ((conn=2517) Connection.setNetworkTimeout cannot be called on a closed connection). Possibly consider using a shorter maxLifetime value.
[23:42:46:743] [WARN] - com.zaxxer.hikari.pool.PoolBase.isConnectionAlive(PoolBase.java:184) - data-pool- - Failed to validate connection org.mariadb.jdbc.Connection@29cb70a ((conn=2518) Connection.setNetworkTimeout cannot be called on a closed connection). Possibly consider using a shorter maxLifetime value.
[23:44:56:729] [WARN] - com.zaxxer.hikari.pool.PoolBase.isConnectionAlive(PoolBase.java:184) - data-pool- - Failed to validate connection org.mariadb.jdbc.Connection@5b133464 ((conn=2521) Connection.setNetworkTimeout cannot be called on a closed connection). Possibly consider using a shorter maxLifetime value.
[23:44:56:732] [WARN] - com.zaxxer.hikari.pool.PoolBase.isConnectionAlive(PoolBase.java:184) - data-pool- - Failed to validate connection org.mariadb.jdbc.Connection@1e11a162 ((conn=2522) Connection.setNetworkTimeout cannot be called on a closed connection). Possibly consider using a shorter maxLifetime value.
[23:44:56:741] [WARN] - com.zaxxer.hikari.pool.PoolBase.isConnectionAlive(PoolBase.java:184) - data-pool- - Failed to validate connection org.mariadb.jdbc.Connection@15095e4b ((conn=2523) Connection.setNetworkTimeout cannot be called on a closed connection). Possibly consider using a shorter maxLifetime value.
[23:48:26:734] [WARN] - com.zaxxer.hikari.pool.PoolBase.isConnectionAlive(PoolBase.java:184) - data-pool- - Failed to validate connection org.mariadb.jdbc.Connection@175ecfdc ((conn=2529) Connection.setNetworkTimeout cannot be called on a closed connection). Possibly consider using a shorter maxLifetime value.
[23:51:06:729] [WARN] - com.zaxxer.hikari.pool.PoolBase.isConnectionAlive(PoolBase.java:184) - data-pool- - Failed to validate connection org.mariadb.jdbc.Connection@2851ebe ((conn=2534) Connection.setNetworkTimeout cannot be called on a closed connection). Possibly consider using a shorter maxLifetime value.
[23:56:56:740] [WARN] - com.zaxxer.hikari.pool.PoolBase.isConnectionAlive(PoolBase.java:184) - data-pool- - Failed to validate connection org.mariadb.jdbc.Connection@4c8a0dbf ((conn=2544) Connection.setNetworkTimeout cannot be called on a closed connection). Possibly consider using a shorter maxLifetime value.
