[11:10:27:727] [INFO] - my.utils.loggerUtils.info(loggerUtils.java:18) - 加载version文件完成！
[11:10:27:806] [INFO] - my.utils.loggerUtils.info(loggerUtils.java:18) - 加载nmb.apk完成！
[11:10:27:872] [INFO] - my.utils.loggerUtils.info(loggerUtils.java:18) - 实例化服务完成！
[11:10:28:093] [WARN] - com.zaxxer.hikari.HikariConfig.validateNumerics(HikariConfig.java:1084) - data-pool- - idleTimeout is close to or more than maxLifetime, disabling it.
[11:10:28:097] [INFO] - com.zaxxer.hikari.HikariDataSource.<init>(HikariDataSource.java:80) - data-pool- - Starting...
[11:10:28:190] [INFO] - com.zaxxer.hikari.HikariDataSource.<init>(HikariDataSource.java:82) - data-pool- - Start completed.
[11:10:28:516] [INFO] - my.utils.loggerUtils.info(loggerUtils.java:18) - 定时任务启动完成！
[11:10:29:218] [INFO] - my.utils.loggerUtils.info(loggerUtils.java:18) - 服务已经启动/9667
[11:13:54:572] [WARN] - com.zaxxer.hikari.pool.PoolBase.isConnectionAlive(PoolBase.java:184) - data-pool- - Failed to validate connection org.mariadb.jdbc.Connection@3fbd6e02 ((conn=7) Connection.setNetworkTimeout cannot be called on a closed connection). Possibly consider using a shorter maxLifetime value.
[11:16:24:577] [WARN] - com.zaxxer.hikari.pool.PoolBase.isConnectionAlive(PoolBase.java:184) - data-pool- - Failed to validate connection org.mariadb.jdbc.Connection@160b6555 ((conn=12) Connection.setNetworkTimeout cannot be called on a closed connection). Possibly consider using a shorter maxLifetime value.
[11:22:14:573] [WARN] - com.zaxxer.hikari.pool.PoolBase.isConnectionAlive(PoolBase.java:184) - data-pool- - Failed to validate connection org.mariadb.jdbc.Connection@5286c29b ((conn=20) Connection.setNetworkTimeout cannot be called on a closed connection). Possibly consider using a shorter maxLifetime value.
[11:22:14:574] [WARN] - com.zaxxer.hikari.pool.PoolBase.isConnectionAlive(PoolBase.java:184) - data-pool- - Failed to validate connection org.mariadb.jdbc.Connection@2ead4269 ((conn=21) Connection.setNetworkTimeout cannot be called on a closed connection). Possibly consider using a shorter maxLifetime value.
[11:22:14:574] [WARN] - com.zaxxer.hikari.pool.PoolBase.isConnectionAlive(PoolBase.java:184) - data-pool- - Failed to validate connection org.mariadb.jdbc.Connection@639e71d4 ((conn=22) Connection.setNetworkTimeout cannot be called on a closed connection). Possibly consider using a shorter maxLifetime value.
[11:24:38:395] [INFO] - my.utils.loggerUtils.info(loggerUtils.java:18) - 加载version文件完成！
[11:24:38:416] [INFO] - my.utils.loggerUtils.info(loggerUtils.java:18) - 加载nmb.apk完成！
[11:24:38:449] [INFO] - my.utils.loggerUtils.info(loggerUtils.java:18) - 实例化服务完成！
[11:24:38:586] [WARN] - com.zaxxer.hikari.HikariConfig.validateNumerics(HikariConfig.java:1084) - data-pool- - idleTimeout is close to or more than maxLifetime, disabling it.
[11:24:38:586] [INFO] - com.zaxxer.hikari.HikariDataSource.<init>(HikariDataSource.java:80) - data-pool- - Starting...
[11:24:38:652] [INFO] - com.zaxxer.hikari.HikariDataSource.<init>(HikariDataSource.java:82) - data-pool- - Start completed.
[11:24:38:926] [INFO] - my.utils.loggerUtils.info(loggerUtils.java:18) - 定时任务启动完成！
[11:24:39:454] [INFO] - my.utils.loggerUtils.info(loggerUtils.java:18) - 服务已经启动/9667
[11:33:28:938] [WARN] - com.zaxxer.hikari.pool.PoolBase.isConnectionAlive(PoolBase.java:184) - data-pool- - Failed to validate connection org.mariadb.jdbc.Connection@2ad70b06 ((conn=40) Connection.setNetworkTimeout cannot be called on a closed connection). Possibly consider using a shorter maxLifetime value.
[11:33:28:939] [WARN] - com.zaxxer.hikari.pool.PoolBase.isConnectionAlive(PoolBase.java:184) - data-pool- - Failed to validate connection org.mariadb.jdbc.Connection@7b290eac ((conn=41) Connection.setNetworkTimeout cannot be called on a closed connection). Possibly consider using a shorter maxLifetime value.
[11:33:28:940] [WARN] - com.zaxxer.hikari.pool.PoolBase.isConnectionAlive(PoolBase.java:184) - data-pool- - Failed to validate connection org.mariadb.jdbc.Connection@6a0f7e02 ((conn=42) Connection.setNetworkTimeout cannot be called on a closed connection). Possibly consider using a shorter maxLifetime value.
[11:33:28:940] [WARN] - com.zaxxer.hikari.pool.PoolBase.isConnectionAlive(PoolBase.java:184) - data-pool- - Failed to validate connection org.mariadb.jdbc.Connection@7812d77e ((conn=43) Connection.setNetworkTimeout cannot be called on a closed connection). Possibly consider using a shorter maxLifetime value.
[11:38:48:934] [WARN] - com.zaxxer.hikari.pool.PoolBase.isConnectionAlive(PoolBase.java:184) - data-pool- - Failed to validate connection org.mariadb.jdbc.Connection@6a58a73 ((conn=50) Connection.setNetworkTimeout cannot be called on a closed connection). Possibly consider using a shorter maxLifetime value.
[11:38:48:935] [WARN] - com.zaxxer.hikari.pool.PoolBase.isConnectionAlive(PoolBase.java:184) - data-pool- - Failed to validate connection org.mariadb.jdbc.Connection@27bbd29 ((conn=51) Connection.setNetworkTimeout cannot be called on a closed connection). Possibly consider using a shorter maxLifetime value.
[11:38:48:938] [WARN] - com.zaxxer.hikari.pool.PoolBase.isConnectionAlive(PoolBase.java:184) - data-pool- - Failed to validate connection org.mariadb.jdbc.Connection@28370110 ((conn=52) Connection.setNetworkTimeout cannot be called on a closed connection). Possibly consider using a shorter maxLifetime value.
[11:38:48:939] [WARN] - com.zaxxer.hikari.pool.PoolBase.isConnectionAlive(PoolBase.java:184) - data-pool- - Failed to validate connection org.mariadb.jdbc.Connection@2ebf077 ((conn=53) Connection.setNetworkTimeout cannot be called on a closed connection). Possibly consider using a shorter maxLifetime value.
[11:44:08:940] [WARN] - com.zaxxer.hikari.pool.PoolBase.isConnectionAlive(PoolBase.java:184) - data-pool- - Failed to validate connection org.mariadb.jdbc.Connection@6d8543fc ((conn=60) Connection.setNetworkTimeout cannot be called on a closed connection). Possibly consider using a shorter maxLifetime value.
[11:44:38:938] [WARN] - com.zaxxer.hikari.pool.PoolBase.isConnectionAlive(PoolBase.java:184) - data-pool- - Failed to validate connection org.mariadb.jdbc.Connection@2e0826b2 ((conn=61) Connection.setNetworkTimeout cannot be called on a closed connection). Possibly consider using a shorter maxLifetime value.
[11:44:38:939] [WARN] - com.zaxxer.hikari.pool.PoolBase.isConnectionAlive(PoolBase.java:184) - data-pool- - Failed to validate connection org.mariadb.jdbc.Connection@20cfcd03 ((conn=62) Connection.setNetworkTimeout cannot be called on a closed connection). Possibly consider using a shorter maxLifetime value.
[11:44:38:940] [WARN] - com.zaxxer.hikari.pool.PoolBase.isConnectionAlive(PoolBase.java:184) - data-pool- - Failed to validate connection org.mariadb.jdbc.Connection@24f04dc2 ((conn=63) Connection.setNetworkTimeout cannot be called on a closed connection). Possibly consider using a shorter maxLifetime value.
[11:46:18:934] [WARN] - com.zaxxer.hikari.pool.PoolBase.isConnectionAlive(PoolBase.java:184) - data-pool- - Failed to validate connection org.mariadb.jdbc.Connection@604bf4df ((conn=65) Connection.setNetworkTimeout cannot be called on a closed connection). Possibly consider using a shorter maxLifetime value.
[11:47:28:933] [WARN] - com.zaxxer.hikari.pool.PoolBase.isConnectionAlive(PoolBase.java:184) - data-pool- - Failed to validate connection org.mariadb.jdbc.Connection@53cf9a19 ((conn=66) Connection.setNetworkTimeout cannot be called on a closed connection). Possibly consider using a shorter maxLifetime value.
[11:47:28:934] [WARN] - com.zaxxer.hikari.pool.PoolBase.isConnectionAlive(PoolBase.java:184) - data-pool- - Failed to validate connection org.mariadb.jdbc.Connection@7097190d ((conn=67) Connection.setNetworkTimeout cannot be called on a closed connection). Possibly consider using a shorter maxLifetime value.
[11:47:28:935] [WARN] - com.zaxxer.hikari.pool.PoolBase.isConnectionAlive(PoolBase.java:184) - data-pool- - Failed to validate connection org.mariadb.jdbc.Connection@27113adc ((conn=68) Connection.setNetworkTimeout cannot be called on a closed connection). Possibly consider using a shorter maxLifetime value.
[11:49:18:929] [WARN] - com.zaxxer.hikari.pool.PoolBase.isConnectionAlive(PoolBase.java:184) - data-pool- - Failed to validate connection org.mariadb.jdbc.Connection@49b722f0 ((conn=70) Connection.setNetworkTimeout cannot be called on a closed connection). Possibly consider using a shorter maxLifetime value.
[11:52:28:939] [WARN] - com.zaxxer.hikari.pool.PoolBase.isConnectionAlive(PoolBase.java:184) - data-pool- - Failed to validate connection org.mariadb.jdbc.Connection@37b6526d ((conn=76) Connection.setNetworkTimeout cannot be called on a closed connection). Possibly consider using a shorter maxLifetime value.
[11:52:28:939] [WARN] - com.zaxxer.hikari.pool.PoolBase.isConnectionAlive(PoolBase.java:184) - data-pool- - Failed to validate connection org.mariadb.jdbc.Connection@3efe8365 ((conn=77) Connection.setNetworkTimeout cannot be called on a closed connection). Possibly consider using a shorter maxLifetime value.
[11:52:28:941] [WARN] - com.zaxxer.hikari.pool.PoolBase.isConnectionAlive(PoolBase.java:184) - data-pool- - Failed to validate connection org.mariadb.jdbc.Connection@438c6b8e ((conn=78) Connection.setNetworkTimeout cannot be called on a closed connection). Possibly consider using a shorter maxLifetime value.
[12:00:58:936] [WARN] - com.zaxxer.hikari.pool.PoolBase.isConnectionAlive(PoolBase.java:184) - data-pool- - Failed to validate connection org.mariadb.jdbc.Connection@2d6c3179 ((conn=92) Connection.setNetworkTimeout cannot be called on a closed connection). Possibly consider using a shorter maxLifetime value.
[12:04:18:936] [WARN] - com.zaxxer.hikari.pool.PoolBase.isConnectionAlive(PoolBase.java:184) - data-pool- - Failed to validate connection org.mariadb.jdbc.Connection@1e3a0a90 ((conn=98) Connection.setNetworkTimeout cannot be called on a closed connection). Possibly consider using a shorter maxLifetime value.
[12:04:18:936] [WARN] - com.zaxxer.hikari.pool.PoolBase.isConnectionAlive(PoolBase.java:184) - data-pool- - Failed to validate connection org.mariadb.jdbc.Connection@10fdf727 ((conn=99) Connection.setNetworkTimeout cannot be called on a closed connection). Possibly consider using a shorter maxLifetime value.
[12:07:08:939] [WARN] - com.zaxxer.hikari.pool.PoolBase.isConnectionAlive(PoolBase.java:184) - data-pool- - Failed to validate connection org.mariadb.jdbc.Connection@7dcc81d2 ((conn=102) Connection.setNetworkTimeout cannot be called on a closed connection). Possibly consider using a shorter maxLifetime value.
[12:07:08:940] [WARN] - com.zaxxer.hikari.pool.PoolBase.isConnectionAlive(PoolBase.java:184) - data-pool- - Failed to validate connection org.mariadb.jdbc.Connection@73ea6627 ((conn=103) Connection.setNetworkTimeout cannot be called on a closed connection). Possibly consider using a shorter maxLifetime value.
[12:07:08:941] [WARN] - com.zaxxer.hikari.pool.PoolBase.isConnectionAlive(PoolBase.java:184) - data-pool- - Failed to validate connection org.mariadb.jdbc.Connection@60595767 ((conn=104) Connection.setNetworkTimeout cannot be called on a closed connection). Possibly consider using a shorter maxLifetime value.
[12:15:48:932] [WARN] - com.zaxxer.hikari.pool.PoolBase.isConnectionAlive(PoolBase.java:184) - data-pool- - Failed to validate connection org.mariadb.jdbc.Connection@22891496 ((conn=117) Connection.setNetworkTimeout cannot be called on a closed connection). Possibly consider using a shorter maxLifetime value.
[12:15:48:934] [WARN] - com.zaxxer.hikari.pool.PoolBase.isConnectionAlive(PoolBase.java:184) - data-pool- - Failed to validate connection org.mariadb.jdbc.Connection@756b215c ((conn=118) Connection.setNetworkTimeout cannot be called on a closed connection). Possibly consider using a shorter maxLifetime value.
[12:15:48:934] [WARN] - com.zaxxer.hikari.pool.PoolBase.isConnectionAlive(PoolBase.java:184) - data-pool- - Failed to validate connection org.mariadb.jdbc.Connection@720ef728 ((conn=119) Connection.setNetworkTimeout cannot be called on a closed connection). Possibly consider using a shorter maxLifetime value.
[12:15:48:935] [WARN] - com.zaxxer.hikari.pool.PoolBase.isConnectionAlive(PoolBase.java:184) - data-pool- - Failed to validate connection org.mariadb.jdbc.Connection@5cc33eff ((conn=120) Connection.setNetworkTimeout cannot be called on a closed connection). Possibly consider using a shorter maxLifetime value.
[12:30:08:926] [WARN] - com.zaxxer.hikari.pool.PoolBase.isConnectionAlive(PoolBase.java:184) - data-pool- - Failed to validate connection org.mariadb.jdbc.Connection@5a85c6a7 ((conn=144) Connection.setNetworkTimeout cannot be called on a closed connection). Possibly consider using a shorter maxLifetime value.
[12:33:18:936] [WARN] - com.zaxxer.hikari.pool.PoolBase.isConnectionAlive(PoolBase.java:184) - data-pool- - Failed to validate connection org.mariadb.jdbc.Connection@4c3d17ad ((conn=149) Connection.setNetworkTimeout cannot be called on a closed connection). Possibly consider using a shorter maxLifetime value.
[12:33:18:937] [WARN] - com.zaxxer.hikari.pool.PoolBase.isConnectionAlive(PoolBase.java:184) - data-pool- - Failed to validate connection org.mariadb.jdbc.Connection@1da5f071 ((conn=150) Connection.setNetworkTimeout cannot be called on a closed connection). Possibly consider using a shorter maxLifetime value.
[12:33:18:938] [WARN] - com.zaxxer.hikari.pool.PoolBase.isConnectionAlive(PoolBase.java:184) - data-pool- - Failed to validate connection org.mariadb.jdbc.Connection@601a1570 ((conn=151) Connection.setNetworkTimeout cannot be called on a closed connection). Possibly consider using a shorter maxLifetime value.
[12:41:48:941] [WARN] - com.zaxxer.hikari.pool.PoolBase.isConnectionAlive(PoolBase.java:184) - data-pool- - Failed to validate connection org.mariadb.jdbc.Connection@1e891c24 ((conn=163) Connection.setNetworkTimeout cannot be called on a closed connection). Possibly consider using a shorter maxLifetime value.
[12:41:48:943] [WARN] - com.zaxxer.hikari.pool.PoolBase.isConnectionAlive(PoolBase.java:184) - data-pool- - Failed to validate connection org.mariadb.jdbc.Connection@14717754 ((conn=164) Connection.setNetworkTimeout cannot be called on a closed connection). Possibly consider using a shorter maxLifetime value.
[12:45:08:927] [WARN] - com.zaxxer.hikari.pool.PoolBase.isConnectionAlive(PoolBase.java:184) - data-pool- - Failed to validate connection org.mariadb.jdbc.Connection@5a8c6de1 ((conn=170) Connection.setNetworkTimeout cannot be called on a closed connection). Possibly consider using a shorter maxLifetime value.
[12:45:08:928] [WARN] - com.zaxxer.hikari.pool.PoolBase.isConnectionAlive(PoolBase.java:184) - data-pool- - Failed to validate connection org.mariadb.jdbc.Connection@6b9cd402 ((conn=171) Connection.setNetworkTimeout cannot be called on a closed connection). Possibly consider using a shorter maxLifetime value.
[12:53:28:935] [WARN] - com.zaxxer.hikari.pool.PoolBase.isConnectionAlive(PoolBase.java:184) - data-pool- - Failed to validate connection org.mariadb.jdbc.Connection@64ee541d ((conn=183) Connection.setNetworkTimeout cannot be called on a closed connection). Possibly consider using a shorter maxLifetime value.
[12:53:28:935] [WARN] - com.zaxxer.hikari.pool.PoolBase.isConnectionAlive(PoolBase.java:184) - data-pool- - Failed to validate connection org.mariadb.jdbc.Connection@7e5e68e3 ((conn=184) Connection.setNetworkTimeout cannot be called on a closed connection). Possibly consider using a shorter maxLifetime value.
[12:56:48:931] [WARN] - com.zaxxer.hikari.pool.PoolBase.isConnectionAlive(PoolBase.java:184) - data-pool- - Failed to validate connection org.mariadb.jdbc.Connection@4d1c19a ((conn=190) Connection.setNetworkTimeout cannot be called on a closed connection). Possibly consider using a shorter maxLifetime value.
[12:56:48:933] [WARN] - com.zaxxer.hikari.pool.PoolBase.isConnectionAlive(PoolBase.java:184) - data-pool- - Failed to validate connection org.mariadb.jdbc.Connection@26ec34e ((conn=191) Connection.setNetworkTimeout cannot be called on a closed connection). Possibly consider using a shorter maxLifetime value.
[13:02:28:940] [WARN] - com.zaxxer.hikari.pool.PoolBase.isConnectionAlive(PoolBase.java:184) - data-pool- - Failed to validate connection org.mariadb.jdbc.Connection@6c2ba76c ((conn=199) Connection.setNetworkTimeout cannot be called on a closed connection). Possibly consider using a shorter maxLifetime value.
[13:02:28:940] [WARN] - com.zaxxer.hikari.pool.PoolBase.isConnectionAlive(PoolBase.java:184) - data-pool- - Failed to validate connection org.mariadb.jdbc.Connection@66d3cc1c ((conn=200) Connection.setNetworkTimeout cannot be called on a closed connection). Possibly consider using a shorter maxLifetime value.
[13:02:28:941] [WARN] - com.zaxxer.hikari.pool.PoolBase.isConnectionAlive(PoolBase.java:184) - data-pool- - Failed to validate connection org.mariadb.jdbc.Connection@23d14ea2 ((conn=201) Connection.setNetworkTimeout cannot be called on a closed connection). Possibly consider using a shorter maxLifetime value.
[13:08:18:934] [WARN] - com.zaxxer.hikari.pool.PoolBase.isConnectionAlive(PoolBase.java:184) - data-pool- - Failed to validate connection org.mariadb.jdbc.Connection@4bfa7e05 ((conn=209) Connection.setNetworkTimeout cannot be called on a closed connection). Possibly consider using a shorter maxLifetime value.
[13:08:18:935] [WARN] - com.zaxxer.hikari.pool.PoolBase.isConnectionAlive(PoolBase.java:184) - data-pool- - Failed to validate connection org.mariadb.jdbc.Connection@4fc5e3a2 ((conn=210) Connection.setNetworkTimeout cannot be called on a closed connection). Possibly consider using a shorter maxLifetime value.
[13:08:18:936] [WARN] - com.zaxxer.hikari.pool.PoolBase.isConnectionAlive(PoolBase.java:184) - data-pool- - Failed to validate connection org.mariadb.jdbc.Connection@ac7743e ((conn=211) Connection.setNetworkTimeout cannot be called on a closed connection). Possibly consider using a shorter maxLifetime value.
[13:13:18:935] [WARN] - com.zaxxer.hikari.pool.PoolBase.isConnectionAlive(PoolBase.java:184) - data-pool- - Failed to validate connection org.mariadb.jdbc.Connection@14b7130e ((conn=219) Connection.setNetworkTimeout cannot be called on a closed connection). Possibly consider using a shorter maxLifetime value.
[13:16:28:934] [WARN] - com.zaxxer.hikari.pool.PoolBase.isConnectionAlive(PoolBase.java:184) - data-pool- - Failed to validate connection org.mariadb.jdbc.Connection@7137c319 ((conn=225) Connection.setNetworkTimeout cannot be called on a closed connection). Possibly consider using a shorter maxLifetime value.
[13:16:28:935] [WARN] - com.zaxxer.hikari.pool.PoolBase.isConnectionAlive(PoolBase.java:184) - data-pool- - Failed to validate connection org.mariadb.jdbc.Connection@400cf2f2 ((conn=226) Connection.setNetworkTimeout cannot be called on a closed connection). Possibly consider using a shorter maxLifetime value.
[13:16:28:935] [WARN] - com.zaxxer.hikari.pool.PoolBase.isConnectionAlive(PoolBase.java:184) - data-pool- - Failed to validate connection org.mariadb.jdbc.Connection@5ef8139b ((conn=227) Connection.setNetworkTimeout cannot be called on a closed connection). Possibly consider using a shorter maxLifetime value.
[13:18:38:940] [WARN] - com.zaxxer.hikari.pool.PoolBase.isConnectionAlive(PoolBase.java:184) - data-pool- - Failed to validate connection org.mariadb.jdbc.Connection@734cc910 ((conn=229) Connection.setNetworkTimeout cannot be called on a closed connection). Possibly consider using a shorter maxLifetime value.
[13:20:48:932] [WARN] - com.zaxxer.hikari.pool.PoolBase.isConnectionAlive(PoolBase.java:184) - data-pool- - Failed to validate connection org.mariadb.jdbc.Connection@13ad833a ((conn=234) Connection.setNetworkTimeout cannot be called on a closed connection). Possibly consider using a shorter maxLifetime value.
[13:22:58:927] [WARN] - com.zaxxer.hikari.pool.PoolBase.isConnectionAlive(PoolBase.java:184) - data-pool- - Failed to validate connection org.mariadb.jdbc.Connection@661e083a ((conn=239) Connection.setNetworkTimeout cannot be called on a closed connection). Possibly consider using a shorter maxLifetime value.
[13:24:58:938] [WARN] - com.zaxxer.hikari.pool.PoolBase.isConnectionAlive(PoolBase.java:184) - data-pool- - Failed to validate connection org.mariadb.jdbc.Connection@79cb7ced ((conn=242) Connection.setNetworkTimeout cannot be called on a closed connection). Possibly consider using a shorter maxLifetime value.
[13:24:58:938] [WARN] - com.zaxxer.hikari.pool.PoolBase.isConnectionAlive(PoolBase.java:184) - data-pool- - Failed to validate connection org.mariadb.jdbc.Connection@14c261e0 ((conn=241) Connection.setNetworkTimeout cannot be called on a closed connection). Possibly consider using a shorter maxLifetime value.
[13:24:58:939] [WARN] - com.zaxxer.hikari.pool.PoolBase.isConnectionAlive(PoolBase.java:184) - data-pool- - Failed to validate connection org.mariadb.jdbc.Connection@488bb5d9 ((conn=243) Connection.setNetworkTimeout cannot be called on a closed connection). Possibly consider using a shorter maxLifetime value.
[13:28:18:935] [WARN] - com.zaxxer.hikari.pool.PoolBase.isConnectionAlive(PoolBase.java:184) - data-pool- - Failed to validate connection org.mariadb.jdbc.Connection@c30c6fc ((conn=249) Connection.setNetworkTimeout cannot be called on a closed connection). Possibly consider using a shorter maxLifetime value.
[13:30:28:939] [WARN] - com.zaxxer.hikari.pool.PoolBase.isConnectionAlive(PoolBase.java:184) - data-pool- - Failed to validate connection org.mariadb.jdbc.Connection@7b7971f3 ((conn=251) Connection.setNetworkTimeout cannot be called on a closed connection). Possibly consider using a shorter maxLifetime value.
[13:30:28:941] [WARN] - com.zaxxer.hikari.pool.PoolBase.isConnectionAlive(PoolBase.java:184) - data-pool- - Failed to validate connection org.mariadb.jdbc.Connection@39b8ea6 ((conn=252) Connection.setNetworkTimeout cannot be called on a closed connection). Possibly consider using a shorter maxLifetime value.
[13:30:28:942] [WARN] - com.zaxxer.hikari.pool.PoolBase.isConnectionAlive(PoolBase.java:184) - data-pool- - Failed to validate connection org.mariadb.jdbc.Connection@22b39df0 ((conn=253) Connection.setNetworkTimeout cannot be called on a closed connection). Possibly consider using a shorter maxLifetime value.
[13:30:28:943] [WARN] - com.zaxxer.hikari.pool.PoolBase.isConnectionAlive(PoolBase.java:184) - data-pool- - Failed to validate connection org.mariadb.jdbc.Connection@127596bc ((conn=254) Connection.setNetworkTimeout cannot be called on a closed connection). Possibly consider using a shorter maxLifetime value.
[13:33:08:930] [WARN] - com.zaxxer.hikari.pool.PoolBase.isConnectionAlive(PoolBase.java:184) - data-pool- - Failed to validate connection org.mariadb.jdbc.Connection@7b8a5f99 ((conn=256) Connection.setNetworkTimeout cannot be called on a closed connection). Possibly consider using a shorter maxLifetime value.
[13:33:08:930] [WARN] - com.zaxxer.hikari.pool.PoolBase.isConnectionAlive(PoolBase.java:184) - data-pool- - Failed to validate connection org.mariadb.jdbc.Connection@3731f8c1 ((conn=257) Connection.setNetworkTimeout cannot be called on a closed connection). Possibly consider using a shorter maxLifetime value.
[13:33:08:931] [WARN] - com.zaxxer.hikari.pool.PoolBase.isConnectionAlive(PoolBase.java:184) - data-pool- - Failed to validate connection org.mariadb.jdbc.Connection@2a250f3c ((conn=258) Connection.setNetworkTimeout cannot be called on a closed connection). Possibly consider using a shorter maxLifetime value.
[13:33:08:932] [WARN] - com.zaxxer.hikari.pool.PoolBase.isConnectionAlive(PoolBase.java:184) - data-pool- - Failed to validate connection org.mariadb.jdbc.Connection@3da514f1 ((conn=259) Connection.setNetworkTimeout cannot be called on a closed connection). Possibly consider using a shorter maxLifetime value.
[13:35:28:931] [WARN] - com.zaxxer.hikari.pool.PoolBase.isConnectionAlive(PoolBase.java:184) - data-pool- - Failed to validate connection org.mariadb.jdbc.Connection@1f81bd36 ((conn=261) Connection.setNetworkTimeout cannot be called on a closed connection). Possibly consider using a shorter maxLifetime value.
[13:35:28:932] [WARN] - com.zaxxer.hikari.pool.PoolBase.isConnectionAlive(PoolBase.java:184) - data-pool- - Failed to validate connection org.mariadb.jdbc.Connection@17de55eb ((conn=262) Connection.setNetworkTimeout cannot be called on a closed connection). Possibly consider using a shorter maxLifetime value.
[13:38:28:934] [WARN] - com.zaxxer.hikari.pool.PoolBase.isConnectionAlive(PoolBase.java:184) - data-pool- - Failed to validate connection org.mariadb.jdbc.Connection@3cd246a6 ((conn=268) Connection.setNetworkTimeout cannot be called on a closed connection). Possibly consider using a shorter maxLifetime value.
[13:38:28:936] [WARN] - com.zaxxer.hikari.pool.PoolBase.isConnectionAlive(PoolBase.java:184) - data-pool- - Failed to validate connection org.mariadb.jdbc.Connection@22c05439 ((conn=269) Connection.setNetworkTimeout cannot be called on a closed connection). Possibly consider using a shorter maxLifetime value.
[13:43:48:937] [WARN] - com.zaxxer.hikari.pool.PoolBase.isConnectionAlive(PoolBase.java:184) - data-pool- - Failed to validate connection org.mariadb.jdbc.Connection@4fa5800f ((conn=276) Connection.setNetworkTimeout cannot be called on a closed connection). Possibly consider using a shorter maxLifetime value.
[13:43:48:938] [WARN] - com.zaxxer.hikari.pool.PoolBase.isConnectionAlive(PoolBase.java:184) - data-pool- - Failed to validate connection org.mariadb.jdbc.Connection@4851906d ((conn=277) Connection.setNetworkTimeout cannot be called on a closed connection). Possibly consider using a shorter maxLifetime value.
[13:43:48:939] [WARN] - com.zaxxer.hikari.pool.PoolBase.isConnectionAlive(PoolBase.java:184) - data-pool- - Failed to validate connection org.mariadb.jdbc.Connection@37e710af ((conn=278) Connection.setNetworkTimeout cannot be called on a closed connection). Possibly consider using a shorter maxLifetime value.
[13:43:48:939] [WARN] - com.zaxxer.hikari.pool.PoolBase.isConnectionAlive(PoolBase.java:184) - data-pool- - Failed to validate connection org.mariadb.jdbc.Connection@54a14ba4 ((conn=279) Connection.setNetworkTimeout cannot be called on a closed connection). Possibly consider using a shorter maxLifetime value.
[13:45:58:928] [WARN] - com.zaxxer.hikari.pool.PoolBase.isConnectionAlive(PoolBase.java:184) - data-pool- - Failed to validate connection org.mariadb.jdbc.Connection@5173fbbe ((conn=281) Connection.setNetworkTimeout cannot be called on a closed connection). Possibly consider using a shorter maxLifetime value.
[13:49:18:939] [WARN] - com.zaxxer.hikari.pool.PoolBase.isConnectionAlive(PoolBase.java:184) - data-pool- - Failed to validate connection org.mariadb.jdbc.Connection@3604ac55 ((conn=287) Connection.setNetworkTimeout cannot be called on a closed connection). Possibly consider using a shorter maxLifetime value.
[13:49:18:940] [WARN] - com.zaxxer.hikari.pool.PoolBase.isConnectionAlive(PoolBase.java:184) - data-pool- - Failed to validate connection org.mariadb.jdbc.Connection@1ffb19ce ((conn=288) Connection.setNetworkTimeout cannot be called on a closed connection). Possibly consider using a shorter maxLifetime value.
[13:49:18:941] [WARN] - com.zaxxer.hikari.pool.PoolBase.isConnectionAlive(PoolBase.java:184) - data-pool- - Failed to validate connection org.mariadb.jdbc.Connection@5a0ae808 ((conn=289) Connection.setNetworkTimeout cannot be called on a closed connection). Possibly consider using a shorter maxLifetime value.
[13:52:08:932] [WARN] - com.zaxxer.hikari.pool.PoolBase.isConnectionAlive(PoolBase.java:184) - data-pool- - Failed to validate connection org.mariadb.jdbc.Connection@7d7000ee ((conn=292) Connection.setNetworkTimeout cannot be called on a closed connection). Possibly consider using a shorter maxLifetime value.
[13:52:08:934] [WARN] - com.zaxxer.hikari.pool.PoolBase.isConnectionAlive(PoolBase.java:184) - data-pool- - Failed to validate connection org.mariadb.jdbc.Connection@4c477a80 ((conn=293) Connection.setNetworkTimeout cannot be called on a closed connection). Possibly consider using a shorter maxLifetime value.
[13:52:08:936] [WARN] - com.zaxxer.hikari.pool.PoolBase.isConnectionAlive(PoolBase.java:184) - data-pool- - Failed to validate connection org.mariadb.jdbc.Connection@60d5f425 ((conn=294) Connection.setNetworkTimeout cannot be called on a closed connection). Possibly consider using a shorter maxLifetime value.
[13:54:08:935] [WARN] - com.zaxxer.hikari.pool.PoolBase.isConnectionAlive(PoolBase.java:184) - data-pool- - Failed to validate connection org.mariadb.jdbc.Connection@4d26675b ((conn=296) Connection.setNetworkTimeout cannot be called on a closed connection). Possibly consider using a shorter maxLifetime value.
[14:00:08:929] [WARN] - com.zaxxer.hikari.pool.PoolBase.isConnectionAlive(PoolBase.java:184) - data-pool- - Failed to validate connection org.mariadb.jdbc.Connection@3591599f ((conn=307) Connection.setNetworkTimeout cannot be called on a closed connection). Possibly consider using a shorter maxLifetime value.
[14:00:08:930] [WARN] - com.zaxxer.hikari.pool.PoolBase.isConnectionAlive(PoolBase.java:184) - data-pool- - Failed to validate connection org.mariadb.jdbc.Connection@6470027b ((conn=308) Connection.setNetworkTimeout cannot be called on a closed connection). Possibly consider using a shorter maxLifetime value.
[14:00:08:933] [WARN] - com.zaxxer.hikari.pool.PoolBase.isConnectionAlive(PoolBase.java:184) - data-pool- - Failed to validate connection org.mariadb.jdbc.Connection@4b416069 ((conn=309) Connection.setNetworkTimeout cannot be called on a closed connection). Possibly consider using a shorter maxLifetime value.
[14:00:08:935] [WARN] - com.zaxxer.hikari.pool.PoolBase.isConnectionAlive(PoolBase.java:184) - data-pool- - Failed to validate connection org.mariadb.jdbc.Connection@74a3953f ((conn=310) Connection.setNetworkTimeout cannot be called on a closed connection). Possibly consider using a shorter maxLifetime value.
[14:02:18:935] [WARN] - com.zaxxer.hikari.pool.PoolBase.isConnectionAlive(PoolBase.java:184) - data-pool- - Failed to validate connection org.mariadb.jdbc.Connection@2bb80bfb ((conn=312) Connection.setNetworkTimeout cannot be called on a closed connection). Possibly consider using a shorter maxLifetime value.
[14:02:18:936] [WARN] - com.zaxxer.hikari.pool.PoolBase.isConnectionAlive(PoolBase.java:184) - data-pool- - Failed to validate connection org.mariadb.jdbc.Connection@12b31c58 ((conn=313) Connection.setNetworkTimeout cannot be called on a closed connection). Possibly consider using a shorter maxLifetime value.
[14:02:18:936] [WARN] - com.zaxxer.hikari.pool.PoolBase.isConnectionAlive(PoolBase.java:184) - data-pool- - Failed to validate connection org.mariadb.jdbc.Connection@5b30ad5a ((conn=314) Connection.setNetworkTimeout cannot be called on a closed connection). Possibly consider using a shorter maxLifetime value.
[14:02:18:937] [WARN] - com.zaxxer.hikari.pool.PoolBase.isConnectionAlive(PoolBase.java:184) - data-pool- - Failed to validate connection org.mariadb.jdbc.Connection@30bc8214 ((conn=315) Connection.setNetworkTimeout cannot be called on a closed connection). Possibly consider using a shorter maxLifetime value.
[14:05:48:929] [WARN] - com.zaxxer.hikari.pool.PoolBase.isConnectionAlive(PoolBase.java:184) - data-pool- - Failed to validate connection org.mariadb.jdbc.Connection@7970b940 ((conn=321) Connection.setNetworkTimeout cannot be called on a closed connection). Possibly consider using a shorter maxLifetime value.
[14:08:18:927] [WARN] - com.zaxxer.hikari.pool.PoolBase.isConnectionAlive(PoolBase.java:184) - data-pool- - Failed to validate connection org.mariadb.jdbc.Connection@292db919 ((conn=326) Connection.setNetworkTimeout cannot be called on a closed connection). Possibly consider using a shorter maxLifetime value.
[14:17:08:932] [WARN] - com.zaxxer.hikari.pool.PoolBase.isConnectionAlive(PoolBase.java:184) - data-pool- - Failed to validate connection org.mariadb.jdbc.Connection@181f5e4 ((conn=338) Connection.setNetworkTimeout cannot be called on a closed connection). Possibly consider using a shorter maxLifetime value.
[14:17:08:932] [WARN] - com.zaxxer.hikari.pool.PoolBase.isConnectionAlive(PoolBase.java:184) - data-pool- - Failed to validate connection org.mariadb.jdbc.Connection@5f0ce2d1 ((conn=339) Connection.setNetworkTimeout cannot be called on a closed connection). Possibly consider using a shorter maxLifetime value.
[14:17:08:938] [WARN] - com.zaxxer.hikari.pool.PoolBase.isConnectionAlive(PoolBase.java:184) - data-pool- - Failed to validate connection org.mariadb.jdbc.Connection@3103cc9a ((conn=340) Connection.setNetworkTimeout cannot be called on a closed connection). Possibly consider using a shorter maxLifetime value.
[14:17:08:939] [WARN] - com.zaxxer.hikari.pool.PoolBase.isConnectionAlive(PoolBase.java:184) - data-pool- - Failed to validate connection org.mariadb.jdbc.Connection@27624107 ((conn=341) Connection.setNetworkTimeout cannot be called on a closed connection). Possibly consider using a shorter maxLifetime value.
[14:19:18:938] [WARN] - com.zaxxer.hikari.pool.PoolBase.isConnectionAlive(PoolBase.java:184) - data-pool- - Failed to validate connection org.mariadb.jdbc.Connection@5834792d ((conn=343) Connection.setNetworkTimeout cannot be called on a closed connection). Possibly consider using a shorter maxLifetime value.
[14:19:18:939] [WARN] - com.zaxxer.hikari.pool.PoolBase.isConnectionAlive(PoolBase.java:184) - data-pool- - Failed to validate connection org.mariadb.jdbc.Connection@5d28c332 ((conn=344) Connection.setNetworkTimeout cannot be called on a closed connection). Possibly consider using a shorter maxLifetime value.
[14:19:18:940] [WARN] - com.zaxxer.hikari.pool.PoolBase.isConnectionAlive(PoolBase.java:184) - data-pool- - Failed to validate connection org.mariadb.jdbc.Connection@16d5db82 ((conn=345) Connection.setNetworkTimeout cannot be called on a closed connection). Possibly consider using a shorter maxLifetime value.
[14:21:28:935] [WARN] - com.zaxxer.hikari.pool.PoolBase.isConnectionAlive(PoolBase.java:184) - data-pool- - Failed to validate connection org.mariadb.jdbc.Connection@1f139110 ((conn=349) Connection.setNetworkTimeout cannot be called on a closed connection). Possibly consider using a shorter maxLifetime value.
[14:22:38:930] [WARN] - com.zaxxer.hikari.pool.PoolBase.isConnectionAlive(PoolBase.java:184) - data-pool- - Failed to validate connection org.mariadb.jdbc.Connection@6f43cdd1 ((conn=351) Connection.setNetworkTimeout cannot be called on a closed connection). Possibly consider using a shorter maxLifetime value.
[14:22:38:931] [WARN] - com.zaxxer.hikari.pool.PoolBase.isConnectionAlive(PoolBase.java:184) - data-pool- - Failed to validate connection org.mariadb.jdbc.Connection@34170c1f ((conn=352) Connection.setNetworkTimeout cannot be called on a closed connection). Possibly consider using a shorter maxLifetime value.
[14:24:28:932] [WARN] - com.zaxxer.hikari.pool.PoolBase.isConnectionAlive(PoolBase.java:184) - data-pool- - Failed to validate connection org.mariadb.jdbc.Connection@5791e96d ((conn=355) Connection.setNetworkTimeout cannot be called on a closed connection). Possibly consider using a shorter maxLifetime value.
[14:27:48:932] [WARN] - com.zaxxer.hikari.pool.PoolBase.isConnectionAlive(PoolBase.java:184) - data-pool- - Failed to validate connection org.mariadb.jdbc.Connection@40f17a1b ((conn=361) Connection.setNetworkTimeout cannot be called on a closed connection). Possibly consider using a shorter maxLifetime value.
[14:27:48:933] [WARN] - com.zaxxer.hikari.pool.PoolBase.isConnectionAlive(PoolBase.java:184) - data-pool- - Failed to validate connection org.mariadb.jdbc.Connection@116551a7 ((conn=362) Connection.setNetworkTimeout cannot be called on a closed connection). Possibly consider using a shorter maxLifetime value.
[14:27:48:933] [WARN] - com.zaxxer.hikari.pool.PoolBase.isConnectionAlive(PoolBase.java:184) - data-pool- - Failed to validate connection org.mariadb.jdbc.Connection@341f1adc ((conn=363) Connection.setNetworkTimeout cannot be called on a closed connection). Possibly consider using a shorter maxLifetime value.
[14:36:08:938] [WARN] - com.zaxxer.hikari.pool.PoolBase.isConnectionAlive(PoolBase.java:184) - data-pool- - Failed to validate connection org.mariadb.jdbc.Connection@2b2d0c48 ((conn=376) Connection.setNetworkTimeout cannot be called on a closed connection). Possibly consider using a shorter maxLifetime value.
[14:36:38:933] [WARN] - com.zaxxer.hikari.pool.PoolBase.isConnectionAlive(PoolBase.java:184) - data-pool- - Failed to validate connection org.mariadb.jdbc.Connection@661214ab ((conn=377) Connection.setNetworkTimeout cannot be called on a closed connection). Possibly consider using a shorter maxLifetime value.
[14:36:38:934] [WARN] - com.zaxxer.hikari.pool.PoolBase.isConnectionAlive(PoolBase.java:184) - data-pool- - Failed to validate connection org.mariadb.jdbc.Connection@64474bf ((conn=378) Connection.setNetworkTimeout cannot be called on a closed connection). Possibly consider using a shorter maxLifetime value.
[14:36:38:935] [WARN] - com.zaxxer.hikari.pool.PoolBase.isConnectionAlive(PoolBase.java:184) - data-pool- - Failed to validate connection org.mariadb.jdbc.Connection@b57b720 ((conn=379) Connection.setNetworkTimeout cannot be called on a closed connection). Possibly consider using a shorter maxLifetime value.
[14:42:08:940] [WARN] - com.zaxxer.hikari.pool.PoolBase.isConnectionAlive(PoolBase.java:184) - data-pool- - Failed to validate connection org.mariadb.jdbc.Connection@41c329ab ((conn=387) Connection.setNetworkTimeout cannot be called on a closed connection). Possibly consider using a shorter maxLifetime value.
[14:42:08:941] [WARN] - com.zaxxer.hikari.pool.PoolBase.isConnectionAlive(PoolBase.java:184) - data-pool- - Failed to validate connection org.mariadb.jdbc.Connection@4c575800 ((conn=388) Connection.setNetworkTimeout cannot be called on a closed connection). Possibly consider using a shorter maxLifetime value.
[14:42:08:941] [WARN] - com.zaxxer.hikari.pool.PoolBase.isConnectionAlive(PoolBase.java:184) - data-pool- - Failed to validate connection org.mariadb.jdbc.Connection@67dd9cb5 ((conn=389) Connection.setNetworkTimeout cannot be called on a closed connection). Possibly consider using a shorter maxLifetime value.
[10:05:05:259] [WARN] - com.zaxxer.hikari.pool.HikariPool$HouseKeeper.run(HikariPool.java:788) - data-pool- - Thread starvation or clock leap detected (housekeeper delta=19h8m22s947ms75µs900ns).
[10:08:18:856] [WARN] - com.zaxxer.hikari.pool.PoolBase.isConnectionAlive(PoolBase.java:184) - data-pool- - Failed to validate connection org.mariadb.jdbc.Connection@43fa8a44 ((conn=425) Connection.setNetworkTimeout cannot be called on a closed connection). Possibly consider using a shorter maxLifetime value.
[10:16:58:866] [WARN] - com.zaxxer.hikari.pool.PoolBase.isConnectionAlive(PoolBase.java:184) - data-pool- - Failed to validate connection org.mariadb.jdbc.Connection@4a310bf6 ((conn=439) Connection.setNetworkTimeout cannot be called on a closed connection). Possibly consider using a shorter maxLifetime value.
[10:16:58:869] [WARN] - com.zaxxer.hikari.pool.PoolBase.isConnectionAlive(PoolBase.java:184) - data-pool- - Failed to validate connection org.mariadb.jdbc.Connection@68e7d93b ((conn=440) Connection.setNetworkTimeout cannot be called on a closed connection). Possibly consider using a shorter maxLifetime value.
[10:19:07:212] [WARN] - com.zaxxer.hikari.pool.PoolBase.isConnectionAlive(PoolBase.java:184) - data-pool- - Failed to validate connection org.mariadb.jdbc.Connection@57859092 ((conn=443) Connection.setNetworkTimeout cannot be called on a closed connection). Possibly consider using a shorter maxLifetime value.
[10:19:07:212] [WARN] - com.zaxxer.hikari.pool.PoolBase.isConnectionAlive(PoolBase.java:184) - data-pool- - Failed to validate connection org.mariadb.jdbc.Connection@5b6bfc1c ((conn=442) Connection.setNetworkTimeout cannot be called on a closed connection). Possibly consider using a shorter maxLifetime value.
[10:19:07:216] [WARN] - com.zaxxer.hikari.pool.PoolBase.isConnectionAlive(PoolBase.java:184) - data-pool- - Failed to validate connection org.mariadb.jdbc.Connection@44f294a0 ((conn=444) Connection.setNetworkTimeout cannot be called on a closed connection). Possibly consider using a shorter maxLifetime value.
[10:19:07:219] [WARN] - com.zaxxer.hikari.pool.PoolBase.isConnectionAlive(PoolBase.java:184) - data-pool- - Failed to validate connection org.mariadb.jdbc.Connection@17219a9 ((conn=445) Connection.setNetworkTimeout cannot be called on a closed connection). Possibly consider using a shorter maxLifetime value.
[10:22:28:856] [WARN] - com.zaxxer.hikari.pool.PoolBase.isConnectionAlive(PoolBase.java:184) - data-pool- - Failed to validate connection org.mariadb.jdbc.Connection@78f2b21b ((conn=450) Connection.setNetworkTimeout cannot be called on a closed connection). Possibly consider using a shorter maxLifetime value.
[10:24:58:857] [WARN] - com.zaxxer.hikari.pool.PoolBase.isConnectionAlive(PoolBase.java:184) - data-pool- - Failed to validate connection org.mariadb.jdbc.Connection@44772d83 ((conn=452) Connection.setNetworkTimeout cannot be called on a closed connection). Possibly consider using a shorter maxLifetime value.
[10:24:58:858] [WARN] - com.zaxxer.hikari.pool.PoolBase.isConnectionAlive(PoolBase.java:184) - data-pool- - Failed to validate connection org.mariadb.jdbc.Connection@66ca0aba ((conn=453) Connection.setNetworkTimeout cannot be called on a closed connection). Possibly consider using a shorter maxLifetime value.
[10:24:58:860] [WARN] - com.zaxxer.hikari.pool.PoolBase.isConnectionAlive(PoolBase.java:184) - data-pool- - Failed to validate connection org.mariadb.jdbc.Connection@41513321 ((conn=454) Connection.setNetworkTimeout cannot be called on a closed connection). Possibly consider using a shorter maxLifetime value.
[10:24:58:860] [WARN] - com.zaxxer.hikari.pool.PoolBase.isConnectionAlive(PoolBase.java:184) - data-pool- - Failed to validate connection org.mariadb.jdbc.Connection@3ddf3c48 ((conn=455) Connection.setNetworkTimeout cannot be called on a closed connection). Possibly consider using a shorter maxLifetime value.
[10:28:08:865] [WARN] - com.zaxxer.hikari.pool.PoolBase.isConnectionAlive(PoolBase.java:184) - data-pool- - Failed to validate connection org.mariadb.jdbc.Connection@79b303c0 ((conn=461) Connection.setNetworkTimeout cannot be called on a closed connection). Possibly consider using a shorter maxLifetime value.
[10:36:48:864] [WARN] - com.zaxxer.hikari.pool.PoolBase.isConnectionAlive(PoolBase.java:184) - data-pool- - Failed to validate connection org.mariadb.jdbc.Connection@63f72234 ((conn=475) Connection.setNetworkTimeout cannot be called on a closed connection). Possibly consider using a shorter maxLifetime value.
[10:36:48:865] [WARN] - com.zaxxer.hikari.pool.PoolBase.isConnectionAlive(PoolBase.java:184) - data-pool- - Failed to validate connection org.mariadb.jdbc.Connection@26522127 ((conn=476) Connection.setNetworkTimeout cannot be called on a closed connection). Possibly consider using a shorter maxLifetime value.
[10:36:48:866] [WARN] - com.zaxxer.hikari.pool.PoolBase.isConnectionAlive(PoolBase.java:184) - data-pool- - Failed to validate connection org.mariadb.jdbc.Connection@74799e7a ((conn=477) Connection.setNetworkTimeout cannot be called on a closed connection). Possibly consider using a shorter maxLifetime value.
[10:38:48:860] [WARN] - com.zaxxer.hikari.pool.PoolBase.isConnectionAlive(PoolBase.java:184) - data-pool- - Failed to validate connection org.mariadb.jdbc.Connection@60c64405 ((conn=479) Connection.setNetworkTimeout cannot be called on a closed connection). Possibly consider using a shorter maxLifetime value.
[10:42:18:856] [WARN] - com.zaxxer.hikari.pool.PoolBase.isConnectionAlive(PoolBase.java:184) - data-pool- - Failed to validate connection org.mariadb.jdbc.Connection@7d1e761a ((conn=485) Connection.setNetworkTimeout cannot be called on a closed connection). Possibly consider using a shorter maxLifetime value.
[10:42:18:858] [WARN] - com.zaxxer.hikari.pool.PoolBase.isConnectionAlive(PoolBase.java:184) - data-pool- - Failed to validate connection org.mariadb.jdbc.Connection@41f89fe7 ((conn=486) Connection.setNetworkTimeout cannot be called on a closed connection). Possibly consider using a shorter maxLifetime value.
[10:42:18:859] [WARN] - com.zaxxer.hikari.pool.PoolBase.isConnectionAlive(PoolBase.java:184) - data-pool- - Failed to validate connection org.mariadb.jdbc.Connection@68ba2fe4 ((conn=487) Connection.setNetworkTimeout cannot be called on a closed connection). Possibly consider using a shorter maxLifetime value.
[10:44:02:995] [INFO] - my.utils.loggerUtils.info(loggerUtils.java:18) - 加载version文件完成！
[10:44:03:016] [INFO] - my.utils.loggerUtils.info(loggerUtils.java:18) - 加载nmb.apk完成！
[10:44:03:048] [INFO] - my.utils.loggerUtils.info(loggerUtils.java:18) - 实例化服务完成！
[10:44:03:162] [WARN] - com.zaxxer.hikari.HikariConfig.validateNumerics(HikariConfig.java:1084) - data-pool- - idleTimeout is close to or more than maxLifetime, disabling it.
[10:44:03:163] [INFO] - com.zaxxer.hikari.HikariDataSource.<init>(HikariDataSource.java:80) - data-pool- - Starting...
[10:44:03:217] [INFO] - com.zaxxer.hikari.HikariDataSource.<init>(HikariDataSource.java:82) - data-pool- - Start completed.
[10:44:03:453] [INFO] - my.utils.loggerUtils.info(loggerUtils.java:18) - 定时任务启动完成！
[10:44:03:955] [INFO] - my.utils.loggerUtils.info(loggerUtils.java:18) - 服务已经启动/9667
[10:46:23:464] [WARN] - com.zaxxer.hikari.pool.PoolBase.isConnectionAlive(PoolBase.java:184) - data-pool- - Failed to validate connection org.mariadb.jdbc.Connection@4d755d34 ((conn=494) Connection.setNetworkTimeout cannot be called on a closed connection). Possibly consider using a shorter maxLifetime value.
[10:49:43:456] [WARN] - com.zaxxer.hikari.pool.PoolBase.isConnectionAlive(PoolBase.java:184) - data-pool- - Failed to validate connection org.mariadb.jdbc.Connection@2a38a801 ((conn=499) Connection.setNetworkTimeout cannot be called on a closed connection). Possibly consider using a shorter maxLifetime value.
[10:49:43:459] [WARN] - com.zaxxer.hikari.pool.PoolBase.isConnectionAlive(PoolBase.java:184) - data-pool- - Failed to validate connection org.mariadb.jdbc.Connection@20c0c371 ((conn=500) Connection.setNetworkTimeout cannot be called on a closed connection). Possibly consider using a shorter maxLifetime value.
[10:49:43:460] [WARN] - com.zaxxer.hikari.pool.PoolBase.isConnectionAlive(PoolBase.java:184) - data-pool- - Failed to validate connection org.mariadb.jdbc.Connection@65c2490d ((conn=501) Connection.setNetworkTimeout cannot be called on a closed connection). Possibly consider using a shorter maxLifetime value.
[10:49:43:461] [WARN] - com.zaxxer.hikari.pool.PoolBase.isConnectionAlive(PoolBase.java:184) - data-pool- - Failed to validate connection org.mariadb.jdbc.Connection@ad59d14 ((conn=502) Connection.setNetworkTimeout cannot be called on a closed connection). Possibly consider using a shorter maxLifetime value.
[10:52:23:460] [WARN] - com.zaxxer.hikari.pool.PoolBase.isConnectionAlive(PoolBase.java:184) - data-pool- - Failed to validate connection org.mariadb.jdbc.Connection@690ac497 ((conn=504) Connection.setNetworkTimeout cannot be called on a closed connection). Possibly consider using a shorter maxLifetime value.
[10:52:23:462] [WARN] - com.zaxxer.hikari.pool.PoolBase.isConnectionAlive(PoolBase.java:184) - data-pool- - Failed to validate connection org.mariadb.jdbc.Connection@63f2afe7 ((conn=505) Connection.setNetworkTimeout cannot be called on a closed connection). Possibly consider using a shorter maxLifetime value.
[10:52:23:463] [WARN] - com.zaxxer.hikari.pool.PoolBase.isConnectionAlive(PoolBase.java:184) - data-pool- - Failed to validate connection org.mariadb.jdbc.Connection@26f03dfd ((conn=506) Connection.setNetworkTimeout cannot be called on a closed connection). Possibly consider using a shorter maxLifetime value.
[10:52:23:464] [WARN] - com.zaxxer.hikari.pool.PoolBase.isConnectionAlive(PoolBase.java:184) - data-pool- - Failed to validate connection org.mariadb.jdbc.Connection@19e17bc8 ((conn=507) Connection.setNetworkTimeout cannot be called on a closed connection). Possibly consider using a shorter maxLifetime value.
[10:54:43:470] [WARN] - com.zaxxer.hikari.pool.PoolBase.isConnectionAlive(PoolBase.java:184) - data-pool- - Failed to validate connection org.mariadb.jdbc.Connection@11e6a4aa ((conn=509) Connection.setNetworkTimeout cannot be called on a closed connection). Possibly consider using a shorter maxLifetime value.
[11:00:53:467] [WARN] - com.zaxxer.hikari.pool.PoolBase.isConnectionAlive(PoolBase.java:184) - data-pool- - Failed to validate connection org.mariadb.jdbc.Connection@4819865 ((conn=519) Connection.setNetworkTimeout cannot be called on a closed connection). Possibly consider using a shorter maxLifetime value.
[11:00:53:469] [WARN] - com.zaxxer.hikari.pool.PoolBase.isConnectionAlive(PoolBase.java:184) - data-pool- - Failed to validate connection org.mariadb.jdbc.Connection@e79f315 ((conn=520) Connection.setNetworkTimeout cannot be called on a closed connection). Possibly consider using a shorter maxLifetime value.
[11:00:53:471] [WARN] - com.zaxxer.hikari.pool.PoolBase.isConnectionAlive(PoolBase.java:184) - data-pool- - Failed to validate connection org.mariadb.jdbc.Connection@4b7b7cbe ((conn=521) Connection.setNetworkTimeout cannot be called on a closed connection). Possibly consider using a shorter maxLifetime value.
[11:00:53:474] [WARN] - com.zaxxer.hikari.pool.PoolBase.isConnectionAlive(PoolBase.java:184) - data-pool- - Failed to validate connection org.mariadb.jdbc.Connection@43b18704 ((conn=522) Connection.setNetworkTimeout cannot be called on a closed connection). Possibly consider using a shorter maxLifetime value.
[11:06:23:464] [WARN] - com.zaxxer.hikari.pool.PoolBase.isConnectionAlive(PoolBase.java:184) - data-pool- - Failed to validate connection org.mariadb.jdbc.Connection@3f51ce7d ((conn=529) Connection.setNetworkTimeout cannot be called on a closed connection). Possibly consider using a shorter maxLifetime value.
[11:06:23:496] [WARN] - com.zaxxer.hikari.pool.PoolBase.isConnectionAlive(PoolBase.java:184) - data-pool- - Failed to validate connection org.mariadb.jdbc.Connection@7e6cc446 ((conn=530) Connection.setNetworkTimeout cannot be called on a closed connection). Possibly consider using a shorter maxLifetime value.
[11:06:23:500] [WARN] - com.zaxxer.hikari.pool.PoolBase.isConnectionAlive(PoolBase.java:184) - data-pool- - Failed to validate connection org.mariadb.jdbc.Connection@7ecbb26a ((conn=531) Connection.setNetworkTimeout cannot be called on a closed connection). Possibly consider using a shorter maxLifetime value.
[11:06:23:502] [WARN] - com.zaxxer.hikari.pool.PoolBase.isConnectionAlive(PoolBase.java:184) - data-pool- - Failed to validate connection org.mariadb.jdbc.Connection@4f58b9e8 ((conn=532) Connection.setNetworkTimeout cannot be called on a closed connection). Possibly consider using a shorter maxLifetime value.
[11:08:53:465] [WARN] - com.zaxxer.hikari.pool.PoolBase.isConnectionAlive(PoolBase.java:184) - data-pool- - Failed to validate connection org.mariadb.jdbc.Connection@77996ef ((conn=534) Connection.setNetworkTimeout cannot be called on a closed connection). Possibly consider using a shorter maxLifetime value.
[11:08:53:467] [WARN] - com.zaxxer.hikari.pool.PoolBase.isConnectionAlive(PoolBase.java:184) - data-pool- - Failed to validate connection org.mariadb.jdbc.Connection@9be6870 ((conn=535) Connection.setNetworkTimeout cannot be called on a closed connection). Possibly consider using a shorter maxLifetime value.
[11:08:53:468] [WARN] - com.zaxxer.hikari.pool.PoolBase.isConnectionAlive(PoolBase.java:184) - data-pool- - Failed to validate connection org.mariadb.jdbc.Connection@d81fd9f ((conn=536) Connection.setNetworkTimeout cannot be called on a closed connection). Possibly consider using a shorter maxLifetime value.
[11:08:53:469] [WARN] - com.zaxxer.hikari.pool.PoolBase.isConnectionAlive(PoolBase.java:184) - data-pool- - Failed to validate connection org.mariadb.jdbc.Connection@4883624b ((conn=537) Connection.setNetworkTimeout cannot be called on a closed connection). Possibly consider using a shorter maxLifetime value.
[11:11:13:467] [WARN] - com.zaxxer.hikari.pool.PoolBase.isConnectionAlive(PoolBase.java:184) - data-pool- - Failed to validate connection org.mariadb.jdbc.Connection@26a6f0a5 ((conn=539) Connection.setNetworkTimeout cannot be called on a closed connection). Possibly consider using a shorter maxLifetime value.
[11:14:33:462] [WARN] - com.zaxxer.hikari.pool.PoolBase.isConnectionAlive(PoolBase.java:184) - data-pool- - Failed to validate connection org.mariadb.jdbc.Connection@3865b5a ((conn=545) Connection.setNetworkTimeout cannot be called on a closed connection). Possibly consider using a shorter maxLifetime value.
[11:14:33:463] [WARN] - com.zaxxer.hikari.pool.PoolBase.isConnectionAlive(PoolBase.java:184) - data-pool- - Failed to validate connection org.mariadb.jdbc.Connection@7bee2908 ((conn=546) Connection.setNetworkTimeout cannot be called on a closed connection). Possibly consider using a shorter maxLifetime value.
[11:14:33:465] [WARN] - com.zaxxer.hikari.pool.PoolBase.isConnectionAlive(PoolBase.java:184) - data-pool- - Failed to validate connection org.mariadb.jdbc.Connection@28ac9d04 ((conn=547) Connection.setNetworkTimeout cannot be called on a closed connection). Possibly consider using a shorter maxLifetime value.
[11:17:23:454] [WARN] - com.zaxxer.hikari.pool.PoolBase.isConnectionAlive(PoolBase.java:184) - data-pool- - Failed to validate connection org.mariadb.jdbc.Connection@365ed440 ((conn=549) Connection.setNetworkTimeout cannot be called on a closed connection). Possibly consider using a shorter maxLifetime value.
[11:17:23:456] [WARN] - com.zaxxer.hikari.pool.PoolBase.isConnectionAlive(PoolBase.java:184) - data-pool- - Failed to validate connection org.mariadb.jdbc.Connection@7763de7b ((conn=550) Connection.setNetworkTimeout cannot be called on a closed connection). Possibly consider using a shorter maxLifetime value.
[11:17:23:459] [WARN] - com.zaxxer.hikari.pool.PoolBase.isConnectionAlive(PoolBase.java:184) - data-pool- - Failed to validate connection org.mariadb.jdbc.Connection@6628591 ((conn=551) Connection.setNetworkTimeout cannot be called on a closed connection). Possibly consider using a shorter maxLifetime value.
[11:17:23:460] [WARN] - com.zaxxer.hikari.pool.PoolBase.isConnectionAlive(PoolBase.java:184) - data-pool- - Failed to validate connection org.mariadb.jdbc.Connection@465eadc9 ((conn=552) Connection.setNetworkTimeout cannot be called on a closed connection). Possibly consider using a shorter maxLifetime value.
[11:19:38:441] [WARN] - com.zaxxer.hikari.pool.PoolBase.isConnectionAlive(PoolBase.java:184) - data-pool- - Failed to validate connection org.mariadb.jdbc.Connection@1bfce6a0 ((conn=554) Connection.setNetworkTimeout cannot be called on a closed connection). Possibly consider using a shorter maxLifetime value.
[11:19:38:445] [WARN] - com.zaxxer.hikari.pool.PoolBase.isConnectionAlive(PoolBase.java:184) - data-pool- - Failed to validate connection org.mariadb.jdbc.Connection@5ac1ec9b ((conn=555) Connection.setNetworkTimeout cannot be called on a closed connection). Possibly consider using a shorter maxLifetime value.
[11:19:38:447] [WARN] - com.zaxxer.hikari.pool.PoolBase.isConnectionAlive(PoolBase.java:184) - data-pool- - Failed to validate connection org.mariadb.jdbc.Connection@17e43d06 ((conn=556) Connection.setNetworkTimeout cannot be called on a closed connection). Possibly consider using a shorter maxLifetime value.
[11:19:38:448] [WARN] - com.zaxxer.hikari.pool.PoolBase.isConnectionAlive(PoolBase.java:184) - data-pool- - Failed to validate connection org.mariadb.jdbc.Connection@6bd110bc ((conn=557) Connection.setNetworkTimeout cannot be called on a closed connection). Possibly consider using a shorter maxLifetime value.
[11:28:33:468] [WARN] - com.zaxxer.hikari.pool.PoolBase.isConnectionAlive(PoolBase.java:184) - data-pool- - Failed to validate connection org.mariadb.jdbc.Connection@7a7a33a9 ((conn=572) Connection.setNetworkTimeout cannot be called on a closed connection). Possibly consider using a shorter maxLifetime value.
[11:34:23:469] [WARN] - com.zaxxer.hikari.pool.PoolBase.isConnectionAlive(PoolBase.java:184) - data-pool- - Failed to validate connection org.mariadb.jdbc.Connection@7108e997 ((conn=580) Connection.setNetworkTimeout cannot be called on a closed connection). Possibly consider using a shorter maxLifetime value.
[11:36:43:460] [WARN] - com.zaxxer.hikari.pool.PoolBase.isConnectionAlive(PoolBase.java:184) - data-pool- - Failed to validate connection org.mariadb.jdbc.Connection@59a7ab5c ((conn=586) Connection.setNetworkTimeout cannot be called on a closed connection). Possibly consider using a shorter maxLifetime value.
[11:37:43:463] [WARN] - com.zaxxer.hikari.pool.PoolBase.isConnectionAlive(PoolBase.java:184) - data-pool- - Failed to validate connection org.mariadb.jdbc.Connection@78c05a60 ((conn=588) Connection.setNetworkTimeout cannot be called on a closed connection). Possibly consider using a shorter maxLifetime value.
[11:39:46:421] [WARN] - com.zaxxer.hikari.pool.PoolBase.isConnectionAlive(PoolBase.java:184) - data-pool- - Failed to validate connection org.mariadb.jdbc.Connection@7ca30e2a ((conn=591) Connection.setNetworkTimeout cannot be called on a closed connection). Possibly consider using a shorter maxLifetime value.
[11:39:46:426] [WARN] - com.zaxxer.hikari.pool.PoolBase.isConnectionAlive(PoolBase.java:184) - data-pool- - Failed to validate connection org.mariadb.jdbc.Connection@cc62bca ((conn=592) Connection.setNetworkTimeout cannot be called on a closed connection). Possibly consider using a shorter maxLifetime value.
[11:39:46:434] [WARN] - com.zaxxer.hikari.pool.PoolBase.isConnectionAlive(PoolBase.java:184) - data-pool- - Failed to validate connection org.mariadb.jdbc.Connection@8da7600 ((conn=593) Connection.setNetworkTimeout cannot be called on a closed connection). Possibly consider using a shorter maxLifetime value.
[11:45:23:455] [WARN] - com.zaxxer.hikari.pool.PoolBase.isConnectionAlive(PoolBase.java:184) - data-pool- - Failed to validate connection org.mariadb.jdbc.Connection@1bb38068 ((conn=600) Connection.setNetworkTimeout cannot be called on a closed connection). Possibly consider using a shorter maxLifetime value.
[11:45:23:457] [WARN] - com.zaxxer.hikari.pool.PoolBase.isConnectionAlive(PoolBase.java:184) - data-pool- - Failed to validate connection org.mariadb.jdbc.Connection@57950ba1 ((conn=601) Connection.setNetworkTimeout cannot be called on a closed connection). Possibly consider using a shorter maxLifetime value.
[11:45:23:460] [WARN] - com.zaxxer.hikari.pool.PoolBase.isConnectionAlive(PoolBase.java:184) - data-pool- - Failed to validate connection org.mariadb.jdbc.Connection@7000981 ((conn=602) Connection.setNetworkTimeout cannot be called on a closed connection). Possibly consider using a shorter maxLifetime value.
[11:45:23:461] [WARN] - com.zaxxer.hikari.pool.PoolBase.isConnectionAlive(PoolBase.java:184) - data-pool- - Failed to validate connection org.mariadb.jdbc.Connection@b769c9 ((conn=603) Connection.setNetworkTimeout cannot be called on a closed connection). Possibly consider using a shorter maxLifetime value.
[11:57:13:460] [WARN] - com.zaxxer.hikari.pool.PoolBase.isConnectionAlive(PoolBase.java:184) - data-pool- - Failed to validate connection org.mariadb.jdbc.Connection@688b78cc ((conn=623) Connection.setNetworkTimeout cannot be called on a closed connection). Possibly consider using a shorter maxLifetime value.
[11:59:23:459] [WARN] - com.zaxxer.hikari.pool.PoolBase.isConnectionAlive(PoolBase.java:184) - data-pool- - Failed to validate connection org.mariadb.jdbc.Connection@5f02ee3f ((conn=625) Connection.setNetworkTimeout cannot be called on a closed connection). Possibly consider using a shorter maxLifetime value.
[11:59:23:461] [WARN] - com.zaxxer.hikari.pool.PoolBase.isConnectionAlive(PoolBase.java:184) - data-pool- - Failed to validate connection org.mariadb.jdbc.Connection@1e13f3e8 ((conn=626) Connection.setNetworkTimeout cannot be called on a closed connection). Possibly consider using a shorter maxLifetime value.
[11:59:23:462] [WARN] - com.zaxxer.hikari.pool.PoolBase.isConnectionAlive(PoolBase.java:184) - data-pool- - Failed to validate connection org.mariadb.jdbc.Connection@aeb76f7 ((conn=627) Connection.setNetworkTimeout cannot be called on a closed connection). Possibly consider using a shorter maxLifetime value.
[11:59:23:463] [WARN] - com.zaxxer.hikari.pool.PoolBase.isConnectionAlive(PoolBase.java:184) - data-pool- - Failed to validate connection org.mariadb.jdbc.Connection@42500283 ((conn=628) Connection.setNetworkTimeout cannot be called on a closed connection). Possibly consider using a shorter maxLifetime value.
[12:02:23:465] [WARN] - com.zaxxer.hikari.pool.PoolBase.isConnectionAlive(PoolBase.java:184) - data-pool- - Failed to validate connection org.mariadb.jdbc.Connection@4e59dddb ((conn=633) Connection.setNetworkTimeout cannot be called on a closed connection). Possibly consider using a shorter maxLifetime value.
[12:11:13:462] [WARN] - com.zaxxer.hikari.pool.PoolBase.isConnectionAlive(PoolBase.java:184) - data-pool- - Failed to validate connection org.mariadb.jdbc.Connection@a516993 ((conn=645) Connection.setNetworkTimeout cannot be called on a closed connection). Possibly consider using a shorter maxLifetime value.
[12:11:13:464] [WARN] - com.zaxxer.hikari.pool.PoolBase.isConnectionAlive(PoolBase.java:184) - data-pool- - Failed to validate connection org.mariadb.jdbc.Connection@7af1f47c ((conn=648) Connection.setNetworkTimeout cannot be called on a closed connection). Possibly consider using a shorter maxLifetime value.
[12:14:03:467] [WARN] - com.zaxxer.hikari.pool.PoolBase.isConnectionAlive(PoolBase.java:184) - data-pool- - Failed to validate connection org.mariadb.jdbc.Connection@b198a91 ((conn=650) Connection.setNetworkTimeout cannot be called on a closed connection). Possibly consider using a shorter maxLifetime value.
[12:23:03:461] [WARN] - com.zaxxer.hikari.pool.PoolBase.isConnectionAlive(PoolBase.java:184) - data-pool- - Failed to validate connection org.mariadb.jdbc.Connection@48ee3e23 ((conn=665) Connection.setNetworkTimeout cannot be called on a closed connection). Possibly consider using a shorter maxLifetime value.
[12:23:03:464] [WARN] - com.zaxxer.hikari.pool.PoolBase.isConnectionAlive(PoolBase.java:184) - data-pool- - Failed to validate connection org.mariadb.jdbc.Connection@3012a7e7 ((conn=666) Connection.setNetworkTimeout cannot be called on a closed connection). Possibly consider using a shorter maxLifetime value.
[12:23:03:465] [WARN] - com.zaxxer.hikari.pool.PoolBase.isConnectionAlive(PoolBase.java:184) - data-pool- - Failed to validate connection org.mariadb.jdbc.Connection@bd0790d ((conn=667) Connection.setNetworkTimeout cannot be called on a closed connection). Possibly consider using a shorter maxLifetime value.
[12:23:03:467] [WARN] - com.zaxxer.hikari.pool.PoolBase.isConnectionAlive(PoolBase.java:184) - data-pool- - Failed to validate connection org.mariadb.jdbc.Connection@32f64172 ((conn=668) Connection.setNetworkTimeout cannot be called on a closed connection). Possibly consider using a shorter maxLifetime value.
[12:31:53:454] [WARN] - com.zaxxer.hikari.pool.PoolBase.isConnectionAlive(PoolBase.java:184) - data-pool- - Failed to validate connection org.mariadb.jdbc.Connection@72ef472e ((conn=681) Connection.setNetworkTimeout cannot be called on a closed connection). Possibly consider using a shorter maxLifetime value.
[12:31:53:456] [WARN] - com.zaxxer.hikari.pool.PoolBase.isConnectionAlive(PoolBase.java:184) - data-pool- - Failed to validate connection org.mariadb.jdbc.Connection@13aad0a9 ((conn=682) Connection.setNetworkTimeout cannot be called on a closed connection). Possibly consider using a shorter maxLifetime value.
[12:31:53:457] [WARN] - com.zaxxer.hikari.pool.PoolBase.isConnectionAlive(PoolBase.java:184) - data-pool- - Failed to validate connection org.mariadb.jdbc.Connection@15bf7fdb ((conn=683) Connection.setNetworkTimeout cannot be called on a closed connection). Possibly consider using a shorter maxLifetime value.
[12:43:13:467] [WARN] - com.zaxxer.hikari.pool.PoolBase.isConnectionAlive(PoolBase.java:184) - data-pool- - Failed to validate connection org.mariadb.jdbc.Connection@f41b890 ((conn=700) Connection.setNetworkTimeout cannot be called on a closed connection). Possibly consider using a shorter maxLifetime value.
[12:43:13:469] [WARN] - com.zaxxer.hikari.pool.PoolBase.isConnectionAlive(PoolBase.java:184) - data-pool- - Failed to validate connection org.mariadb.jdbc.Connection@1985110e ((conn=701) Connection.setNetworkTimeout cannot be called on a closed connection). Possibly consider using a shorter maxLifetime value.
[12:43:13:470] [WARN] - com.zaxxer.hikari.pool.PoolBase.isConnectionAlive(PoolBase.java:184) - data-pool- - Failed to validate connection org.mariadb.jdbc.Connection@754918ae ((conn=702) Connection.setNetworkTimeout cannot be called on a closed connection). Possibly consider using a shorter maxLifetime value.
[12:43:13:473] [WARN] - com.zaxxer.hikari.pool.PoolBase.isConnectionAlive(PoolBase.java:184) - data-pool- - Failed to validate connection org.mariadb.jdbc.Connection@77ceabaf ((conn=703) Connection.setNetworkTimeout cannot be called on a closed connection). Possibly consider using a shorter maxLifetime value.
[12:49:23:455] [WARN] - com.zaxxer.hikari.pool.PoolBase.isConnectionAlive(PoolBase.java:184) - data-pool- - Failed to validate connection org.mariadb.jdbc.Connection@6d372817 ((conn=713) Connection.setNetworkTimeout cannot be called on a closed connection). Possibly consider using a shorter maxLifetime value.
[12:51:23:464] [WARN] - com.zaxxer.hikari.pool.PoolBase.isConnectionAlive(PoolBase.java:184) - data-pool- - Failed to validate connection org.mariadb.jdbc.Connection@2a967bcc ((conn=715) Connection.setNetworkTimeout cannot be called on a closed connection). Possibly consider using a shorter maxLifetime value.
[12:51:23:466] [WARN] - com.zaxxer.hikari.pool.PoolBase.isConnectionAlive(PoolBase.java:184) - data-pool- - Failed to validate connection org.mariadb.jdbc.Connection@38968163 ((conn=716) Connection.setNetworkTimeout cannot be called on a closed connection). Possibly consider using a shorter maxLifetime value.
[12:51:23:467] [WARN] - com.zaxxer.hikari.pool.PoolBase.isConnectionAlive(PoolBase.java:184) - data-pool- - Failed to validate connection org.mariadb.jdbc.Connection@10596336 ((conn=717) Connection.setNetworkTimeout cannot be called on a closed connection). Possibly consider using a shorter maxLifetime value.
[12:53:43:458] [WARN] - com.zaxxer.hikari.pool.PoolBase.isConnectionAlive(PoolBase.java:184) - data-pool- - Failed to validate connection org.mariadb.jdbc.Connection@534f67b0 ((conn=720) Connection.setNetworkTimeout cannot be called on a closed connection). Possibly consider using a shorter maxLifetime value.
[12:53:43:460] [WARN] - com.zaxxer.hikari.pool.PoolBase.isConnectionAlive(PoolBase.java:184) - data-pool- - Failed to validate connection org.mariadb.jdbc.Connection@2c6f9753 ((conn=721) Connection.setNetworkTimeout cannot be called on a closed connection). Possibly consider using a shorter maxLifetime value.
[12:56:43:468] [WARN] - com.zaxxer.hikari.pool.PoolBase.isConnectionAlive(PoolBase.java:184) - data-pool- - Failed to validate connection org.mariadb.jdbc.Connection@888b95b ((conn=726) Connection.setNetworkTimeout cannot be called on a closed connection). Possibly consider using a shorter maxLifetime value.
[12:58:03:463] [WARN] - com.zaxxer.hikari.pool.PoolBase.isConnectionAlive(PoolBase.java:184) - data-pool- - Failed to validate connection org.mariadb.jdbc.Connection@34d9dfea ((conn=728) Connection.setNetworkTimeout cannot be called on a closed connection). Possibly consider using a shorter maxLifetime value.
[13:00:03:477] [WARN] - com.zaxxer.hikari.pool.PoolBase.isConnectionAlive(PoolBase.java:184) - data-pool- - Failed to validate connection org.mariadb.jdbc.Connection@4b8eb3e2 ((conn=732) Connection.setNetworkTimeout cannot be called on a closed connection). Possibly consider using a shorter maxLifetime value.
[13:00:03:479] [WARN] - com.zaxxer.hikari.pool.PoolBase.isConnectionAlive(PoolBase.java:184) - data-pool- - Failed to validate connection org.mariadb.jdbc.Connection@50bb63b5 ((conn=733) Connection.setNetworkTimeout cannot be called on a closed connection). Possibly consider using a shorter maxLifetime value.
[13:02:13:462] [WARN] - com.zaxxer.hikari.pool.PoolBase.isConnectionAlive(PoolBase.java:184) - data-pool- - Failed to validate connection org.mariadb.jdbc.Connection@51e6ed8d ((conn=735) Connection.setNetworkTimeout cannot be called on a closed connection). Possibly consider using a shorter maxLifetime value.
[13:08:23:457] [WARN] - com.zaxxer.hikari.pool.PoolBase.isConnectionAlive(PoolBase.java:184) - data-pool- - Failed to validate connection org.mariadb.jdbc.Connection@572bf5b8 ((conn=745) Connection.setNetworkTimeout cannot be called on a closed connection). Possibly consider using a shorter maxLifetime value.
[13:08:23:460] [WARN] - com.zaxxer.hikari.pool.PoolBase.isConnectionAlive(PoolBase.java:184) - data-pool- - Failed to validate connection org.mariadb.jdbc.Connection@54218252 ((conn=746) Connection.setNetworkTimeout cannot be called on a closed connection). Possibly consider using a shorter maxLifetime value.
[13:08:23:461] [WARN] - com.zaxxer.hikari.pool.PoolBase.isConnectionAlive(PoolBase.java:184) - data-pool- - Failed to validate connection org.mariadb.jdbc.Connection@99d5de7 ((conn=747) Connection.setNetworkTimeout cannot be called on a closed connection). Possibly consider using a shorter maxLifetime value.
[13:08:23:467] [WARN] - com.zaxxer.hikari.pool.PoolBase.isConnectionAlive(PoolBase.java:184) - data-pool- - Failed to validate connection org.mariadb.jdbc.Connection@193ef59 ((conn=748) Connection.setNetworkTimeout cannot be called on a closed connection). Possibly consider using a shorter maxLifetime value.
[13:11:13:459] [WARN] - com.zaxxer.hikari.pool.PoolBase.isConnectionAlive(PoolBase.java:184) - data-pool- - Failed to validate connection org.mariadb.jdbc.Connection@214067f9 ((conn=750) Connection.setNetworkTimeout cannot be called on a closed connection). Possibly consider using a shorter maxLifetime value.
[13:11:13:490] [WARN] - com.zaxxer.hikari.pool.PoolBase.isConnectionAlive(PoolBase.java:184) - data-pool- - Failed to validate connection org.mariadb.jdbc.Connection@2b1ea744 ((conn=751) Connection.setNetworkTimeout cannot be called on a closed connection). Possibly consider using a shorter maxLifetime value.
[13:11:13:493] [WARN] - com.zaxxer.hikari.pool.PoolBase.isConnectionAlive(PoolBase.java:184) - data-pool- - Failed to validate connection org.mariadb.jdbc.Connection@1d4b0722 ((conn=752) Connection.setNetworkTimeout cannot be called on a closed connection). Possibly consider using a shorter maxLifetime value.
[13:11:13:493] [WARN] - com.zaxxer.hikari.pool.PoolBase.isConnectionAlive(PoolBase.java:184) - data-pool- - Failed to validate connection org.mariadb.jdbc.Connection@3f96d4dd ((conn=753) Connection.setNetworkTimeout cannot be called on a closed connection). Possibly consider using a shorter maxLifetime value.
[13:17:03:461] [WARN] - com.zaxxer.hikari.pool.PoolBase.isConnectionAlive(PoolBase.java:184) - data-pool- - Failed to validate connection org.mariadb.jdbc.Connection@67d6e92f ((conn=760) Connection.setNetworkTimeout cannot be called on a closed connection). Possibly consider using a shorter maxLifetime value.
[13:17:03:462] [WARN] - com.zaxxer.hikari.pool.PoolBase.isConnectionAlive(PoolBase.java:184) - data-pool- - Failed to validate connection org.mariadb.jdbc.Connection@3681757f ((conn=761) Connection.setNetworkTimeout cannot be called on a closed connection). Possibly consider using a shorter maxLifetime value.
[13:17:03:462] [WARN] - com.zaxxer.hikari.pool.PoolBase.isConnectionAlive(PoolBase.java:184) - data-pool- - Failed to validate connection org.mariadb.jdbc.Connection@76769e0 ((conn=762) Connection.setNetworkTimeout cannot be called on a closed connection). Possibly consider using a shorter maxLifetime value.
[13:17:03:463] [WARN] - com.zaxxer.hikari.pool.PoolBase.isConnectionAlive(PoolBase.java:184) - data-pool- - Failed to validate connection org.mariadb.jdbc.Connection@3ebe8874 ((conn=763) Connection.setNetworkTimeout cannot be called on a closed connection). Possibly consider using a shorter maxLifetime value.
[13:22:53:467] [WARN] - com.zaxxer.hikari.pool.PoolBase.isConnectionAlive(PoolBase.java:184) - data-pool- - Failed to validate connection org.mariadb.jdbc.Connection@53058a6a ((conn=770) Connection.setNetworkTimeout cannot be called on a closed connection). Possibly consider using a shorter maxLifetime value.
[13:31:43:469] [WARN] - com.zaxxer.hikari.pool.PoolBase.isConnectionAlive(PoolBase.java:184) - data-pool- - Failed to validate connection org.mariadb.jdbc.Connection@4289c933 ((conn=785) Connection.setNetworkTimeout cannot be called on a closed connection). Possibly consider using a shorter maxLifetime value.
[13:33:53:459] [WARN] - com.zaxxer.hikari.pool.PoolBase.isConnectionAlive(PoolBase.java:184) - data-pool- - Failed to validate connection org.mariadb.jdbc.Connection@158490ee ((conn=790) Connection.setNetworkTimeout cannot be called on a closed connection). Possibly consider using a shorter maxLifetime value.
[13:33:53:460] [WARN] - com.zaxxer.hikari.pool.PoolBase.isConnectionAlive(PoolBase.java:184) - data-pool- - Failed to validate connection org.mariadb.jdbc.Connection@772fc3b3 ((conn=791) Connection.setNetworkTimeout cannot be called on a closed connection). Possibly consider using a shorter maxLifetime value.
[13:36:03:460] [WARN] - com.zaxxer.hikari.pool.PoolBase.isConnectionAlive(PoolBase.java:184) - data-pool- - Failed to validate connection org.mariadb.jdbc.Connection@ababb1b ((conn=795) Connection.setNetworkTimeout cannot be called on a closed connection). Possibly consider using a shorter maxLifetime value.
[13:40:13:465] [WARN] - com.zaxxer.hikari.pool.PoolBase.isConnectionAlive(PoolBase.java:184) - data-pool- - Failed to validate connection org.mariadb.jdbc.Connection@737157cd ((conn=802) Connection.setNetworkTimeout cannot be called on a closed connection). Possibly consider using a shorter maxLifetime value.
[13:41:23:460] [WARN] - com.zaxxer.hikari.pool.PoolBase.isConnectionAlive(PoolBase.java:184) - data-pool- - Failed to validate connection org.mariadb.jdbc.Connection@1c5845e3 ((conn=804) Connection.setNetworkTimeout cannot be called on a closed connection). Possibly consider using a shorter maxLifetime value.
[13:42:23:469] [WARN] - com.zaxxer.hikari.pool.PoolBase.isConnectionAlive(PoolBase.java:184) - data-pool- - Failed to validate connection org.mariadb.jdbc.Connection@58ca7ee1 ((conn=806) Connection.setNetworkTimeout cannot be called on a closed connection). Possibly consider using a shorter maxLifetime value.
[13:43:33:459] [WARN] - com.zaxxer.hikari.pool.PoolBase.isConnectionAlive(PoolBase.java:184) - data-pool- - Failed to validate connection org.mariadb.jdbc.Connection@19dfb022 ((conn=808) Connection.setNetworkTimeout cannot be called on a closed connection). Possibly consider using a shorter maxLifetime value.
[13:43:33:459] [WARN] - com.zaxxer.hikari.pool.PoolBase.isConnectionAlive(PoolBase.java:184) - data-pool- - Failed to validate connection org.mariadb.jdbc.Connection@22eeebb6 ((conn=809) Connection.setNetworkTimeout cannot be called on a closed connection). Possibly consider using a shorter maxLifetime value.
[13:45:53:458] [WARN] - com.zaxxer.hikari.pool.PoolBase.isConnectionAlive(PoolBase.java:184) - data-pool- - Failed to validate connection org.mariadb.jdbc.Connection@1c4b5e5a ((conn=812) Connection.setNetworkTimeout cannot be called on a closed connection). Possibly consider using a shorter maxLifetime value.
[13:45:53:491] [WARN] - com.zaxxer.hikari.pool.PoolBase.isConnectionAlive(PoolBase.java:184) - data-pool- - Failed to validate connection org.mariadb.jdbc.Connection@227e8ecc ((conn=813) Connection.setNetworkTimeout cannot be called on a closed connection). Possibly consider using a shorter maxLifetime value.
[13:45:53:493] [WARN] - com.zaxxer.hikari.pool.PoolBase.isConnectionAlive(PoolBase.java:184) - data-pool- - Failed to validate connection org.mariadb.jdbc.Connection@59a248 ((conn=814) Connection.setNetworkTimeout cannot be called on a closed connection). Possibly consider using a shorter maxLifetime value.
[13:48:33:459] [WARN] - com.zaxxer.hikari.pool.PoolBase.isConnectionAlive(PoolBase.java:184) - data-pool- - Failed to validate connection org.mariadb.jdbc.Connection@1f0ae2c7 ((conn=816) Connection.setNetworkTimeout cannot be called on a closed connection). Possibly consider using a shorter maxLifetime value.
[13:48:33:462] [WARN] - com.zaxxer.hikari.pool.PoolBase.isConnectionAlive(PoolBase.java:184) - data-pool- - Failed to validate connection org.mariadb.jdbc.Connection@217fa688 ((conn=817) Connection.setNetworkTimeout cannot be called on a closed connection). Possibly consider using a shorter maxLifetime value.
[13:48:33:462] [WARN] - com.zaxxer.hikari.pool.PoolBase.isConnectionAlive(PoolBase.java:184) - data-pool- - Failed to validate connection org.mariadb.jdbc.Connection@720496a2 ((conn=818) Connection.setNetworkTimeout cannot be called on a closed connection). Possibly consider using a shorter maxLifetime value.
[13:48:33:464] [WARN] - com.zaxxer.hikari.pool.PoolBase.isConnectionAlive(PoolBase.java:184) - data-pool- - Failed to validate connection org.mariadb.jdbc.Connection@3ad04eff ((conn=819) Connection.setNetworkTimeout cannot be called on a closed connection). Possibly consider using a shorter maxLifetime value.
[13:51:23:467] [WARN] - com.zaxxer.hikari.pool.PoolBase.isConnectionAlive(PoolBase.java:184) - data-pool- - Failed to validate connection org.mariadb.jdbc.Connection@5afe538e ((conn=821) Connection.setNetworkTimeout cannot be called on a closed connection). Possibly consider using a shorter maxLifetime value.
[13:51:23:468] [WARN] - com.zaxxer.hikari.pool.PoolBase.isConnectionAlive(PoolBase.java:184) - data-pool- - Failed to validate connection org.mariadb.jdbc.Connection@56ef5c2b ((conn=822) Connection.setNetworkTimeout cannot be called on a closed connection). Possibly consider using a shorter maxLifetime value.
[13:51:23:469] [WARN] - com.zaxxer.hikari.pool.PoolBase.isConnectionAlive(PoolBase.java:184) - data-pool- - Failed to validate connection org.mariadb.jdbc.Connection@d74d513 ((conn=823) Connection.setNetworkTimeout cannot be called on a closed connection). Possibly consider using a shorter maxLifetime value.
[13:51:23:470] [WARN] - com.zaxxer.hikari.pool.PoolBase.isConnectionAlive(PoolBase.java:184) - data-pool- - Failed to validate connection org.mariadb.jdbc.Connection@45a32935 ((conn=824) Connection.setNetworkTimeout cannot be called on a closed connection). Possibly consider using a shorter maxLifetime value.
[14:01:13:460] [WARN] - com.zaxxer.hikari.pool.PoolBase.isConnectionAlive(PoolBase.java:184) - data-pool- - Failed to validate connection org.mariadb.jdbc.Connection@73e62c10 ((conn=840) Connection.setNetworkTimeout cannot be called on a closed connection). Possibly consider using a shorter maxLifetime value.
[14:03:23:465] [WARN] - com.zaxxer.hikari.pool.PoolBase.isConnectionAlive(PoolBase.java:184) - data-pool- - Failed to validate connection org.mariadb.jdbc.Connection@7826ddc5 ((conn=845) Connection.setNetworkTimeout cannot be called on a closed connection). Possibly consider using a shorter maxLifetime value.
[14:18:13:466] [WARN] - com.zaxxer.hikari.pool.PoolBase.isConnectionAlive(PoolBase.java:184) - data-pool- - Failed to validate connection org.mariadb.jdbc.Connection@1dc79cf2 ((conn=870) Connection.setNetworkTimeout cannot be called on a closed connection). Possibly consider using a shorter maxLifetime value.
[14:27:03:468] [WARN] - com.zaxxer.hikari.pool.PoolBase.isConnectionAlive(PoolBase.java:184) - data-pool- - Failed to validate connection org.mariadb.jdbc.Connection@3581d41e ((conn=885) Connection.setNetworkTimeout cannot be called on a closed connection). Possibly consider using a shorter maxLifetime value.
[14:32:53:463] [WARN] - com.zaxxer.hikari.pool.PoolBase.isConnectionAlive(PoolBase.java:184) - data-pool- - Failed to validate connection org.mariadb.jdbc.Connection@7b405a44 ((conn=894) Connection.setNetworkTimeout cannot be called on a closed connection). Possibly consider using a shorter maxLifetime value.
[14:32:53:465] [WARN] - com.zaxxer.hikari.pool.PoolBase.isConnectionAlive(PoolBase.java:184) - data-pool- - Failed to validate connection org.mariadb.jdbc.Connection@72fb2cc4 ((conn=895) Connection.setNetworkTimeout cannot be called on a closed connection). Possibly consider using a shorter maxLifetime value.
[14:32:53:465] [WARN] - com.zaxxer.hikari.pool.PoolBase.isConnectionAlive(PoolBase.java:184) - data-pool- - Failed to validate connection org.mariadb.jdbc.Connection@794d690c ((conn=896) Connection.setNetworkTimeout cannot be called on a closed connection). Possibly consider using a shorter maxLifetime value.
[14:47:43:462] [WARN] - com.zaxxer.hikari.pool.PoolBase.isConnectionAlive(PoolBase.java:184) - data-pool- - Failed to validate connection org.mariadb.jdbc.Connection@723d0823 ((conn=920) Connection.setNetworkTimeout cannot be called on a closed connection). Possibly consider using a shorter maxLifetime value.
[14:49:53:465] [WARN] - com.zaxxer.hikari.pool.PoolBase.isConnectionAlive(PoolBase.java:184) - data-pool- - Failed to validate connection org.mariadb.jdbc.Connection@4850a13e ((conn=923) Connection.setNetworkTimeout cannot be called on a closed connection). Possibly consider using a shorter maxLifetime value.
[14:49:53:466] [WARN] - com.zaxxer.hikari.pool.PoolBase.isConnectionAlive(PoolBase.java:184) - data-pool- - Failed to validate connection org.mariadb.jdbc.Connection@289184c3 ((conn=924) Connection.setNetworkTimeout cannot be called on a closed connection). Possibly consider using a shorter maxLifetime value.
[14:49:53:468] [WARN] - com.zaxxer.hikari.pool.PoolBase.isConnectionAlive(PoolBase.java:184) - data-pool- - Failed to validate connection org.mariadb.jdbc.Connection@4f9e6fd3 ((conn=925) Connection.setNetworkTimeout cannot be called on a closed connection). Possibly consider using a shorter maxLifetime value.
[14:49:53:469] [WARN] - com.zaxxer.hikari.pool.PoolBase.isConnectionAlive(PoolBase.java:184) - data-pool- - Failed to validate connection org.mariadb.jdbc.Connection@28a6e4f ((conn=926) Connection.setNetworkTimeout cannot be called on a closed connection). Possibly consider using a shorter maxLifetime value.
[14:53:13:457] [WARN] - com.zaxxer.hikari.pool.PoolBase.isConnectionAlive(PoolBase.java:184) - data-pool- - Failed to validate connection org.mariadb.jdbc.Connection@73deb36 ((conn=931) Connection.setNetworkTimeout cannot be called on a closed connection). Possibly consider using a shorter maxLifetime value.
[14:56:03:467] [WARN] - com.zaxxer.hikari.pool.PoolBase.isConnectionAlive(PoolBase.java:184) - data-pool- - Failed to validate connection org.mariadb.jdbc.Connection@6d69602c ((conn=936) Connection.setNetworkTimeout cannot be called on a closed connection). Possibly consider using a shorter maxLifetime value.
[15:04:53:466] [WARN] - com.zaxxer.hikari.pool.PoolBase.isConnectionAlive(PoolBase.java:184) - data-pool- - Failed to validate connection org.mariadb.jdbc.Connection@41831e49 ((conn=951) Connection.setNetworkTimeout cannot be called on a closed connection). Possibly consider using a shorter maxLifetime value.
[15:13:43:469] [WARN] - com.zaxxer.hikari.pool.PoolBase.isConnectionAlive(PoolBase.java:184) - data-pool- - Failed to validate connection org.mariadb.jdbc.Connection@44c79975 ((conn=966) Connection.setNetworkTimeout cannot be called on a closed connection). Possibly consider using a shorter maxLifetime value.
[15:19:13:463] [WARN] - com.zaxxer.hikari.pool.PoolBase.isConnectionAlive(PoolBase.java:184) - data-pool- - Failed to validate connection org.mariadb.jdbc.Connection@4e034a41 ((conn=973) Connection.setNetworkTimeout cannot be called on a closed connection). Possibly consider using a shorter maxLifetime value.
[15:19:13:466] [WARN] - com.zaxxer.hikari.pool.PoolBase.isConnectionAlive(PoolBase.java:184) - data-pool- - Failed to validate connection org.mariadb.jdbc.Connection@3b3d8f6c ((conn=974) Connection.setNetworkTimeout cannot be called on a closed connection). Possibly consider using a shorter maxLifetime value.
[15:19:33:459] [WARN] - com.zaxxer.hikari.pool.PoolBase.isConnectionAlive(PoolBase.java:184) - data-pool- - Failed to validate connection org.mariadb.jdbc.Connection@7f38bc86 ((conn=975) Connection.setNetworkTimeout cannot be called on a closed connection). Possibly consider using a shorter maxLifetime value.
[15:19:33:463] [WARN] - com.zaxxer.hikari.pool.PoolBase.isConnectionAlive(PoolBase.java:184) - data-pool- - Failed to validate connection org.mariadb.jdbc.Connection@7d759e90 ((conn=976) Connection.setNetworkTimeout cannot be called on a closed connection). Possibly consider using a shorter maxLifetime value.
[15:25:23:467] [WARN] - com.zaxxer.hikari.pool.PoolBase.isConnectionAlive(PoolBase.java:184) - data-pool- - Failed to validate connection org.mariadb.jdbc.Connection@46f5d978 ((conn=985) Connection.setNetworkTimeout cannot be called on a closed connection). Possibly consider using a shorter maxLifetime value.
[15:25:23:467] [WARN] - com.zaxxer.hikari.pool.PoolBase.isConnectionAlive(PoolBase.java:184) - data-pool- - Failed to validate connection org.mariadb.jdbc.Connection@7d9c7f25 ((conn=986) Connection.setNetworkTimeout cannot be called on a closed connection). Possibly consider using a shorter maxLifetime value.
[15:31:13:468] [WARN] - com.zaxxer.hikari.pool.PoolBase.isConnectionAlive(PoolBase.java:184) - data-pool- - Failed to validate connection org.mariadb.jdbc.Connection@2a1c0eb8 ((conn=994) Connection.setNetworkTimeout cannot be called on a closed connection). Possibly consider using a shorter maxLifetime value.
[15:31:13:469] [WARN] - com.zaxxer.hikari.pool.PoolBase.isConnectionAlive(PoolBase.java:184) - data-pool- - Failed to validate connection org.mariadb.jdbc.Connection@4b249a94 ((conn=995) Connection.setNetworkTimeout cannot be called on a closed connection). Possibly consider using a shorter maxLifetime value.
[15:31:13:470] [WARN] - com.zaxxer.hikari.pool.PoolBase.isConnectionAlive(PoolBase.java:184) - data-pool- - Failed to validate connection org.mariadb.jdbc.Connection@4f208d01 ((conn=996) Connection.setNetworkTimeout cannot be called on a closed connection). Possibly consider using a shorter maxLifetime value.
[15:37:03:463] [WARN] - com.zaxxer.hikari.pool.PoolBase.isConnectionAlive(PoolBase.java:184) - data-pool- - Failed to validate connection org.mariadb.jdbc.Connection@191b0ab1 ((conn=1004) Connection.setNetworkTimeout cannot be called on a closed connection). Possibly consider using a shorter maxLifetime value.
[15:37:03:465] [WARN] - com.zaxxer.hikari.pool.PoolBase.isConnectionAlive(PoolBase.java:184) - data-pool- - Failed to validate connection org.mariadb.jdbc.Connection@d258868 ((conn=1005) Connection.setNetworkTimeout cannot be called on a closed connection). Possibly consider using a shorter maxLifetime value.
[15:37:03:465] [WARN] - com.zaxxer.hikari.pool.PoolBase.isConnectionAlive(PoolBase.java:184) - data-pool- - Failed to validate connection org.mariadb.jdbc.Connection@5bfefd95 ((conn=1006) Connection.setNetworkTimeout cannot be called on a closed connection). Possibly consider using a shorter maxLifetime value.
[15:42:53:459] [WARN] - com.zaxxer.hikari.pool.PoolBase.isConnectionAlive(PoolBase.java:184) - data-pool- - Failed to validate connection org.mariadb.jdbc.Connection@6b8d9e92 ((conn=1013) Connection.setNetworkTimeout cannot be called on a closed connection). Possibly consider using a shorter maxLifetime value.
[15:42:53:460] [WARN] - com.zaxxer.hikari.pool.PoolBase.isConnectionAlive(PoolBase.java:184) - data-pool- - Failed to validate connection org.mariadb.jdbc.Connection@3e256037 ((conn=1014) Connection.setNetworkTimeout cannot be called on a closed connection). Possibly consider using a shorter maxLifetime value.
[15:42:53:462] [WARN] - com.zaxxer.hikari.pool.PoolBase.isConnectionAlive(PoolBase.java:184) - data-pool- - Failed to validate connection org.mariadb.jdbc.Connection@149cba46 ((conn=1015) Connection.setNetworkTimeout cannot be called on a closed connection). Possibly consider using a shorter maxLifetime value.
[15:42:53:463] [WARN] - com.zaxxer.hikari.pool.PoolBase.isConnectionAlive(PoolBase.java:184) - data-pool- - Failed to validate connection org.mariadb.jdbc.Connection@4709183c ((conn=1016) Connection.setNetworkTimeout cannot be called on a closed connection). Possibly consider using a shorter maxLifetime value.
[16:00:43:460] [WARN] - com.zaxxer.hikari.pool.PoolBase.isConnectionAlive(PoolBase.java:184) - data-pool- - Failed to validate connection org.mariadb.jdbc.Connection@3b81a782 ((conn=1045) Connection.setNetworkTimeout cannot be called on a closed connection). Possibly consider using a shorter maxLifetime value.
[16:00:43:460] [WARN] - com.zaxxer.hikari.pool.PoolBase.isConnectionAlive(PoolBase.java:184) - data-pool- - Failed to validate connection org.mariadb.jdbc.Connection@158408bd ((conn=1046) Connection.setNetworkTimeout cannot be called on a closed connection). Possibly consider using a shorter maxLifetime value.
[16:02:43:464] [WARN] - com.zaxxer.hikari.pool.PoolBase.isConnectionAlive(PoolBase.java:184) - data-pool- - Failed to validate connection org.mariadb.jdbc.Connection@72c85d77 ((conn=1048) Connection.setNetworkTimeout cannot be called on a closed connection). Possibly consider using a shorter maxLifetime value.
[16:02:43:466] [WARN] - com.zaxxer.hikari.pool.PoolBase.isConnectionAlive(PoolBase.java:184) - data-pool- - Failed to validate connection org.mariadb.jdbc.Connection@7a6b386e ((conn=1049) Connection.setNetworkTimeout cannot be called on a closed connection). Possibly consider using a shorter maxLifetime value.
[16:03:33:467] [WARN] - com.zaxxer.hikari.pool.PoolBase.isConnectionAlive(PoolBase.java:184) - data-pool- - Failed to validate connection org.mariadb.jdbc.Connection@6e26eb98 ((conn=1050) Connection.setNetworkTimeout cannot be called on a closed connection). Possibly consider using a shorter maxLifetime value.
[16:03:33:468] [WARN] - com.zaxxer.hikari.pool.PoolBase.isConnectionAlive(PoolBase.java:184) - data-pool- - Failed to validate connection org.mariadb.jdbc.Connection@a1c08de ((conn=1051) Connection.setNetworkTimeout cannot be called on a closed connection). Possibly consider using a shorter maxLifetime value.
[16:05:53:453] [WARN] - com.zaxxer.hikari.pool.PoolBase.isConnectionAlive(PoolBase.java:184) - data-pool- - Failed to validate connection org.mariadb.jdbc.Connection@195a71a1 ((conn=1054) Connection.setNetworkTimeout cannot be called on a closed connection). Possibly consider using a shorter maxLifetime value.
[16:05:53:454] [WARN] - com.zaxxer.hikari.pool.PoolBase.isConnectionAlive(PoolBase.java:184) - data-pool- - Failed to validate connection org.mariadb.jdbc.Connection@46261ab8 ((conn=1055) Connection.setNetworkTimeout cannot be called on a closed connection). Possibly consider using a shorter maxLifetime value.
[16:05:53:455] [WARN] - com.zaxxer.hikari.pool.PoolBase.isConnectionAlive(PoolBase.java:184) - data-pool- - Failed to validate connection org.mariadb.jdbc.Connection@359b8755 ((conn=1056) Connection.setNetworkTimeout cannot be called on a closed connection). Possibly consider using a shorter maxLifetime value.
[16:16:43:460] [WARN] - com.zaxxer.hikari.pool.PoolBase.isConnectionAlive(PoolBase.java:184) - data-pool- - Failed to validate connection org.mariadb.jdbc.Connection@3aa81d7e ((conn=1073) Connection.setNetworkTimeout cannot be called on a closed connection). Possibly consider using a shorter maxLifetime value.
[16:19:53:464] [WARN] - com.zaxxer.hikari.pool.PoolBase.isConnectionAlive(PoolBase.java:184) - data-pool- - Failed to validate connection org.mariadb.jdbc.Connection@1926367c ((conn=1078) Connection.setNetworkTimeout cannot be called on a closed connection). Possibly consider using a shorter maxLifetime value.
[16:19:53:464] [WARN] - com.zaxxer.hikari.pool.PoolBase.isConnectionAlive(PoolBase.java:184) - data-pool- - Failed to validate connection org.mariadb.jdbc.Connection@46c80e4c ((conn=1079) Connection.setNetworkTimeout cannot be called on a closed connection). Possibly consider using a shorter maxLifetime value.
[16:19:53:465] [WARN] - com.zaxxer.hikari.pool.PoolBase.isConnectionAlive(PoolBase.java:184) - data-pool- - Failed to validate connection org.mariadb.jdbc.Connection@671c7bfe ((conn=1080) Connection.setNetworkTimeout cannot be called on a closed connection). Possibly consider using a shorter maxLifetime value.
[16:19:53:466] [WARN] - com.zaxxer.hikari.pool.PoolBase.isConnectionAlive(PoolBase.java:184) - data-pool- - Failed to validate connection org.mariadb.jdbc.Connection@4f2134b7 ((conn=1081) Connection.setNetworkTimeout cannot be called on a closed connection). Possibly consider using a shorter maxLifetime value.
[16:40:03:458] [WARN] - com.zaxxer.hikari.pool.PoolBase.isConnectionAlive(PoolBase.java:184) - data-pool- - Failed to validate connection org.mariadb.jdbc.Connection@1fe58dd ((conn=1113) Connection.setNetworkTimeout cannot be called on a closed connection). Possibly consider using a shorter maxLifetime value.
[16:40:03:459] [WARN] - com.zaxxer.hikari.pool.PoolBase.isConnectionAlive(PoolBase.java:184) - data-pool- - Failed to validate connection org.mariadb.jdbc.Connection@50b47d67 ((conn=1114) Connection.setNetworkTimeout cannot be called on a closed connection). Possibly consider using a shorter maxLifetime value.
[16:40:03:461] [WARN] - com.zaxxer.hikari.pool.PoolBase.isConnectionAlive(PoolBase.java:184) - data-pool- - Failed to validate connection org.mariadb.jdbc.Connection@334b8785 ((conn=1115) Connection.setNetworkTimeout cannot be called on a closed connection). Possibly consider using a shorter maxLifetime value.
[16:40:03:463] [WARN] - com.zaxxer.hikari.pool.PoolBase.isConnectionAlive(PoolBase.java:184) - data-pool- - Failed to validate connection org.mariadb.jdbc.Connection@40001981 ((conn=1116) Connection.setNetworkTimeout cannot be called on a closed connection). Possibly consider using a shorter maxLifetime value.
[16:45:53:462] [WARN] - com.zaxxer.hikari.pool.PoolBase.isConnectionAlive(PoolBase.java:184) - data-pool- - Failed to validate connection org.mariadb.jdbc.Connection@1af347f9 ((conn=1123) Connection.setNetworkTimeout cannot be called on a closed connection). Possibly consider using a shorter maxLifetime value.
[16:48:53:465] [WARN] - com.zaxxer.hikari.pool.PoolBase.isConnectionAlive(PoolBase.java:184) - data-pool- - Failed to validate connection org.mariadb.jdbc.Connection@26577ca0 ((conn=1128) Connection.setNetworkTimeout cannot be called on a closed connection). Possibly consider using a shorter maxLifetime value.
[16:48:53:466] [WARN] - com.zaxxer.hikari.pool.PoolBase.isConnectionAlive(PoolBase.java:184) - data-pool- - Failed to validate connection org.mariadb.jdbc.Connection@16a8d8c0 ((conn=1129) Connection.setNetworkTimeout cannot be called on a closed connection). Possibly consider using a shorter maxLifetime value.
[16:48:53:466] [WARN] - com.zaxxer.hikari.pool.PoolBase.isConnectionAlive(PoolBase.java:184) - data-pool- - Failed to validate connection org.mariadb.jdbc.Connection@7cc12d87 ((conn=1130) Connection.setNetworkTimeout cannot be called on a closed connection). Possibly consider using a shorter maxLifetime value.
[16:48:53:467] [WARN] - com.zaxxer.hikari.pool.PoolBase.isConnectionAlive(PoolBase.java:184) - data-pool- - Failed to validate connection org.mariadb.jdbc.Connection@1d29994e ((conn=1131) Connection.setNetworkTimeout cannot be called on a closed connection). Possibly consider using a shorter maxLifetime value.
[16:57:33:466] [WARN] - com.zaxxer.hikari.pool.PoolBase.isConnectionAlive(PoolBase.java:184) - data-pool- - Failed to validate connection org.mariadb.jdbc.Connection@5d98f121 ((conn=1143) Connection.setNetworkTimeout cannot be called on a closed connection). Possibly consider using a shorter maxLifetime value.
[16:57:33:498] [WARN] - com.zaxxer.hikari.pool.PoolBase.isConnectionAlive(PoolBase.java:184) - data-pool- - Failed to validate connection org.mariadb.jdbc.Connection@49994a40 ((conn=1144) Connection.setNetworkTimeout cannot be called on a closed connection). Possibly consider using a shorter maxLifetime value.
[17:03:43:465] [WARN] - com.zaxxer.hikari.pool.PoolBase.isConnectionAlive(PoolBase.java:184) - data-pool- - Failed to validate connection org.mariadb.jdbc.Connection@5cd935f5 ((conn=1156) Connection.setNetworkTimeout cannot be called on a closed connection). Possibly consider using a shorter maxLifetime value.
[17:09:33:469] [WARN] - com.zaxxer.hikari.pool.PoolBase.isConnectionAlive(PoolBase.java:184) - data-pool- - Failed to validate connection org.mariadb.jdbc.Connection@11f01f03 ((conn=1164) Connection.setNetworkTimeout cannot be called on a closed connection). Possibly consider using a shorter maxLifetime value.
[17:09:33:470] [WARN] - com.zaxxer.hikari.pool.PoolBase.isConnectionAlive(PoolBase.java:184) - data-pool- - Failed to validate connection org.mariadb.jdbc.Connection@15bd93d0 ((conn=1166) Connection.setNetworkTimeout cannot be called on a closed connection). Possibly consider using a shorter maxLifetime value.
[17:24:23:453] [WARN] - com.zaxxer.hikari.pool.PoolBase.isConnectionAlive(PoolBase.java:184) - data-pool- - Failed to validate connection org.mariadb.jdbc.Connection@23d52e40 ((conn=1191) Connection.setNetworkTimeout cannot be called on a closed connection). Possibly consider using a shorter maxLifetime value.
[17:26:43:455] [WARN] - com.zaxxer.hikari.pool.PoolBase.isConnectionAlive(PoolBase.java:184) - data-pool- - Failed to validate connection org.mariadb.jdbc.Connection@865437 ((conn=1193) Connection.setNetworkTimeout cannot be called on a closed connection). Possibly consider using a shorter maxLifetime value.
[17:30:13:468] [WARN] - com.zaxxer.hikari.pool.PoolBase.isConnectionAlive(PoolBase.java:184) - data-pool- - Failed to validate connection org.mariadb.jdbc.Connection@145ec23f ((conn=1199) Connection.setNetworkTimeout cannot be called on a closed connection). Possibly consider using a shorter maxLifetime value.
[17:30:13:469] [WARN] - com.zaxxer.hikari.pool.PoolBase.isConnectionAlive(PoolBase.java:184) - data-pool- - Failed to validate connection org.mariadb.jdbc.Connection@589f700e ((conn=1200) Connection.setNetworkTimeout cannot be called on a closed connection). Possibly consider using a shorter maxLifetime value.
[17:30:13:469] [WARN] - com.zaxxer.hikari.pool.PoolBase.isConnectionAlive(PoolBase.java:184) - data-pool- - Failed to validate connection org.mariadb.jdbc.Connection@413a6dcf ((conn=1201) Connection.setNetworkTimeout cannot be called on a closed connection). Possibly consider using a shorter maxLifetime value.
[17:32:43:457] [WARN] - com.zaxxer.hikari.pool.PoolBase.isConnectionAlive(PoolBase.java:184) - data-pool- - Failed to validate connection org.mariadb.jdbc.Connection@1b2b6fda ((conn=1203) Connection.setNetworkTimeout cannot be called on a closed connection). Possibly consider using a shorter maxLifetime value.
[17:32:43:458] [WARN] - com.zaxxer.hikari.pool.PoolBase.isConnectionAlive(PoolBase.java:184) - data-pool- - Failed to validate connection org.mariadb.jdbc.Connection@6192c22c ((conn=1204) Connection.setNetworkTimeout cannot be called on a closed connection). Possibly consider using a shorter maxLifetime value.
[17:32:43:460] [WARN] - com.zaxxer.hikari.pool.PoolBase.isConnectionAlive(PoolBase.java:184) - data-pool- - Failed to validate connection org.mariadb.jdbc.Connection@3f5c61c0 ((conn=1205) Connection.setNetworkTimeout cannot be called on a closed connection). Possibly consider using a shorter maxLifetime value.
[17:32:43:460] [WARN] - com.zaxxer.hikari.pool.PoolBase.isConnectionAlive(PoolBase.java:184) - data-pool- - Failed to validate connection org.mariadb.jdbc.Connection@3571ff45 ((conn=1206) Connection.setNetworkTimeout cannot be called on a closed connection). Possibly consider using a shorter maxLifetime value.
[17:34:53:457] [WARN] - com.zaxxer.hikari.pool.PoolBase.isConnectionAlive(PoolBase.java:184) - data-pool- - Failed to validate connection org.mariadb.jdbc.Connection@30c77c4f ((conn=1208) Connection.setNetworkTimeout cannot be called on a closed connection). Possibly consider using a shorter maxLifetime value.
[17:34:53:458] [WARN] - com.zaxxer.hikari.pool.PoolBase.isConnectionAlive(PoolBase.java:184) - data-pool- - Failed to validate connection org.mariadb.jdbc.Connection@522eaa08 ((conn=1209) Connection.setNetworkTimeout cannot be called on a closed connection). Possibly consider using a shorter maxLifetime value.
[17:34:53:459] [WARN] - com.zaxxer.hikari.pool.PoolBase.isConnectionAlive(PoolBase.java:184) - data-pool- - Failed to validate connection org.mariadb.jdbc.Connection@489c839a ((conn=1210) Connection.setNetworkTimeout cannot be called on a closed connection). Possibly consider using a shorter maxLifetime value.
[17:34:53:460] [WARN] - com.zaxxer.hikari.pool.PoolBase.isConnectionAlive(PoolBase.java:184) - data-pool- - Failed to validate connection org.mariadb.jdbc.Connection@3e4a6f67 ((conn=1211) Connection.setNetworkTimeout cannot be called on a closed connection). Possibly consider using a shorter maxLifetime value.
[17:37:03:454] [WARN] - com.zaxxer.hikari.pool.PoolBase.isConnectionAlive(PoolBase.java:184) - data-pool- - Failed to validate connection org.mariadb.jdbc.Connection@1877a10c ((conn=1213) Connection.setNetworkTimeout cannot be called on a closed connection). Possibly consider using a shorter maxLifetime value.
[17:38:03:464] [WARN] - com.zaxxer.hikari.pool.PoolBase.isConnectionAlive(PoolBase.java:184) - data-pool- - Failed to validate connection org.mariadb.jdbc.Connection@233f5cb0 ((conn=1216) Connection.setNetworkTimeout cannot be called on a closed connection). Possibly consider using a shorter maxLifetime value.
[17:40:13:461] [WARN] - com.zaxxer.hikari.pool.PoolBase.isConnectionAlive(PoolBase.java:184) - data-pool- - Failed to validate connection org.mariadb.jdbc.Connection@2b64abcc ((conn=1218) Connection.setNetworkTimeout cannot be called on a closed connection). Possibly consider using a shorter maxLifetime value.
[17:40:13:462] [WARN] - com.zaxxer.hikari.pool.PoolBase.isConnectionAlive(PoolBase.java:184) - data-pool- - Failed to validate connection org.mariadb.jdbc.Connection@7fd2c5c ((conn=1219) Connection.setNetworkTimeout cannot be called on a closed connection). Possibly consider using a shorter maxLifetime value.
[17:40:13:463] [WARN] - com.zaxxer.hikari.pool.PoolBase.isConnectionAlive(PoolBase.java:184) - data-pool- - Failed to validate connection org.mariadb.jdbc.Connection@1d3f98aa ((conn=1220) Connection.setNetworkTimeout cannot be called on a closed connection). Possibly consider using a shorter maxLifetime value.
[17:40:13:464] [WARN] - com.zaxxer.hikari.pool.PoolBase.isConnectionAlive(PoolBase.java:184) - data-pool- - Failed to validate connection org.mariadb.jdbc.Connection@138b6a0a ((conn=1221) Connection.setNetworkTimeout cannot be called on a closed connection). Possibly consider using a shorter maxLifetime value.
[17:43:03:457] [WARN] - com.zaxxer.hikari.pool.PoolBase.isConnectionAlive(PoolBase.java:184) - data-pool- - Failed to validate connection org.mariadb.jdbc.Connection@55fc3f0e ((conn=1223) Connection.setNetworkTimeout cannot be called on a closed connection). Possibly consider using a shorter maxLifetime value.
[17:43:03:457] [WARN] - com.zaxxer.hikari.pool.PoolBase.isConnectionAlive(PoolBase.java:184) - data-pool- - Failed to validate connection org.mariadb.jdbc.Connection@48f81264 ((conn=1224) Connection.setNetworkTimeout cannot be called on a closed connection). Possibly consider using a shorter maxLifetime value.
[17:43:03:459] [WARN] - com.zaxxer.hikari.pool.PoolBase.isConnectionAlive(PoolBase.java:184) - data-pool- - Failed to validate connection org.mariadb.jdbc.Connection@438c46be ((conn=1225) Connection.setNetworkTimeout cannot be called on a closed connection). Possibly consider using a shorter maxLifetime value.
[17:43:03:459] [WARN] - com.zaxxer.hikari.pool.PoolBase.isConnectionAlive(PoolBase.java:184) - data-pool- - Failed to validate connection org.mariadb.jdbc.Connection@7fc6bbc7 ((conn=1226) Connection.setNetworkTimeout cannot be called on a closed connection). Possibly consider using a shorter maxLifetime value.
[17:45:23:457] [WARN] - com.zaxxer.hikari.pool.PoolBase.isConnectionAlive(PoolBase.java:184) - data-pool- - Failed to validate connection org.mariadb.jdbc.Connection@7564138e ((conn=1229) Connection.setNetworkTimeout cannot be called on a closed connection). Possibly consider using a shorter maxLifetime value.
[17:51:33:462] [WARN] - com.zaxxer.hikari.pool.PoolBase.isConnectionAlive(PoolBase.java:184) - data-pool- - Failed to validate connection org.mariadb.jdbc.Connection@1655455 ((conn=1239) Connection.setNetworkTimeout cannot be called on a closed connection). Possibly consider using a shorter maxLifetime value.
[17:51:33:492] [WARN] - com.zaxxer.hikari.pool.PoolBase.isConnectionAlive(PoolBase.java:184) - data-pool- - Failed to validate connection org.mariadb.jdbc.Connection@7f515b42 ((conn=1240) Connection.setNetworkTimeout cannot be called on a closed connection). Possibly consider using a shorter maxLifetime value.
[17:51:33:492] [WARN] - com.zaxxer.hikari.pool.PoolBase.isConnectionAlive(PoolBase.java:184) - data-pool- - Failed to validate connection org.mariadb.jdbc.Connection@68b646b ((conn=1241) Connection.setNetworkTimeout cannot be called on a closed connection). Possibly consider using a shorter maxLifetime value.
[17:54:43:455] [WARN] - com.zaxxer.hikari.pool.PoolBase.isConnectionAlive(PoolBase.java:184) - data-pool- - Failed to validate connection org.mariadb.jdbc.Connection@63d488f6 ((conn=1246) Connection.setNetworkTimeout cannot be called on a closed connection). Possibly consider using a shorter maxLifetime value.
[18:00:33:461] [WARN] - com.zaxxer.hikari.pool.PoolBase.isConnectionAlive(PoolBase.java:184) - data-pool- - Failed to validate connection org.mariadb.jdbc.Connection@64105ad4 ((conn=1256) Connection.setNetworkTimeout cannot be called on a closed connection). Possibly consider using a shorter maxLifetime value.
[18:06:23:463] [WARN] - com.zaxxer.hikari.pool.PoolBase.isConnectionAlive(PoolBase.java:184) - data-pool- - Failed to validate connection org.mariadb.jdbc.Connection@f5d3fa7 ((conn=1264) Connection.setNetworkTimeout cannot be called on a closed connection). Possibly consider using a shorter maxLifetime value.
[18:06:23:465] [WARN] - com.zaxxer.hikari.pool.PoolBase.isConnectionAlive(PoolBase.java:184) - data-pool- - Failed to validate connection org.mariadb.jdbc.Connection@589e72e8 ((conn=1266) Connection.setNetworkTimeout cannot be called on a closed connection). Possibly consider using a shorter maxLifetime value.
[18:06:23:465] [WARN] - com.zaxxer.hikari.pool.PoolBase.isConnectionAlive(PoolBase.java:184) - data-pool- - Failed to validate connection org.mariadb.jdbc.Connection@3558903f ((conn=1267) Connection.setNetworkTimeout cannot be called on a closed connection). Possibly consider using a shorter maxLifetime value.
[18:14:33:464] [WARN] - com.zaxxer.hikari.pool.PoolBase.isConnectionAlive(PoolBase.java:184) - data-pool- - Failed to validate connection org.mariadb.jdbc.Connection@65ae8d0 ((conn=1279) Connection.setNetworkTimeout cannot be called on a closed connection). Possibly consider using a shorter maxLifetime value.
[18:14:33:465] [WARN] - com.zaxxer.hikari.pool.PoolBase.isConnectionAlive(PoolBase.java:184) - data-pool- - Failed to validate connection org.mariadb.jdbc.Connection@5b459112 ((conn=1280) Connection.setNetworkTimeout cannot be called on a closed connection). Possibly consider using a shorter maxLifetime value.
[18:14:33:466] [WARN] - com.zaxxer.hikari.pool.PoolBase.isConnectionAlive(PoolBase.java:184) - data-pool- - Failed to validate connection org.mariadb.jdbc.Connection@235026dd ((conn=1281) Connection.setNetworkTimeout cannot be called on a closed connection). Possibly consider using a shorter maxLifetime value.
[18:18:03:460] [WARN] - com.zaxxer.hikari.pool.PoolBase.isConnectionAlive(PoolBase.java:184) - data-pool- - Failed to validate connection org.mariadb.jdbc.Connection@11076d39 ((conn=1287) Connection.setNetworkTimeout cannot be called on a closed connection). Possibly consider using a shorter maxLifetime value.
[18:18:03:461] [WARN] - com.zaxxer.hikari.pool.PoolBase.isConnectionAlive(PoolBase.java:184) - data-pool- - Failed to validate connection org.mariadb.jdbc.Connection@fc70a84 ((conn=1286) Connection.setNetworkTimeout cannot be called on a closed connection). Possibly consider using a shorter maxLifetime value.
[18:20:43:461] [WARN] - com.zaxxer.hikari.pool.PoolBase.isConnectionAlive(PoolBase.java:184) - data-pool- - Failed to validate connection org.mariadb.jdbc.Connection@4874a408 ((conn=1291) Connection.setNetworkTimeout cannot be called on a closed connection). Possibly consider using a shorter maxLifetime value.
[18:20:43:463] [WARN] - com.zaxxer.hikari.pool.PoolBase.isConnectionAlive(PoolBase.java:184) - data-pool- - Failed to validate connection org.mariadb.jdbc.Connection@7447ef3f ((conn=1292) Connection.setNetworkTimeout cannot be called on a closed connection). Possibly consider using a shorter maxLifetime value.
[18:22:43:462] [WARN] - com.zaxxer.hikari.pool.PoolBase.isConnectionAlive(PoolBase.java:184) - data-pool- - Failed to validate connection org.mariadb.jdbc.Connection@64d98f03 ((conn=1294) Connection.setNetworkTimeout cannot be called on a closed connection). Possibly consider using a shorter maxLifetime value.
[18:22:43:465] [WARN] - com.zaxxer.hikari.pool.PoolBase.isConnectionAlive(PoolBase.java:184) - data-pool- - Failed to validate connection org.mariadb.jdbc.Connection@78ed537e ((conn=1295) Connection.setNetworkTimeout cannot be called on a closed connection). Possibly consider using a shorter maxLifetime value.
[18:25:43:468] [WARN] - com.zaxxer.hikari.pool.PoolBase.isConnectionAlive(PoolBase.java:184) - data-pool- - Failed to validate connection org.mariadb.jdbc.Connection@e452a3b ((conn=1300) Connection.setNetworkTimeout cannot be called on a closed connection). Possibly consider using a shorter maxLifetime value.
[18:25:43:468] [WARN] - com.zaxxer.hikari.pool.PoolBase.isConnectionAlive(PoolBase.java:184) - data-pool- - Failed to validate connection org.mariadb.jdbc.Connection@5252869d ((conn=1301) Connection.setNetworkTimeout cannot be called on a closed connection). Possibly consider using a shorter maxLifetime value.
[18:25:43:468] [WARN] - com.zaxxer.hikari.pool.PoolBase.isConnectionAlive(PoolBase.java:184) - data-pool- - Failed to validate connection org.mariadb.jdbc.Connection@435bbf3 ((conn=1302) Connection.setNetworkTimeout cannot be called on a closed connection). Possibly consider using a shorter maxLifetime value.
[18:31:03:459] [WARN] - com.zaxxer.hikari.pool.PoolBase.isConnectionAlive(PoolBase.java:184) - data-pool- - Failed to validate connection org.mariadb.jdbc.Connection@74f70a53 ((conn=1309) Connection.setNetworkTimeout cannot be called on a closed connection). Possibly consider using a shorter maxLifetime value.
[18:31:03:461] [WARN] - com.zaxxer.hikari.pool.PoolBase.isConnectionAlive(PoolBase.java:184) - data-pool- - Failed to validate connection org.mariadb.jdbc.Connection@9218c6 ((conn=1310) Connection.setNetworkTimeout cannot be called on a closed connection). Possibly consider using a shorter maxLifetime value.
[18:34:13:461] [WARN] - com.zaxxer.hikari.pool.PoolBase.isConnectionAlive(PoolBase.java:184) - data-pool- - Failed to validate connection org.mariadb.jdbc.Connection@6e2cb56 ((conn=1315) Connection.setNetworkTimeout cannot be called on a closed connection). Possibly consider using a shorter maxLifetime value.
[18:34:13:462] [WARN] - com.zaxxer.hikari.pool.PoolBase.isConnectionAlive(PoolBase.java:184) - data-pool- - Failed to validate connection org.mariadb.jdbc.Connection@753f703d ((conn=1316) Connection.setNetworkTimeout cannot be called on a closed connection). Possibly consider using a shorter maxLifetime value.
[18:34:13:463] [WARN] - com.zaxxer.hikari.pool.PoolBase.isConnectionAlive(PoolBase.java:184) - data-pool- - Failed to validate connection org.mariadb.jdbc.Connection@131f52b4 ((conn=1317) Connection.setNetworkTimeout cannot be called on a closed connection). Possibly consider using a shorter maxLifetime value.
[18:39:33:460] [WARN] - com.zaxxer.hikari.pool.PoolBase.isConnectionAlive(PoolBase.java:184) - data-pool- - Failed to validate connection org.mariadb.jdbc.Connection@4ee01dd2 ((conn=1324) Connection.setNetworkTimeout cannot be called on a closed connection). Possibly consider using a shorter maxLifetime value.
[18:42:33:467] [WARN] - com.zaxxer.hikari.pool.PoolBase.isConnectionAlive(PoolBase.java:184) - data-pool- - Failed to validate connection org.mariadb.jdbc.Connection@68e460d7 ((conn=1330) Connection.setNetworkTimeout cannot be called on a closed connection). Possibly consider using a shorter maxLifetime value.
[18:42:33:467] [WARN] - com.zaxxer.hikari.pool.PoolBase.isConnectionAlive(PoolBase.java:184) - data-pool- - Failed to validate connection org.mariadb.jdbc.Connection@66cf2eaf ((conn=1331) Connection.setNetworkTimeout cannot be called on a closed connection). Possibly consider using a shorter maxLifetime value.
[18:42:33:468] [WARN] - com.zaxxer.hikari.pool.PoolBase.isConnectionAlive(PoolBase.java:184) - data-pool- - Failed to validate connection org.mariadb.jdbc.Connection@483072ed ((conn=1332) Connection.setNetworkTimeout cannot be called on a closed connection). Possibly consider using a shorter maxLifetime value.
[18:45:43:458] [WARN] - com.zaxxer.hikari.pool.PoolBase.isConnectionAlive(PoolBase.java:184) - data-pool- - Failed to validate connection org.mariadb.jdbc.Connection@3b793fa ((conn=1337) Connection.setNetworkTimeout cannot be called on a closed connection). Possibly consider using a shorter maxLifetime value.
[19:00:13:466] [WARN] - com.zaxxer.hikari.pool.PoolBase.isConnectionAlive(PoolBase.java:184) - data-pool- - Failed to validate connection org.mariadb.jdbc.Connection@5522c9c8 ((conn=1359) Connection.setNetworkTimeout cannot be called on a closed connection). Possibly consider using a shorter maxLifetime value.
[19:02:23:463] [WARN] - com.zaxxer.hikari.pool.PoolBase.isConnectionAlive(PoolBase.java:184) - data-pool- - Failed to validate connection org.mariadb.jdbc.Connection@73068fb3 ((conn=1364) Connection.setNetworkTimeout cannot be called on a closed connection). Possibly consider using a shorter maxLifetime value.
[19:02:23:464] [WARN] - com.zaxxer.hikari.pool.PoolBase.isConnectionAlive(PoolBase.java:184) - data-pool- - Failed to validate connection org.mariadb.jdbc.Connection@1f95737c ((conn=1365) Connection.setNetworkTimeout cannot be called on a closed connection). Possibly consider using a shorter maxLifetime value.
[19:05:43:468] [WARN] - com.zaxxer.hikari.pool.PoolBase.isConnectionAlive(PoolBase.java:184) - data-pool- - Failed to validate connection org.mariadb.jdbc.Connection@3c083e88 ((conn=1370) Connection.setNetworkTimeout cannot be called on a closed connection). Possibly consider using a shorter maxLifetime value.
[19:05:43:471] [WARN] - com.zaxxer.hikari.pool.PoolBase.isConnectionAlive(PoolBase.java:184) - data-pool- - Failed to validate connection org.mariadb.jdbc.Connection@1f83832d ((conn=1371) Connection.setNetworkTimeout cannot be called on a closed connection). Possibly consider using a shorter maxLifetime value.
[19:05:43:471] [WARN] - com.zaxxer.hikari.pool.PoolBase.isConnectionAlive(PoolBase.java:184) - data-pool- - Failed to validate connection org.mariadb.jdbc.Connection@a607bb5 ((conn=1372) Connection.setNetworkTimeout cannot be called on a closed connection). Possibly consider using a shorter maxLifetime value.
[19:08:33:463] [WARN] - com.zaxxer.hikari.pool.PoolBase.isConnectionAlive(PoolBase.java:184) - data-pool- - Failed to validate connection org.mariadb.jdbc.Connection@130b8cb0 ((conn=1375) Connection.setNetworkTimeout cannot be called on a closed connection). Possibly consider using a shorter maxLifetime value.
[19:08:33:465] [WARN] - com.zaxxer.hikari.pool.PoolBase.isConnectionAlive(PoolBase.java:184) - data-pool- - Failed to validate connection org.mariadb.jdbc.Connection@1b8fb23 ((conn=1376) Connection.setNetworkTimeout cannot be called on a closed connection). Possibly consider using a shorter maxLifetime value.
[19:08:33:465] [WARN] - com.zaxxer.hikari.pool.PoolBase.isConnectionAlive(PoolBase.java:184) - data-pool- - Failed to validate connection org.mariadb.jdbc.Connection@20b09cc1 ((conn=1377) Connection.setNetworkTimeout cannot be called on a closed connection). Possibly consider using a shorter maxLifetime value.
[19:10:33:465] [WARN] - com.zaxxer.hikari.pool.PoolBase.isConnectionAlive(PoolBase.java:184) - data-pool- - Failed to validate connection org.mariadb.jdbc.Connection@4461b8d9 ((conn=1379) Connection.setNetworkTimeout cannot be called on a closed connection). Possibly consider using a shorter maxLifetime value.
[19:14:03:462] [WARN] - com.zaxxer.hikari.pool.PoolBase.isConnectionAlive(PoolBase.java:184) - data-pool- - Failed to validate connection org.mariadb.jdbc.Connection@6f11fa6b ((conn=1384) Connection.setNetworkTimeout cannot be called on a closed connection). Possibly consider using a shorter maxLifetime value.
[19:14:03:463] [WARN] - com.zaxxer.hikari.pool.PoolBase.isConnectionAlive(PoolBase.java:184) - data-pool- - Failed to validate connection org.mariadb.jdbc.Connection@cb0a164 ((conn=1385) Connection.setNetworkTimeout cannot be called on a closed connection). Possibly consider using a shorter maxLifetime value.
[19:14:03:464] [WARN] - com.zaxxer.hikari.pool.PoolBase.isConnectionAlive(PoolBase.java:184) - data-pool- - Failed to validate connection org.mariadb.jdbc.Connection@284262a7 ((conn=1386) Connection.setNetworkTimeout cannot be called on a closed connection). Possibly consider using a shorter maxLifetime value.
[19:14:03:466] [WARN] - com.zaxxer.hikari.pool.PoolBase.isConnectionAlive(PoolBase.java:184) - data-pool- - Failed to validate connection org.mariadb.jdbc.Connection@48e01766 ((conn=1387) Connection.setNetworkTimeout cannot be called on a closed connection). Possibly consider using a shorter maxLifetime value.
[19:16:33:468] [WARN] - com.zaxxer.hikari.pool.PoolBase.isConnectionAlive(PoolBase.java:184) - data-pool- - Failed to validate connection org.mariadb.jdbc.Connection@12896102 ((conn=1389) Connection.setNetworkTimeout cannot be called on a closed connection). Possibly consider using a shorter maxLifetime value.
[19:16:33:498] [WARN] - com.zaxxer.hikari.pool.PoolBase.isConnectionAlive(PoolBase.java:184) - data-pool- - Failed to validate connection org.mariadb.jdbc.Connection@1fb828d1 ((conn=1390) Connection.setNetworkTimeout cannot be called on a closed connection). Possibly consider using a shorter maxLifetime value.
[19:16:33:503] [WARN] - com.zaxxer.hikari.pool.PoolBase.isConnectionAlive(PoolBase.java:184) - data-pool- - Failed to validate connection org.mariadb.jdbc.Connection@6dd45bad ((conn=1391) Connection.setNetworkTimeout cannot be called on a closed connection). Possibly consider using a shorter maxLifetime value.
[19:16:33:505] [WARN] - com.zaxxer.hikari.pool.PoolBase.isConnectionAlive(PoolBase.java:184) - data-pool- - Failed to validate connection org.mariadb.jdbc.Connection@348ca664 ((conn=1392) Connection.setNetworkTimeout cannot be called on a closed connection). Possibly consider using a shorter maxLifetime value.
[19:18:53:466] [WARN] - com.zaxxer.hikari.pool.PoolBase.isConnectionAlive(PoolBase.java:184) - data-pool- - Failed to validate connection org.mariadb.jdbc.Connection@5541480b ((conn=1394) Connection.setNetworkTimeout cannot be called on a closed connection). Possibly consider using a shorter maxLifetime value.
[19:18:53:467] [WARN] - com.zaxxer.hikari.pool.PoolBase.isConnectionAlive(PoolBase.java:184) - data-pool- - Failed to validate connection org.mariadb.jdbc.Connection@749e16ec ((conn=1395) Connection.setNetworkTimeout cannot be called on a closed connection). Possibly consider using a shorter maxLifetime value.
[19:21:03:466] [WARN] - com.zaxxer.hikari.pool.PoolBase.isConnectionAlive(PoolBase.java:184) - data-pool- - Failed to validate connection org.mariadb.jdbc.Connection@79778fe2 ((conn=1399) Connection.setNetworkTimeout cannot be called on a closed connection). Possibly consider using a shorter maxLifetime value.
[19:22:03:469] [WARN] - com.zaxxer.hikari.pool.PoolBase.isConnectionAlive(PoolBase.java:184) - data-pool- - Failed to validate connection org.mariadb.jdbc.Connection@106d675a ((conn=1400) Connection.setNetworkTimeout cannot be called on a closed connection). Possibly consider using a shorter maxLifetime value.
[19:22:03:470] [WARN] - com.zaxxer.hikari.pool.PoolBase.isConnectionAlive(PoolBase.java:184) - data-pool- - Failed to validate connection org.mariadb.jdbc.Connection@126f0479 ((conn=1401) Connection.setNetworkTimeout cannot be called on a closed connection). Possibly consider using a shorter maxLifetime value.
[19:22:03:470] [WARN] - com.zaxxer.hikari.pool.PoolBase.isConnectionAlive(PoolBase.java:184) - data-pool- - Failed to validate connection org.mariadb.jdbc.Connection@59bec634 ((conn=1402) Connection.setNetworkTimeout cannot be called on a closed connection). Possibly consider using a shorter maxLifetime value.
[19:24:13:467] [WARN] - com.zaxxer.hikari.pool.PoolBase.isConnectionAlive(PoolBase.java:184) - data-pool- - Failed to validate connection org.mariadb.jdbc.Connection@43433ef5 ((conn=1404) Connection.setNetworkTimeout cannot be called on a closed connection). Possibly consider using a shorter maxLifetime value.
[19:24:13:470] [WARN] - com.zaxxer.hikari.pool.PoolBase.isConnectionAlive(PoolBase.java:184) - data-pool- - Failed to validate connection org.mariadb.jdbc.Connection@7f99e4f0 ((conn=1405) Connection.setNetworkTimeout cannot be called on a closed connection). Possibly consider using a shorter maxLifetime value.
[19:24:13:471] [WARN] - com.zaxxer.hikari.pool.PoolBase.isConnectionAlive(PoolBase.java:184) - data-pool- - Failed to validate connection org.mariadb.jdbc.Connection@404f558a ((conn=1406) Connection.setNetworkTimeout cannot be called on a closed connection). Possibly consider using a shorter maxLifetime value.
[19:24:13:472] [WARN] - com.zaxxer.hikari.pool.PoolBase.isConnectionAlive(PoolBase.java:184) - data-pool- - Failed to validate connection org.mariadb.jdbc.Connection@1a216fe0 ((conn=1407) Connection.setNetworkTimeout cannot be called on a closed connection). Possibly consider using a shorter maxLifetime value.
[19:29:13:456] [WARN] - com.zaxxer.hikari.pool.PoolBase.isConnectionAlive(PoolBase.java:184) - data-pool- - Failed to validate connection org.mariadb.jdbc.Connection@44db731e ((conn=1414) Connection.setNetworkTimeout cannot be called on a closed connection). Possibly consider using a shorter maxLifetime value.
[19:29:13:458] [WARN] - com.zaxxer.hikari.pool.PoolBase.isConnectionAlive(PoolBase.java:184) - data-pool- - Failed to validate connection org.mariadb.jdbc.Connection@43ae730a ((conn=1415) Connection.setNetworkTimeout cannot be called on a closed connection). Possibly consider using a shorter maxLifetime value.
[19:32:43:458] [WARN] - com.zaxxer.hikari.pool.PoolBase.isConnectionAlive(PoolBase.java:184) - data-pool- - Failed to validate connection org.mariadb.jdbc.Connection@3174315f ((conn=1420) Connection.setNetworkTimeout cannot be called on a closed connection). Possibly consider using a shorter maxLifetime value.
[19:32:43:490] [WARN] - com.zaxxer.hikari.pool.PoolBase.isConnectionAlive(PoolBase.java:184) - data-pool- - Failed to validate connection org.mariadb.jdbc.Connection@45d5ba13 ((conn=1421) Connection.setNetworkTimeout cannot be called on a closed connection). Possibly consider using a shorter maxLifetime value.
[19:32:43:491] [WARN] - com.zaxxer.hikari.pool.PoolBase.isConnectionAlive(PoolBase.java:184) - data-pool- - Failed to validate connection org.mariadb.jdbc.Connection@5b2e90db ((conn=1422) Connection.setNetworkTimeout cannot be called on a closed connection). Possibly consider using a shorter maxLifetime value.
[19:35:13:466] [WARN] - com.zaxxer.hikari.pool.PoolBase.isConnectionAlive(PoolBase.java:184) - data-pool- - Failed to validate connection org.mariadb.jdbc.Connection@359134f8 ((conn=1425) Connection.setNetworkTimeout cannot be called on a closed connection). Possibly consider using a shorter maxLifetime value.
[19:35:13:467] [WARN] - com.zaxxer.hikari.pool.PoolBase.isConnectionAlive(PoolBase.java:184) - data-pool- - Failed to validate connection org.mariadb.jdbc.Connection@54b30045 ((conn=1426) Connection.setNetworkTimeout cannot be called on a closed connection). Possibly consider using a shorter maxLifetime value.
[19:35:13:468] [WARN] - com.zaxxer.hikari.pool.PoolBase.isConnectionAlive(PoolBase.java:184) - data-pool- - Failed to validate connection org.mariadb.jdbc.Connection@46fa4248 ((conn=1427) Connection.setNetworkTimeout cannot be called on a closed connection). Possibly consider using a shorter maxLifetime value.
[19:37:33:458] [WARN] - com.zaxxer.hikari.pool.PoolBase.isConnectionAlive(PoolBase.java:184) - data-pool- - Failed to validate connection org.mariadb.jdbc.Connection@5f81236d ((conn=1429) Connection.setNetworkTimeout cannot be called on a closed connection). Possibly consider using a shorter maxLifetime value.
[19:43:43:467] [WARN] - com.zaxxer.hikari.pool.PoolBase.isConnectionAlive(PoolBase.java:184) - data-pool- - Failed to validate connection org.mariadb.jdbc.Connection@37accdee ((conn=1439) Connection.setNetworkTimeout cannot be called on a closed connection). Possibly consider using a shorter maxLifetime value.
[19:43:43:469] [WARN] - com.zaxxer.hikari.pool.PoolBase.isConnectionAlive(PoolBase.java:184) - data-pool- - Failed to validate connection org.mariadb.jdbc.Connection@43f254f ((conn=1440) Connection.setNetworkTimeout cannot be called on a closed connection). Possibly consider using a shorter maxLifetime value.
[19:43:43:469] [WARN] - com.zaxxer.hikari.pool.PoolBase.isConnectionAlive(PoolBase.java:184) - data-pool- - Failed to validate connection org.mariadb.jdbc.Connection@4b40ac28 ((conn=1441) Connection.setNetworkTimeout cannot be called on a closed connection). Possibly consider using a shorter maxLifetime value.
[19:43:43:470] [WARN] - com.zaxxer.hikari.pool.PoolBase.isConnectionAlive(PoolBase.java:184) - data-pool- - Failed to validate connection org.mariadb.jdbc.Connection@c4625c9 ((conn=1442) Connection.setNetworkTimeout cannot be called on a closed connection). Possibly consider using a shorter maxLifetime value.
[19:45:53:462] [WARN] - com.zaxxer.hikari.pool.PoolBase.isConnectionAlive(PoolBase.java:184) - data-pool- - Failed to validate connection org.mariadb.jdbc.Connection@3c8c3623 ((conn=1444) Connection.setNetworkTimeout cannot be called on a closed connection). Possibly consider using a shorter maxLifetime value.
[19:45:53:476] [WARN] - com.zaxxer.hikari.pool.PoolBase.isConnectionAlive(PoolBase.java:184) - data-pool- - Failed to validate connection org.mariadb.jdbc.Connection@19e28d7a ((conn=1445) Connection.setNetworkTimeout cannot be called on a closed connection). Possibly consider using a shorter maxLifetime value.
[19:45:53:478] [WARN] - com.zaxxer.hikari.pool.PoolBase.isConnectionAlive(PoolBase.java:184) - data-pool- - Failed to validate connection org.mariadb.jdbc.Connection@5cef0b83 ((conn=1446) Connection.setNetworkTimeout cannot be called on a closed connection). Possibly consider using a shorter maxLifetime value.
[19:49:03:465] [WARN] - com.zaxxer.hikari.pool.PoolBase.isConnectionAlive(PoolBase.java:184) - data-pool- - Failed to validate connection org.mariadb.jdbc.Connection@4dd07bd6 ((conn=1451) Connection.setNetworkTimeout cannot be called on a closed connection). Possibly consider using a shorter maxLifetime value.
[19:49:03:467] [WARN] - com.zaxxer.hikari.pool.PoolBase.isConnectionAlive(PoolBase.java:184) - data-pool- - Failed to validate connection org.mariadb.jdbc.Connection@1279e742 ((conn=1452) Connection.setNetworkTimeout cannot be called on a closed connection). Possibly consider using a shorter maxLifetime value.
[19:54:53:459] [WARN] - com.zaxxer.hikari.pool.PoolBase.isConnectionAlive(PoolBase.java:184) - data-pool- - Failed to validate connection org.mariadb.jdbc.Connection@5d545a12 ((conn=1462) Connection.setNetworkTimeout cannot be called on a closed connection). Possibly consider using a shorter maxLifetime value.
[19:54:53:459] [WARN] - com.zaxxer.hikari.pool.PoolBase.isConnectionAlive(PoolBase.java:184) - data-pool- - Failed to validate connection org.mariadb.jdbc.Connection@1589615f ((conn=1461) Connection.setNetworkTimeout cannot be called on a closed connection). Possibly consider using a shorter maxLifetime value.
[20:00:43:461] [WARN] - com.zaxxer.hikari.pool.PoolBase.isConnectionAlive(PoolBase.java:184) - data-pool- - Failed to validate connection org.mariadb.jdbc.Connection@98a02e ((conn=1470) Connection.setNetworkTimeout cannot be called on a closed connection). Possibly consider using a shorter maxLifetime value.
[20:00:43:463] [WARN] - com.zaxxer.hikari.pool.PoolBase.isConnectionAlive(PoolBase.java:184) - data-pool- - Failed to validate connection org.mariadb.jdbc.Connection@d5ddd7a ((conn=1471) Connection.setNetworkTimeout cannot be called on a closed connection). Possibly consider using a shorter maxLifetime value.
[20:00:43:463] [WARN] - com.zaxxer.hikari.pool.PoolBase.isConnectionAlive(PoolBase.java:184) - data-pool- - Failed to validate connection org.mariadb.jdbc.Connection@55df915d ((conn=1472) Connection.setNetworkTimeout cannot be called on a closed connection). Possibly consider using a shorter maxLifetime value.
[20:06:33:464] [WARN] - com.zaxxer.hikari.pool.PoolBase.isConnectionAlive(PoolBase.java:184) - data-pool- - Failed to validate connection org.mariadb.jdbc.Connection@a99ecce ((conn=1479) Connection.setNetworkTimeout cannot be called on a closed connection). Possibly consider using a shorter maxLifetime value.
[20:08:53:495] [WARN] - com.zaxxer.hikari.pool.PoolBase.isConnectionAlive(PoolBase.java:184) - data-pool- - Failed to validate connection org.mariadb.jdbc.Connection@58e9c9f3 ((conn=1485) Connection.setNetworkTimeout cannot be called on a closed connection). Possibly consider using a shorter maxLifetime value.
[20:15:23:467] [WARN] - com.zaxxer.hikari.pool.PoolBase.isConnectionAlive(PoolBase.java:184) - data-pool- - Failed to validate connection org.mariadb.jdbc.Connection@454ea36e ((conn=1494) Connection.setNetworkTimeout cannot be called on a closed connection). Possibly consider using a shorter maxLifetime value.
[20:15:23:469] [WARN] - com.zaxxer.hikari.pool.PoolBase.isConnectionAlive(PoolBase.java:184) - data-pool- - Failed to validate connection org.mariadb.jdbc.Connection@723b2ec4 ((conn=1495) Connection.setNetworkTimeout cannot be called on a closed connection). Possibly consider using a shorter maxLifetime value.
[20:15:23:470] [WARN] - com.zaxxer.hikari.pool.PoolBase.isConnectionAlive(PoolBase.java:184) - data-pool- - Failed to validate connection org.mariadb.jdbc.Connection@721baa7 ((conn=1496) Connection.setNetworkTimeout cannot be called on a closed connection). Possibly consider using a shorter maxLifetime value.
[20:15:23:471] [WARN] - com.zaxxer.hikari.pool.PoolBase.isConnectionAlive(PoolBase.java:184) - data-pool- - Failed to validate connection org.mariadb.jdbc.Connection@37c43cfe ((conn=1497) Connection.setNetworkTimeout cannot be called on a closed connection). Possibly consider using a shorter maxLifetime value.
[20:18:13:490] [WARN] - com.zaxxer.hikari.pool.PoolBase.isConnectionAlive(PoolBase.java:184) - data-pool- - Failed to validate connection org.mariadb.jdbc.Connection@68baa90d ((conn=1499) Connection.setNetworkTimeout cannot be called on a closed connection). Possibly consider using a shorter maxLifetime value.
[20:18:13:505] [WARN] - com.zaxxer.hikari.pool.PoolBase.isConnectionAlive(PoolBase.java:184) - data-pool- - Failed to validate connection org.mariadb.jdbc.Connection@ef13273 ((conn=1500) Connection.setNetworkTimeout cannot be called on a closed connection). Possibly consider using a shorter maxLifetime value.
[20:18:13:506] [WARN] - com.zaxxer.hikari.pool.PoolBase.isConnectionAlive(PoolBase.java:184) - data-pool- - Failed to validate connection org.mariadb.jdbc.Connection@1fc624a2 ((conn=1501) Connection.setNetworkTimeout cannot be called on a closed connection). Possibly consider using a shorter maxLifetime value.
[20:18:13:507] [WARN] - com.zaxxer.hikari.pool.PoolBase.isConnectionAlive(PoolBase.java:184) - data-pool- - Failed to validate connection org.mariadb.jdbc.Connection@22891496 ((conn=1502) Connection.setNetworkTimeout cannot be called on a closed connection). Possibly consider using a shorter maxLifetime value.
[20:20:53:461] [WARN] - com.zaxxer.hikari.pool.PoolBase.isConnectionAlive(PoolBase.java:184) - data-pool- - Failed to validate connection org.mariadb.jdbc.Connection@2ff0f3da ((conn=1504) Connection.setNetworkTimeout cannot be called on a closed connection). Possibly consider using a shorter maxLifetime value.
[20:20:53:463] [WARN] - com.zaxxer.hikari.pool.PoolBase.isConnectionAlive(PoolBase.java:184) - data-pool- - Failed to validate connection org.mariadb.jdbc.Connection@6ac16fed ((conn=1505) Connection.setNetworkTimeout cannot be called on a closed connection). Possibly consider using a shorter maxLifetime value.
[20:20:53:464] [WARN] - com.zaxxer.hikari.pool.PoolBase.isConnectionAlive(PoolBase.java:184) - data-pool- - Failed to validate connection org.mariadb.jdbc.Connection@5072af01 ((conn=1506) Connection.setNetworkTimeout cannot be called on a closed connection). Possibly consider using a shorter maxLifetime value.
[20:20:53:466] [WARN] - com.zaxxer.hikari.pool.PoolBase.isConnectionAlive(PoolBase.java:184) - data-pool- - Failed to validate connection org.mariadb.jdbc.Connection@7834e8f6 ((conn=1507) Connection.setNetworkTimeout cannot be called on a closed connection). Possibly consider using a shorter maxLifetime value.
[20:35:43:455] [WARN] - com.zaxxer.hikari.pool.PoolBase.isConnectionAlive(PoolBase.java:184) - data-pool- - Failed to validate connection org.mariadb.jdbc.Connection@10f0313 ((conn=1531) Connection.setNetworkTimeout cannot be called on a closed connection). Possibly consider using a shorter maxLifetime value.
[20:35:43:456] [WARN] - com.zaxxer.hikari.pool.PoolBase.isConnectionAlive(PoolBase.java:184) - data-pool- - Failed to validate connection org.mariadb.jdbc.Connection@4dbab9fb ((conn=1532) Connection.setNetworkTimeout cannot be called on a closed connection). Possibly consider using a shorter maxLifetime value.
[20:41:33:466] [WARN] - com.zaxxer.hikari.pool.PoolBase.isConnectionAlive(PoolBase.java:184) - data-pool- - Failed to validate connection org.mariadb.jdbc.Connection@3a9ba958 ((conn=1539) Connection.setNetworkTimeout cannot be called on a closed connection). Possibly consider using a shorter maxLifetime value.
[20:41:33:497] [WARN] - com.zaxxer.hikari.pool.PoolBase.isConnectionAlive(PoolBase.java:184) - data-pool- - Failed to validate connection org.mariadb.jdbc.Connection@11bff7d9 ((conn=1540) Connection.setNetworkTimeout cannot be called on a closed connection). Possibly consider using a shorter maxLifetime value.
[20:41:33:498] [WARN] - com.zaxxer.hikari.pool.PoolBase.isConnectionAlive(PoolBase.java:184) - data-pool- - Failed to validate connection org.mariadb.jdbc.Connection@4635af2e ((conn=1541) Connection.setNetworkTimeout cannot be called on a closed connection). Possibly consider using a shorter maxLifetime value.
[20:41:33:500] [WARN] - com.zaxxer.hikari.pool.PoolBase.isConnectionAlive(PoolBase.java:184) - data-pool- - Failed to validate connection org.mariadb.jdbc.Connection@21830fd9 ((conn=1542) Connection.setNetworkTimeout cannot be called on a closed connection). Possibly consider using a shorter maxLifetime value.
[20:47:23:455] [WARN] - com.zaxxer.hikari.pool.PoolBase.isConnectionAlive(PoolBase.java:184) - data-pool- - Failed to validate connection org.mariadb.jdbc.Connection@3c2aba3c ((conn=1550) Connection.setNetworkTimeout cannot be called on a closed connection). Possibly consider using a shorter maxLifetime value.
[20:50:23:463] [WARN] - com.zaxxer.hikari.pool.PoolBase.isConnectionAlive(PoolBase.java:184) - data-pool- - Failed to validate connection org.mariadb.jdbc.Connection@10d1bff4 ((conn=1556) Connection.setNetworkTimeout cannot be called on a closed connection). Possibly consider using a shorter maxLifetime value.
[20:50:23:464] [WARN] - com.zaxxer.hikari.pool.PoolBase.isConnectionAlive(PoolBase.java:184) - data-pool- - Failed to validate connection org.mariadb.jdbc.Connection@1b7cd090 ((conn=1557) Connection.setNetworkTimeout cannot be called on a closed connection). Possibly consider using a shorter maxLifetime value.
[20:55:33:453] [WARN] - com.zaxxer.hikari.pool.PoolBase.isConnectionAlive(PoolBase.java:184) - data-pool- - Failed to validate connection org.mariadb.jdbc.Connection@751432f3 ((conn=1564) Connection.setNetworkTimeout cannot be called on a closed connection). Possibly consider using a shorter maxLifetime value.
[20:55:33:456] [WARN] - com.zaxxer.hikari.pool.PoolBase.isConnectionAlive(PoolBase.java:184) - data-pool- - Failed to validate connection org.mariadb.jdbc.Connection@55bbf5ea ((conn=1565) Connection.setNetworkTimeout cannot be called on a closed connection). Possibly consider using a shorter maxLifetime value.
[20:58:53:457] [WARN] - com.zaxxer.hikari.pool.PoolBase.isConnectionAlive(PoolBase.java:184) - data-pool- - Failed to validate connection org.mariadb.jdbc.Connection@29a2c953 ((conn=1570) Connection.setNetworkTimeout cannot be called on a closed connection). Possibly consider using a shorter maxLifetime value.
[20:58:53:487] [WARN] - com.zaxxer.hikari.pool.PoolBase.isConnectionAlive(PoolBase.java:184) - data-pool- - Failed to validate connection org.mariadb.jdbc.Connection@db2d124 ((conn=1571) Connection.setNetworkTimeout cannot be called on a closed connection). Possibly consider using a shorter maxLifetime value.
[20:58:53:489] [WARN] - com.zaxxer.hikari.pool.PoolBase.isConnectionAlive(PoolBase.java:184) - data-pool- - Failed to validate connection org.mariadb.jdbc.Connection@521eeb3c ((conn=1572) Connection.setNetworkTimeout cannot be called on a closed connection). Possibly consider using a shorter maxLifetime value.
[21:01:43:461] [WARN] - com.zaxxer.hikari.pool.PoolBase.isConnectionAlive(PoolBase.java:184) - data-pool- - Failed to validate connection org.mariadb.jdbc.Connection@6b787bf ((conn=1575) Connection.setNetworkTimeout cannot be called on a closed connection). Possibly consider using a shorter maxLifetime value.
[21:01:43:462] [WARN] - com.zaxxer.hikari.pool.PoolBase.isConnectionAlive(PoolBase.java:184) - data-pool- - Failed to validate connection org.mariadb.jdbc.Connection@59f1e420 ((conn=1576) Connection.setNetworkTimeout cannot be called on a closed connection). Possibly consider using a shorter maxLifetime value.
[21:01:43:463] [WARN] - com.zaxxer.hikari.pool.PoolBase.isConnectionAlive(PoolBase.java:184) - data-pool- - Failed to validate connection org.mariadb.jdbc.Connection@2478459e ((conn=1577) Connection.setNetworkTimeout cannot be called on a closed connection). Possibly consider using a shorter maxLifetime value.
[21:16:33:464] [WARN] - com.zaxxer.hikari.pool.PoolBase.isConnectionAlive(PoolBase.java:184) - data-pool- - Failed to validate connection org.mariadb.jdbc.Connection@2e1ba0d5 ((conn=1601) Connection.setNetworkTimeout cannot be called on a closed connection). Possibly consider using a shorter maxLifetime value.
[21:16:33:466] [WARN] - com.zaxxer.hikari.pool.PoolBase.isConnectionAlive(PoolBase.java:184) - data-pool- - Failed to validate connection org.mariadb.jdbc.Connection@41d76367 ((conn=1602) Connection.setNetworkTimeout cannot be called on a closed connection). Possibly consider using a shorter maxLifetime value.
[21:22:23:464] [WARN] - com.zaxxer.hikari.pool.PoolBase.isConnectionAlive(PoolBase.java:184) - data-pool- - Failed to validate connection org.mariadb.jdbc.Connection@2f7a788e ((conn=1609) Connection.setNetworkTimeout cannot be called on a closed connection). Possibly consider using a shorter maxLifetime value.
[21:22:23:466] [WARN] - com.zaxxer.hikari.pool.PoolBase.isConnectionAlive(PoolBase.java:184) - data-pool- - Failed to validate connection org.mariadb.jdbc.Connection@a682aaf ((conn=1611) Connection.setNetworkTimeout cannot be called on a closed connection). Possibly consider using a shorter maxLifetime value.
[21:22:23:466] [WARN] - com.zaxxer.hikari.pool.PoolBase.isConnectionAlive(PoolBase.java:184) - data-pool- - Failed to validate connection org.mariadb.jdbc.Connection@6150ebc ((conn=1610) Connection.setNetworkTimeout cannot be called on a closed connection). Possibly consider using a shorter maxLifetime value.
[21:22:23:468] [WARN] - com.zaxxer.hikari.pool.PoolBase.isConnectionAlive(PoolBase.java:184) - data-pool- - Failed to validate connection org.mariadb.jdbc.Connection@1e514a05 ((conn=1612) Connection.setNetworkTimeout cannot be called on a closed connection). Possibly consider using a shorter maxLifetime value.
[21:30:43:455] [WARN] - com.zaxxer.hikari.pool.PoolBase.isConnectionAlive(PoolBase.java:184) - data-pool- - Failed to validate connection org.mariadb.jdbc.Connection@2dc4ed4e ((conn=1624) Connection.setNetworkTimeout cannot be called on a closed connection). Possibly consider using a shorter maxLifetime value.
[21:30:43:458] [WARN] - com.zaxxer.hikari.pool.PoolBase.isConnectionAlive(PoolBase.java:184) - data-pool- - Failed to validate connection org.mariadb.jdbc.Connection@146565e5 ((conn=1625) Connection.setNetworkTimeout cannot be called on a closed connection). Possibly consider using a shorter maxLifetime value.
[21:30:43:459] [WARN] - com.zaxxer.hikari.pool.PoolBase.isConnectionAlive(PoolBase.java:184) - data-pool- - Failed to validate connection org.mariadb.jdbc.Connection@389980ab ((conn=1626) Connection.setNetworkTimeout cannot be called on a closed connection). Possibly consider using a shorter maxLifetime value.
[21:34:03:456] [WARN] - com.zaxxer.hikari.pool.PoolBase.isConnectionAlive(PoolBase.java:184) - data-pool- - Failed to validate connection org.mariadb.jdbc.Connection@5c94c532 ((conn=1631) Connection.setNetworkTimeout cannot be called on a closed connection). Possibly consider using a shorter maxLifetime value.
[21:34:03:456] [WARN] - com.zaxxer.hikari.pool.PoolBase.isConnectionAlive(PoolBase.java:184) - data-pool- - Failed to validate connection org.mariadb.jdbc.Connection@d7039bd ((conn=1632) Connection.setNetworkTimeout cannot be called on a closed connection). Possibly consider using a shorter maxLifetime value.
[21:34:03:457] [WARN] - com.zaxxer.hikari.pool.PoolBase.isConnectionAlive(PoolBase.java:184) - data-pool- - Failed to validate connection org.mariadb.jdbc.Connection@54ce1025 ((conn=1633) Connection.setNetworkTimeout cannot be called on a closed connection). Possibly consider using a shorter maxLifetime value.
[21:36:53:466] [WARN] - com.zaxxer.hikari.pool.PoolBase.isConnectionAlive(PoolBase.java:184) - data-pool- - Failed to validate connection org.mariadb.jdbc.Connection@6abceec9 ((conn=1636) Connection.setNetworkTimeout cannot be called on a closed connection). Possibly consider using a shorter maxLifetime value.
[21:36:53:468] [WARN] - com.zaxxer.hikari.pool.PoolBase.isConnectionAlive(PoolBase.java:184) - data-pool- - Failed to validate connection org.mariadb.jdbc.Connection@10c4e6c7 ((conn=1637) Connection.setNetworkTimeout cannot be called on a closed connection). Possibly consider using a shorter maxLifetime value.
[21:36:53:468] [WARN] - com.zaxxer.hikari.pool.PoolBase.isConnectionAlive(PoolBase.java:184) - data-pool- - Failed to validate connection org.mariadb.jdbc.Connection@aa89576 ((conn=1638) Connection.setNetworkTimeout cannot be called on a closed connection). Possibly consider using a shorter maxLifetime value.
[21:39:43:467] [WARN] - com.zaxxer.hikari.pool.PoolBase.isConnectionAlive(PoolBase.java:184) - data-pool- - Failed to validate connection org.mariadb.jdbc.Connection@11dfd883 ((conn=1641) Connection.setNetworkTimeout cannot be called on a closed connection). Possibly consider using a shorter maxLifetime value.
[21:39:43:468] [WARN] - com.zaxxer.hikari.pool.PoolBase.isConnectionAlive(PoolBase.java:184) - data-pool- - Failed to validate connection org.mariadb.jdbc.Connection@5dd1b9f1 ((conn=1642) Connection.setNetworkTimeout cannot be called on a closed connection). Possibly consider using a shorter maxLifetime value.
[21:39:43:468] [WARN] - com.zaxxer.hikari.pool.PoolBase.isConnectionAlive(PoolBase.java:184) - data-pool- - Failed to validate connection org.mariadb.jdbc.Connection@3985502d ((conn=1643) Connection.setNetworkTimeout cannot be called on a closed connection). Possibly consider using a shorter maxLifetime value.
[21:45:13:469] [WARN] - com.zaxxer.hikari.pool.PoolBase.isConnectionAlive(PoolBase.java:184) - data-pool- - Failed to validate connection org.mariadb.jdbc.Connection@39ead842 ((conn=1650) Connection.setNetworkTimeout cannot be called on a closed connection). Possibly consider using a shorter maxLifetime value.
[21:48:33:467] [WARN] - com.zaxxer.hikari.pool.PoolBase.isConnectionAlive(PoolBase.java:184) - data-pool- - Failed to validate connection org.mariadb.jdbc.Connection@586d3872 ((conn=1656) Connection.setNetworkTimeout cannot be called on a closed connection). Possibly consider using a shorter maxLifetime value.
[21:48:33:468] [WARN] - com.zaxxer.hikari.pool.PoolBase.isConnectionAlive(PoolBase.java:184) - data-pool- - Failed to validate connection org.mariadb.jdbc.Connection@38dbb2ef ((conn=1657) Connection.setNetworkTimeout cannot be called on a closed connection). Possibly consider using a shorter maxLifetime value.
[21:48:33:469] [WARN] - com.zaxxer.hikari.pool.PoolBase.isConnectionAlive(PoolBase.java:184) - data-pool- - Failed to validate connection org.mariadb.jdbc.Connection@35cf5edf ((conn=1658) Connection.setNetworkTimeout cannot be called on a closed connection). Possibly consider using a shorter maxLifetime value.
[21:51:23:465] [WARN] - com.zaxxer.hikari.pool.PoolBase.isConnectionAlive(PoolBase.java:184) - data-pool- - Failed to validate connection org.mariadb.jdbc.Connection@645301d ((conn=1660) Connection.setNetworkTimeout cannot be called on a closed connection). Possibly consider using a shorter maxLifetime value.
[21:51:23:466] [WARN] - com.zaxxer.hikari.pool.PoolBase.isConnectionAlive(PoolBase.java:184) - data-pool- - Failed to validate connection org.mariadb.jdbc.Connection@60297e3e ((conn=1661) Connection.setNetworkTimeout cannot be called on a closed connection). Possibly consider using a shorter maxLifetime value.
[21:51:23:467] [WARN] - com.zaxxer.hikari.pool.PoolBase.isConnectionAlive(PoolBase.java:184) - data-pool- - Failed to validate connection org.mariadb.jdbc.Connection@30ce8e10 ((conn=1662) Connection.setNetworkTimeout cannot be called on a closed connection). Possibly consider using a shorter maxLifetime value.
[21:51:23:468] [WARN] - com.zaxxer.hikari.pool.PoolBase.isConnectionAlive(PoolBase.java:184) - data-pool- - Failed to validate connection org.mariadb.jdbc.Connection@1fa495cc ((conn=1663) Connection.setNetworkTimeout cannot be called on a closed connection). Possibly consider using a shorter maxLifetime value.
[22:03:13:457] [WARN] - com.zaxxer.hikari.pool.PoolBase.isConnectionAlive(PoolBase.java:184) - data-pool- - Failed to validate connection org.mariadb.jdbc.Connection@3729687f ((conn=1681) Connection.setNetworkTimeout cannot be called on a closed connection). Possibly consider using a shorter maxLifetime value.
[22:03:13:458] [WARN] - com.zaxxer.hikari.pool.PoolBase.isConnectionAlive(PoolBase.java:184) - data-pool- - Failed to validate connection org.mariadb.jdbc.Connection@3c874fd1 ((conn=1682) Connection.setNetworkTimeout cannot be called on a closed connection). Possibly consider using a shorter maxLifetime value.
[22:03:13:458] [WARN] - com.zaxxer.hikari.pool.PoolBase.isConnectionAlive(PoolBase.java:184) - data-pool- - Failed to validate connection org.mariadb.jdbc.Connection@3876c4 ((conn=1683) Connection.setNetworkTimeout cannot be called on a closed connection). Possibly consider using a shorter maxLifetime value.
[22:06:03:462] [WARN] - com.zaxxer.hikari.pool.PoolBase.isConnectionAlive(PoolBase.java:184) - data-pool- - Failed to validate connection org.mariadb.jdbc.Connection@1d0ca6d0 ((conn=1685) Connection.setNetworkTimeout cannot be called on a closed connection). Possibly consider using a shorter maxLifetime value.
[22:06:03:464] [WARN] - com.zaxxer.hikari.pool.PoolBase.isConnectionAlive(PoolBase.java:184) - data-pool- - Failed to validate connection org.mariadb.jdbc.Connection@4feacddc ((conn=1686) Connection.setNetworkTimeout cannot be called on a closed connection). Possibly consider using a shorter maxLifetime value.
[22:06:03:465] [WARN] - com.zaxxer.hikari.pool.PoolBase.isConnectionAlive(PoolBase.java:184) - data-pool- - Failed to validate connection org.mariadb.jdbc.Connection@289a14fe ((conn=1687) Connection.setNetworkTimeout cannot be called on a closed connection). Possibly consider using a shorter maxLifetime value.
[22:06:03:466] [WARN] - com.zaxxer.hikari.pool.PoolBase.isConnectionAlive(PoolBase.java:184) - data-pool- - Failed to validate connection org.mariadb.jdbc.Connection@50581d1b ((conn=1688) Connection.setNetworkTimeout cannot be called on a closed connection). Possibly consider using a shorter maxLifetime value.
[22:14:53:465] [WARN] - com.zaxxer.hikari.pool.PoolBase.isConnectionAlive(PoolBase.java:184) - data-pool- - Failed to validate connection org.mariadb.jdbc.Connection@1060d020 ((conn=1701) Connection.setNetworkTimeout cannot be called on a closed connection). Possibly consider using a shorter maxLifetime value.
[22:14:53:466] [WARN] - com.zaxxer.hikari.pool.PoolBase.isConnectionAlive(PoolBase.java:184) - data-pool- - Failed to validate connection org.mariadb.jdbc.Connection@4cc39755 ((conn=1702) Connection.setNetworkTimeout cannot be called on a closed connection). Possibly consider using a shorter maxLifetime value.
[22:20:43:462] [WARN] - com.zaxxer.hikari.pool.PoolBase.isConnectionAlive(PoolBase.java:184) - data-pool- - Failed to validate connection org.mariadb.jdbc.Connection@4270cd99 ((conn=1710) Connection.setNetworkTimeout cannot be called on a closed connection). Possibly consider using a shorter maxLifetime value.
[22:20:43:463] [WARN] - com.zaxxer.hikari.pool.PoolBase.isConnectionAlive(PoolBase.java:184) - data-pool- - Failed to validate connection org.mariadb.jdbc.Connection@612a1316 ((conn=1711) Connection.setNetworkTimeout cannot be called on a closed connection). Possibly consider using a shorter maxLifetime value.
[22:20:43:464] [WARN] - com.zaxxer.hikari.pool.PoolBase.isConnectionAlive(PoolBase.java:184) - data-pool- - Failed to validate connection org.mariadb.jdbc.Connection@31323a83 ((conn=1712) Connection.setNetworkTimeout cannot be called on a closed connection). Possibly consider using a shorter maxLifetime value.
[22:20:43:465] [WARN] - com.zaxxer.hikari.pool.PoolBase.isConnectionAlive(PoolBase.java:184) - data-pool- - Failed to validate connection org.mariadb.jdbc.Connection@6f82b58c ((conn=1713) Connection.setNetworkTimeout cannot be called on a closed connection). Possibly consider using a shorter maxLifetime value.
[22:23:03:462] [WARN] - com.zaxxer.hikari.pool.PoolBase.isConnectionAlive(PoolBase.java:184) - data-pool- - Failed to validate connection org.mariadb.jdbc.Connection@368dc889 ((conn=1715) Connection.setNetworkTimeout cannot be called on a closed connection). Possibly consider using a shorter maxLifetime value.
[22:23:03:463] [WARN] - com.zaxxer.hikari.pool.PoolBase.isConnectionAlive(PoolBase.java:184) - data-pool- - Failed to validate connection org.mariadb.jdbc.Connection@26555982 ((conn=1716) Connection.setNetworkTimeout cannot be called on a closed connection). Possibly consider using a shorter maxLifetime value.
[22:26:33:460] [WARN] - com.zaxxer.hikari.pool.PoolBase.isConnectionAlive(PoolBase.java:184) - data-pool- - Failed to validate connection org.mariadb.jdbc.Connection@3f05aff ((conn=1721) Connection.setNetworkTimeout cannot be called on a closed connection). Possibly consider using a shorter maxLifetime value.
[22:26:33:461] [WARN] - com.zaxxer.hikari.pool.PoolBase.isConnectionAlive(PoolBase.java:184) - data-pool- - Failed to validate connection org.mariadb.jdbc.Connection@2eb4a539 ((conn=1722) Connection.setNetworkTimeout cannot be called on a closed connection). Possibly consider using a shorter maxLifetime value.
[22:26:33:462] [WARN] - com.zaxxer.hikari.pool.PoolBase.isConnectionAlive(PoolBase.java:184) - data-pool- - Failed to validate connection org.mariadb.jdbc.Connection@1e16431a ((conn=1723) Connection.setNetworkTimeout cannot be called on a closed connection). Possibly consider using a shorter maxLifetime value.
[22:29:13:467] [WARN] - com.zaxxer.hikari.pool.PoolBase.isConnectionAlive(PoolBase.java:184) - data-pool- - Failed to validate connection org.mariadb.jdbc.Connection@77903b64 ((conn=1726) Connection.setNetworkTimeout cannot be called on a closed connection). Possibly consider using a shorter maxLifetime value.
[22:29:13:498] [WARN] - com.zaxxer.hikari.pool.PoolBase.isConnectionAlive(PoolBase.java:184) - data-pool- - Failed to validate connection org.mariadb.jdbc.Connection@4310241b ((conn=1727) Connection.setNetworkTimeout cannot be called on a closed connection). Possibly consider using a shorter maxLifetime value.
[22:29:13:499] [WARN] - com.zaxxer.hikari.pool.PoolBase.isConnectionAlive(PoolBase.java:184) - data-pool- - Failed to validate connection org.mariadb.jdbc.Connection@174c64a6 ((conn=1728) Connection.setNetworkTimeout cannot be called on a closed connection). Possibly consider using a shorter maxLifetime value.
[22:32:03:468] [WARN] - com.zaxxer.hikari.pool.PoolBase.isConnectionAlive(PoolBase.java:184) - data-pool- - Failed to validate connection org.mariadb.jdbc.Connection@46a68597 ((conn=1731) Connection.setNetworkTimeout cannot be called on a closed connection). Possibly consider using a shorter maxLifetime value.
[22:32:03:470] [WARN] - com.zaxxer.hikari.pool.PoolBase.isConnectionAlive(PoolBase.java:184) - data-pool- - Failed to validate connection org.mariadb.jdbc.Connection@5d161416 ((conn=1732) Connection.setNetworkTimeout cannot be called on a closed connection). Possibly consider using a shorter maxLifetime value.
[22:32:03:471] [WARN] - com.zaxxer.hikari.pool.PoolBase.isConnectionAlive(PoolBase.java:184) - data-pool- - Failed to validate connection org.mariadb.jdbc.Connection@1010b61e ((conn=1733) Connection.setNetworkTimeout cannot be called on a closed connection). Possibly consider using a shorter maxLifetime value.
[22:37:33:455] [WARN] - com.zaxxer.hikari.pool.PoolBase.isConnectionAlive(PoolBase.java:184) - data-pool- - Failed to validate connection org.mariadb.jdbc.Connection@2b8f7fb8 ((conn=1740) Connection.setNetworkTimeout cannot be called on a closed connection). Possibly consider using a shorter maxLifetime value.
[22:37:33:456] [WARN] - com.zaxxer.hikari.pool.PoolBase.isConnectionAlive(PoolBase.java:184) - data-pool- - Failed to validate connection org.mariadb.jdbc.Connection@494516fd ((conn=1741) Connection.setNetworkTimeout cannot be called on a closed connection). Possibly consider using a shorter maxLifetime value.
[22:37:33:456] [WARN] - com.zaxxer.hikari.pool.PoolBase.isConnectionAlive(PoolBase.java:184) - data-pool- - Failed to validate connection org.mariadb.jdbc.Connection@13dd4fb2 ((conn=1742) Connection.setNetworkTimeout cannot be called on a closed connection). Possibly consider using a shorter maxLifetime value.
[22:37:33:457] [WARN] - com.zaxxer.hikari.pool.PoolBase.isConnectionAlive(PoolBase.java:184) - data-pool- - Failed to validate connection org.mariadb.jdbc.Connection@437f80ce ((conn=1743) Connection.setNetworkTimeout cannot be called on a closed connection). Possibly consider using a shorter maxLifetime value.
[22:40:33:456] [WARN] - com.zaxxer.hikari.pool.PoolBase.isConnectionAlive(PoolBase.java:184) - data-pool- - Failed to validate connection org.mariadb.jdbc.Connection@3b8bfd9e ((conn=1748) Connection.setNetworkTimeout cannot be called on a closed connection). Possibly consider using a shorter maxLifetime value.
[22:49:23:456] [WARN] - com.zaxxer.hikari.pool.PoolBase.isConnectionAlive(PoolBase.java:184) - data-pool- - Failed to validate connection org.mariadb.jdbc.Connection@33b9b347 ((conn=1760) Connection.setNetworkTimeout cannot be called on a closed connection). Possibly consider using a shorter maxLifetime value.
[22:49:23:457] [WARN] - com.zaxxer.hikari.pool.PoolBase.isConnectionAlive(PoolBase.java:184) - data-pool- - Failed to validate connection org.mariadb.jdbc.Connection@7405d994 ((conn=1761) Connection.setNetworkTimeout cannot be called on a closed connection). Possibly consider using a shorter maxLifetime value.
[22:49:23:458] [WARN] - com.zaxxer.hikari.pool.PoolBase.isConnectionAlive(PoolBase.java:184) - data-pool- - Failed to validate connection org.mariadb.jdbc.Connection@2b92475b ((conn=1762) Connection.setNetworkTimeout cannot be called on a closed connection). Possibly consider using a shorter maxLifetime value.
[22:49:23:460] [WARN] - com.zaxxer.hikari.pool.PoolBase.isConnectionAlive(PoolBase.java:184) - data-pool- - Failed to validate connection org.mariadb.jdbc.Connection@1fa8dfc6 ((conn=1763) Connection.setNetworkTimeout cannot be called on a closed connection). Possibly consider using a shorter maxLifetime value.
[23:00:23:462] [WARN] - com.zaxxer.hikari.pool.PoolBase.isConnectionAlive(PoolBase.java:184) - data-pool- - Failed to validate connection org.mariadb.jdbc.Connection@56718c5e ((conn=1780) Connection.setNetworkTimeout cannot be called on a closed connection). Possibly consider using a shorter maxLifetime value.
[23:03:53:461] [WARN] - com.zaxxer.hikari.pool.PoolBase.isConnectionAlive(PoolBase.java:184) - data-pool- - Failed to validate connection org.mariadb.jdbc.Connection@784f2181 ((conn=1785) Connection.setNetworkTimeout cannot be called on a closed connection). Possibly consider using a shorter maxLifetime value.
[23:03:53:462] [WARN] - com.zaxxer.hikari.pool.PoolBase.isConnectionAlive(PoolBase.java:184) - data-pool- - Failed to validate connection org.mariadb.jdbc.Connection@5a5b0d65 ((conn=1786) Connection.setNetworkTimeout cannot be called on a closed connection). Possibly consider using a shorter maxLifetime value.
[23:03:53:464] [WARN] - com.zaxxer.hikari.pool.PoolBase.isConnectionAlive(PoolBase.java:184) - data-pool- - Failed to validate connection org.mariadb.jdbc.Connection@4f581936 ((conn=1787) Connection.setNetworkTimeout cannot be called on a closed connection). Possibly consider using a shorter maxLifetime value.
[23:03:53:465] [WARN] - com.zaxxer.hikari.pool.PoolBase.isConnectionAlive(PoolBase.java:184) - data-pool- - Failed to validate connection org.mariadb.jdbc.Connection@4e9a7a75 ((conn=1788) Connection.setNetworkTimeout cannot be called on a closed connection). Possibly consider using a shorter maxLifetime value.
[23:06:13:470] [WARN] - com.zaxxer.hikari.pool.PoolBase.isConnectionAlive(PoolBase.java:184) - data-pool- - Failed to validate connection org.mariadb.jdbc.Connection@316ecc7c ((conn=1790) Connection.setNetworkTimeout cannot be called on a closed connection). Possibly consider using a shorter maxLifetime value.
[23:06:33:467] [WARN] - com.zaxxer.hikari.pool.PoolBase.isConnectionAlive(PoolBase.java:184) - data-pool- - Failed to validate connection org.mariadb.jdbc.Connection@25e040aa ((conn=1791) Connection.setNetworkTimeout cannot be called on a closed connection). Possibly consider using a shorter maxLifetime value.
[23:06:33:469] [WARN] - com.zaxxer.hikari.pool.PoolBase.isConnectionAlive(PoolBase.java:184) - data-pool- - Failed to validate connection org.mariadb.jdbc.Connection@46478be0 ((conn=1792) Connection.setNetworkTimeout cannot be called on a closed connection). Possibly consider using a shorter maxLifetime value.
[23:06:33:470] [WARN] - com.zaxxer.hikari.pool.PoolBase.isConnectionAlive(PoolBase.java:184) - data-pool- - Failed to validate connection org.mariadb.jdbc.Connection@5179a00d ((conn=1793) Connection.setNetworkTimeout cannot be called on a closed connection). Possibly consider using a shorter maxLifetime value.
[23:15:03:465] [WARN] - com.zaxxer.hikari.pool.PoolBase.isConnectionAlive(PoolBase.java:184) - data-pool- - Failed to validate connection org.mariadb.jdbc.Connection@4ec50ba7 ((conn=1805) Connection.setNetworkTimeout cannot be called on a closed connection). Possibly consider using a shorter maxLifetime value.
[23:15:03:469] [WARN] - com.zaxxer.hikari.pool.PoolBase.isConnectionAlive(PoolBase.java:184) - data-pool- - Failed to validate connection org.mariadb.jdbc.Connection@187bac46 ((conn=1806) Connection.setNetworkTimeout cannot be called on a closed connection). Possibly consider using a shorter maxLifetime value.
[23:15:03:470] [WARN] - com.zaxxer.hikari.pool.PoolBase.isConnectionAlive(PoolBase.java:184) - data-pool- - Failed to validate connection org.mariadb.jdbc.Connection@22ce320b ((conn=1807) Connection.setNetworkTimeout cannot be called on a closed connection). Possibly consider using a shorter maxLifetime value.
[23:15:03:470] [WARN] - com.zaxxer.hikari.pool.PoolBase.isConnectionAlive(PoolBase.java:184) - data-pool- - Failed to validate connection org.mariadb.jdbc.Connection@44b08dc6 ((conn=1808) Connection.setNetworkTimeout cannot be called on a closed connection). Possibly consider using a shorter maxLifetime value.
[23:17:13:462] [WARN] - com.zaxxer.hikari.pool.PoolBase.isConnectionAlive(PoolBase.java:184) - data-pool- - Failed to validate connection org.mariadb.jdbc.Connection@756b215c ((conn=1810) Connection.setNetworkTimeout cannot be called on a closed connection). Possibly consider using a shorter maxLifetime value.
[23:17:13:463] [WARN] - com.zaxxer.hikari.pool.PoolBase.isConnectionAlive(PoolBase.java:184) - data-pool- - Failed to validate connection org.mariadb.jdbc.Connection@5cc33eff ((conn=1811) Connection.setNetworkTimeout cannot be called on a closed connection). Possibly consider using a shorter maxLifetime value.
[23:20:13:462] [WARN] - com.zaxxer.hikari.pool.PoolBase.isConnectionAlive(PoolBase.java:184) - data-pool- - Failed to validate connection org.mariadb.jdbc.Connection@1462e43 ((conn=1816) Connection.setNetworkTimeout cannot be called on a closed connection). Possibly consider using a shorter maxLifetime value.
[23:20:13:464] [WARN] - com.zaxxer.hikari.pool.PoolBase.isConnectionAlive(PoolBase.java:184) - data-pool- - Failed to validate connection org.mariadb.jdbc.Connection@182f531b ((conn=1817) Connection.setNetworkTimeout cannot be called on a closed connection). Possibly consider using a shorter maxLifetime value.
[23:20:13:465] [WARN] - com.zaxxer.hikari.pool.PoolBase.isConnectionAlive(PoolBase.java:184) - data-pool- - Failed to validate connection org.mariadb.jdbc.Connection@71419ee ((conn=1818) Connection.setNetworkTimeout cannot be called on a closed connection). Possibly consider using a shorter maxLifetime value.
[23:37:43:464] [WARN] - com.zaxxer.hikari.pool.PoolBase.isConnectionAlive(PoolBase.java:184) - data-pool- - Failed to validate connection org.mariadb.jdbc.Connection@4f167cb4 ((conn=1845) Connection.setNetworkTimeout cannot be called on a closed connection). Possibly consider using a shorter maxLifetime value.
[23:43:33:462] [WARN] - com.zaxxer.hikari.pool.PoolBase.isConnectionAlive(PoolBase.java:184) - data-pool- - Failed to validate connection org.mariadb.jdbc.Connection@3c88eddb ((conn=1855) Connection.setNetworkTimeout cannot be called on a closed connection). Possibly consider using a shorter maxLifetime value.
[23:43:33:464] [WARN] - com.zaxxer.hikari.pool.PoolBase.isConnectionAlive(PoolBase.java:184) - data-pool- - Failed to validate connection org.mariadb.jdbc.Connection@ef2c5dc ((conn=1856) Connection.setNetworkTimeout cannot be called on a closed connection). Possibly consider using a shorter maxLifetime value.
[23:43:33:465] [WARN] - com.zaxxer.hikari.pool.PoolBase.isConnectionAlive(PoolBase.java:184) - data-pool- - Failed to validate connection org.mariadb.jdbc.Connection@7a4d6e10 ((conn=1857) Connection.setNetworkTimeout cannot be called on a closed connection). Possibly consider using a shorter maxLifetime value.
[23:43:33:466] [WARN] - com.zaxxer.hikari.pool.PoolBase.isConnectionAlive(PoolBase.java:184) - data-pool- - Failed to validate connection org.mariadb.jdbc.Connection@150a2b7 ((conn=1858) Connection.setNetworkTimeout cannot be called on a closed connection). Possibly consider using a shorter maxLifetime value.
[23:55:13:460] [WARN] - com.zaxxer.hikari.pool.PoolBase.isConnectionAlive(PoolBase.java:184) - data-pool- - Failed to validate connection org.mariadb.jdbc.Connection@69e05adf ((conn=1875) Connection.setNetworkTimeout cannot be called on a closed connection). Possibly consider using a shorter maxLifetime value.
[23:55:13:461] [WARN] - com.zaxxer.hikari.pool.PoolBase.isConnectionAlive(PoolBase.java:184) - data-pool- - Failed to validate connection org.mariadb.jdbc.Connection@3d26ce3b ((conn=1876) Connection.setNetworkTimeout cannot be called on a closed connection). Possibly consider using a shorter maxLifetime value.
[23:58:23:453] [WARN] - com.zaxxer.hikari.pool.PoolBase.isConnectionAlive(PoolBase.java:184) - data-pool- - Failed to validate connection org.mariadb.jdbc.Connection@7a70889b ((conn=1882) Connection.setNetworkTimeout cannot be called on a closed connection). Possibly consider using a shorter maxLifetime value.
[23:58:23:453] [WARN] - com.zaxxer.hikari.pool.PoolBase.isConnectionAlive(PoolBase.java:184) - data-pool- - Failed to validate connection org.mariadb.jdbc.Connection@75a22a26 ((conn=1883) Connection.setNetworkTimeout cannot be called on a closed connection). Possibly consider using a shorter maxLifetime value.
[00:06:53:453] [WARN] - com.zaxxer.hikari.pool.PoolBase.isConnectionAlive(PoolBase.java:184) - data-pool- - Failed to validate connection org.mariadb.jdbc.Connection@6b193cb3 ((conn=1896) Connection.setNetworkTimeout cannot be called on a closed connection). Possibly consider using a shorter maxLifetime value.
[00:06:53:460] [WARN] - com.zaxxer.hikari.pool.PoolBase.isConnectionAlive(PoolBase.java:184) - data-pool- - Failed to validate connection org.mariadb.jdbc.Connection@36520e4c ((conn=1897) Connection.setNetworkTimeout cannot be called on a closed connection). Possibly consider using a shorter maxLifetime value.
[00:10:03:462] [WARN] - com.zaxxer.hikari.pool.PoolBase.isConnectionAlive(PoolBase.java:184) - data-pool- - Failed to validate connection org.mariadb.jdbc.Connection@27cb811c ((conn=1902) Connection.setNetworkTimeout cannot be called on a closed connection). Possibly consider using a shorter maxLifetime value.
[00:10:03:465] [WARN] - com.zaxxer.hikari.pool.PoolBase.isConnectionAlive(PoolBase.java:184) - data-pool- - Failed to validate connection org.mariadb.jdbc.Connection@3370bcf8 ((conn=1903) Connection.setNetworkTimeout cannot be called on a closed connection). Possibly consider using a shorter maxLifetime value.
[00:10:03:465] [WARN] - com.zaxxer.hikari.pool.PoolBase.isConnectionAlive(PoolBase.java:184) - data-pool- - Failed to validate connection org.mariadb.jdbc.Connection@24e9c2c3 ((conn=1904) Connection.setNetworkTimeout cannot be called on a closed connection). Possibly consider using a shorter maxLifetime value.
[00:15:03:457] [WARN] - com.zaxxer.hikari.pool.PoolBase.isConnectionAlive(PoolBase.java:184) - data-pool- - Failed to validate connection org.mariadb.jdbc.Connection@2d78710 ((conn=1911) Connection.setNetworkTimeout cannot be called on a closed connection). Possibly consider using a shorter maxLifetime value.
[00:15:03:459] [WARN] - com.zaxxer.hikari.pool.PoolBase.isConnectionAlive(PoolBase.java:184) - data-pool- - Failed to validate connection org.mariadb.jdbc.Connection@32eb1267 ((conn=1912) Connection.setNetworkTimeout cannot be called on a closed connection). Possibly consider using a shorter maxLifetime value.
[00:15:03:460] [WARN] - com.zaxxer.hikari.pool.PoolBase.isConnectionAlive(PoolBase.java:184) - data-pool- - Failed to validate connection org.mariadb.jdbc.Connection@8ebba36 ((conn=1913) Connection.setNetworkTimeout cannot be called on a closed connection). Possibly consider using a shorter maxLifetime value.
[00:15:03:460] [WARN] - com.zaxxer.hikari.pool.PoolBase.isConnectionAlive(PoolBase.java:184) - data-pool- - Failed to validate connection org.mariadb.jdbc.Connection@363a433c ((conn=1914) Connection.setNetworkTimeout cannot be called on a closed connection). Possibly consider using a shorter maxLifetime value.
[00:18:33:455] [WARN] - com.zaxxer.hikari.pool.PoolBase.isConnectionAlive(PoolBase.java:184) - data-pool- - Failed to validate connection org.mariadb.jdbc.Connection@78839e53 ((conn=1919) Connection.setNetworkTimeout cannot be called on a closed connection). Possibly consider using a shorter maxLifetime value.
[00:21:03:467] [WARN] - com.zaxxer.hikari.pool.PoolBase.isConnectionAlive(PoolBase.java:184) - data-pool- - Failed to validate connection org.mariadb.jdbc.Connection@5e30502a ((conn=1924) Connection.setNetworkTimeout cannot be called on a closed connection). Possibly consider using a shorter maxLifetime value.
[08:31:45:504] [WARN] - com.zaxxer.hikari.pool.HikariPool$HouseKeeper.run(HikariPool.java:788) - data-pool- - Thread starvation or clock leap detected (housekeeper delta=8h9m26s206ms999µs600ns).
[08:34:43:397] [WARN] - com.zaxxer.hikari.pool.PoolBase.isConnectionAlive(PoolBase.java:184) - data-pool- - Failed to validate connection org.mariadb.jdbc.Connection@6429ccfc ((conn=1932) Connection.setNetworkTimeout cannot be called on a closed connection). Possibly consider using a shorter maxLifetime value.
[08:34:43:398] [WARN] - com.zaxxer.hikari.pool.PoolBase.isConnectionAlive(PoolBase.java:184) - data-pool- - Failed to validate connection org.mariadb.jdbc.Connection@1d474cf1 ((conn=1934) Connection.setNetworkTimeout cannot be called on a closed connection). Possibly consider using a shorter maxLifetime value.
[08:34:43:400] [WARN] - com.zaxxer.hikari.pool.PoolBase.isConnectionAlive(PoolBase.java:184) - data-pool- - Failed to validate connection org.mariadb.jdbc.Connection@52a5bc3 ((conn=1935) Connection.setNetworkTimeout cannot be called on a closed connection). Possibly consider using a shorter maxLifetime value.
[08:46:33:388] [WARN] - com.zaxxer.hikari.pool.PoolBase.isConnectionAlive(PoolBase.java:184) - data-pool- - Failed to validate connection org.mariadb.jdbc.Connection@7d59ed19 ((conn=1954) Connection.setNetworkTimeout cannot be called on a closed connection). Possibly consider using a shorter maxLifetime value.
[08:46:33:389] [WARN] - com.zaxxer.hikari.pool.PoolBase.isConnectionAlive(PoolBase.java:184) - data-pool- - Failed to validate connection org.mariadb.jdbc.Connection@6c16c33d ((conn=1955) Connection.setNetworkTimeout cannot be called on a closed connection). Possibly consider using a shorter maxLifetime value.
[08:46:33:390] [WARN] - com.zaxxer.hikari.pool.PoolBase.isConnectionAlive(PoolBase.java:184) - data-pool- - Failed to validate connection org.mariadb.jdbc.Connection@6d21a7e3 ((conn=1956) Connection.setNetworkTimeout cannot be called on a closed connection). Possibly consider using a shorter maxLifetime value.
[08:52:23:398] [WARN] - com.zaxxer.hikari.pool.PoolBase.isConnectionAlive(PoolBase.java:184) - data-pool- - Failed to validate connection org.mariadb.jdbc.Connection@14f6f91 ((conn=1963) Connection.setNetworkTimeout cannot be called on a closed connection). Possibly consider using a shorter maxLifetime value.
[08:52:23:402] [WARN] - com.zaxxer.hikari.pool.PoolBase.isConnectionAlive(PoolBase.java:184) - data-pool- - Failed to validate connection org.mariadb.jdbc.Connection@29442560 ((conn=1964) Connection.setNetworkTimeout cannot be called on a closed connection). Possibly consider using a shorter maxLifetime value.
[08:52:23:403] [WARN] - com.zaxxer.hikari.pool.PoolBase.isConnectionAlive(PoolBase.java:184) - data-pool- - Failed to validate connection org.mariadb.jdbc.Connection@3ecce88c ((conn=1965) Connection.setNetworkTimeout cannot be called on a closed connection). Possibly consider using a shorter maxLifetime value.
[08:52:23:404] [WARN] - com.zaxxer.hikari.pool.PoolBase.isConnectionAlive(PoolBase.java:184) - data-pool- - Failed to validate connection org.mariadb.jdbc.Connection@44852b23 ((conn=1966) Connection.setNetworkTimeout cannot be called on a closed connection). Possibly consider using a shorter maxLifetime value.
[09:07:03:388] [WARN] - com.zaxxer.hikari.pool.PoolBase.isConnectionAlive(PoolBase.java:184) - data-pool- - Failed to validate connection org.mariadb.jdbc.Connection@729d460f ((conn=1988) Connection.setNetworkTimeout cannot be called on a closed connection). Possibly consider using a shorter maxLifetime value.
[09:07:03:389] [WARN] - com.zaxxer.hikari.pool.PoolBase.isConnectionAlive(PoolBase.java:184) - data-pool- - Failed to validate connection org.mariadb.jdbc.Connection@1a136243 ((conn=1989) Connection.setNetworkTimeout cannot be called on a closed connection). Possibly consider using a shorter maxLifetime value.
[09:07:03:390] [WARN] - com.zaxxer.hikari.pool.PoolBase.isConnectionAlive(PoolBase.java:184) - data-pool- - Failed to validate connection org.mariadb.jdbc.Connection@3857d912 ((conn=1990) Connection.setNetworkTimeout cannot be called on a closed connection). Possibly consider using a shorter maxLifetime value.
[09:07:03:391] [WARN] - com.zaxxer.hikari.pool.PoolBase.isConnectionAlive(PoolBase.java:184) - data-pool- - Failed to validate connection org.mariadb.jdbc.Connection@20625d29 ((conn=1991) Connection.setNetworkTimeout cannot be called on a closed connection). Possibly consider using a shorter maxLifetime value.
[09:07:03:391] [WARN] - com.zaxxer.hikari.pool.PoolBase.isConnectionAlive(PoolBase.java:184) - data-pool- - Failed to validate connection org.mariadb.jdbc.Connection@f4f45b ((conn=1992) Connection.setNetworkTimeout cannot be called on a closed connection). Possibly consider using a shorter maxLifetime value.
[09:09:13:389] [WARN] - com.zaxxer.hikari.pool.PoolBase.isConnectionAlive(PoolBase.java:184) - data-pool- - Failed to validate connection org.mariadb.jdbc.Connection@3b891021 ((conn=1994) Connection.setNetworkTimeout cannot be called on a closed connection). Possibly consider using a shorter maxLifetime value.
[09:12:13:391] [WARN] - com.zaxxer.hikari.pool.PoolBase.isConnectionAlive(PoolBase.java:184) - data-pool- - Failed to validate connection org.mariadb.jdbc.Connection@65a347f0 ((conn=1999) Connection.setNetworkTimeout cannot be called on a closed connection). Possibly consider using a shorter maxLifetime value.
[09:12:13:392] [WARN] - com.zaxxer.hikari.pool.PoolBase.isConnectionAlive(PoolBase.java:184) - data-pool- - Failed to validate connection org.mariadb.jdbc.Connection@29ca6c85 ((conn=2000) Connection.setNetworkTimeout cannot be called on a closed connection). Possibly consider using a shorter maxLifetime value.
[09:12:13:393] [WARN] - com.zaxxer.hikari.pool.PoolBase.isConnectionAlive(PoolBase.java:184) - data-pool- - Failed to validate connection org.mariadb.jdbc.Connection@4977863c ((conn=2001) Connection.setNetworkTimeout cannot be called on a closed connection). Possibly consider using a shorter maxLifetime value.
[09:12:13:393] [WARN] - com.zaxxer.hikari.pool.PoolBase.isConnectionAlive(PoolBase.java:184) - data-pool- - Failed to validate connection org.mariadb.jdbc.Connection@59b3f3fc ((conn=2002) Connection.setNetworkTimeout cannot be called on a closed connection). Possibly consider using a shorter maxLifetime value.
[12:03:00:595] [WARN] - com.zaxxer.hikari.pool.HikariPool$HouseKeeper.run(HikariPool.java:788) - data-pool- - Thread starvation or clock leap detected (housekeeper delta=2h46m14s519ms325µs).
[12:06:03:309] [WARN] - com.zaxxer.hikari.pool.PoolBase.isConnectionAlive(PoolBase.java:184) - data-pool- - Failed to validate connection org.mariadb.jdbc.Connection@3cc5c4ba ((conn=2018) Connection.setNetworkTimeout cannot be called on a closed connection). Possibly consider using a shorter maxLifetime value.
[12:17:53:322] [WARN] - com.zaxxer.hikari.pool.PoolBase.isConnectionAlive(PoolBase.java:184) - data-pool- - Failed to validate connection org.mariadb.jdbc.Connection@6b10f685 ((conn=2037) Connection.setNetworkTimeout cannot be called on a closed connection). Possibly consider using a shorter maxLifetime value.
[12:17:53:323] [WARN] - com.zaxxer.hikari.pool.PoolBase.isConnectionAlive(PoolBase.java:184) - data-pool- - Failed to validate connection org.mariadb.jdbc.Connection@1e48b4d1 ((conn=2038) Connection.setNetworkTimeout cannot be called on a closed connection). Possibly consider using a shorter maxLifetime value.
[12:23:43:319] [WARN] - com.zaxxer.hikari.pool.PoolBase.isConnectionAlive(PoolBase.java:184) - data-pool- - Failed to validate connection org.mariadb.jdbc.Connection@2b21b0f ((conn=2045) Connection.setNetworkTimeout cannot be called on a closed connection). Possibly consider using a shorter maxLifetime value.
[12:23:43:321] [WARN] - com.zaxxer.hikari.pool.PoolBase.isConnectionAlive(PoolBase.java:184) - data-pool- - Failed to validate connection org.mariadb.jdbc.Connection@5cb4c98b ((conn=2046) Connection.setNetworkTimeout cannot be called on a closed connection). Possibly consider using a shorter maxLifetime value.
[12:23:43:322] [WARN] - com.zaxxer.hikari.pool.PoolBase.isConnectionAlive(PoolBase.java:184) - data-pool- - Failed to validate connection org.mariadb.jdbc.Connection@3e391390 ((conn=2047) Connection.setNetworkTimeout cannot be called on a closed connection). Possibly consider using a shorter maxLifetime value.
[12:23:43:322] [WARN] - com.zaxxer.hikari.pool.PoolBase.isConnectionAlive(PoolBase.java:184) - data-pool- - Failed to validate connection org.mariadb.jdbc.Connection@2c410d3b ((conn=2048) Connection.setNetworkTimeout cannot be called on a closed connection). Possibly consider using a shorter maxLifetime value.
[12:35:33:324] [WARN] - com.zaxxer.hikari.pool.PoolBase.isConnectionAlive(PoolBase.java:184) - data-pool- - Failed to validate connection org.mariadb.jdbc.Connection@2f8d2ef7 ((conn=2065) Connection.setNetworkTimeout cannot be called on a closed connection). Possibly consider using a shorter maxLifetime value.
[12:35:33:325] [WARN] - com.zaxxer.hikari.pool.PoolBase.isConnectionAlive(PoolBase.java:184) - data-pool- - Failed to validate connection org.mariadb.jdbc.Connection@3266b0c0 ((conn=2066) Connection.setNetworkTimeout cannot be called on a closed connection). Possibly consider using a shorter maxLifetime value.
[12:35:33:325] [WARN] - com.zaxxer.hikari.pool.PoolBase.isConnectionAlive(PoolBase.java:184) - data-pool- - Failed to validate connection org.mariadb.jdbc.Connection@3f58f892 ((conn=2067) Connection.setNetworkTimeout cannot be called on a closed connection). Possibly consider using a shorter maxLifetime value.
[12:35:33:326] [WARN] - com.zaxxer.hikari.pool.PoolBase.isConnectionAlive(PoolBase.java:184) - data-pool- - Failed to validate connection org.mariadb.jdbc.Connection@5374d3b2 ((conn=2068) Connection.setNetworkTimeout cannot be called on a closed connection). Possibly consider using a shorter maxLifetime value.
[08:05:45:997] [WARN] - com.zaxxer.hikari.pool.PoolBase.isConnectionAlive(PoolBase.java:184) - data-pool- - Failed to validate connection org.mariadb.jdbc.Connection@76759a84 ((conn=2076) Connection.setNetworkTimeout cannot be called on a closed connection). Possibly consider using a shorter maxLifetime value.
[08:05:47:920] [WARN] - com.zaxxer.hikari.pool.HikariPool$HouseKeeper.run(HikariPool.java:788) - data-pool- - Thread starvation or clock leap detected (housekeeper delta=19h24m46s712ms478µs500ns).
[08:12:03:245] [WARN] - com.zaxxer.hikari.pool.PoolBase.isConnectionAlive(PoolBase.java:184) - data-pool- - Failed to validate connection org.mariadb.jdbc.Connection@38a28139 ((conn=2089) Connection.setNetworkTimeout cannot be called on a closed connection). Possibly consider using a shorter maxLifetime value.
[08:20:53:243] [WARN] - com.zaxxer.hikari.pool.PoolBase.isConnectionAlive(PoolBase.java:184) - data-pool- - Failed to validate connection org.mariadb.jdbc.Connection@6546fb43 ((conn=2104) Connection.setNetworkTimeout cannot be called on a closed connection). Possibly consider using a shorter maxLifetime value.
[08:26:43:241] [WARN] - com.zaxxer.hikari.pool.PoolBase.isConnectionAlive(PoolBase.java:184) - data-pool- - Failed to validate connection org.mariadb.jdbc.Connection@66de2086 ((conn=2114) Connection.setNetworkTimeout cannot be called on a closed connection). Possibly consider using a shorter maxLifetime value.
[08:32:33:235] [WARN] - com.zaxxer.hikari.pool.PoolBase.isConnectionAlive(PoolBase.java:184) - data-pool- - Failed to validate connection org.mariadb.jdbc.Connection@302293bb ((conn=2124) Connection.setNetworkTimeout cannot be called on a closed connection). Possibly consider using a shorter maxLifetime value.
[08:38:23:258] [WARN] - com.zaxxer.hikari.pool.PoolBase.isConnectionAlive(PoolBase.java:184) - data-pool- - Failed to validate connection org.mariadb.jdbc.Connection@6d5d91e4 ((conn=2134) Connection.setNetworkTimeout cannot be called on a closed connection). Possibly consider using a shorter maxLifetime value.
[08:38:23:259] [WARN] - com.zaxxer.hikari.pool.PoolBase.isConnectionAlive(PoolBase.java:184) - data-pool- - Failed to validate connection org.mariadb.jdbc.Connection@5bb4cf1d ((conn=2133) Connection.setNetworkTimeout cannot be called on a closed connection). Possibly consider using a shorter maxLifetime value.
[08:58:13:266] [WARN] - com.zaxxer.hikari.pool.PoolBase.isConnectionAlive(PoolBase.java:184) - data-pool- - Failed to validate connection org.mariadb.jdbc.Connection@1eba75cd ((conn=2166) Connection.setNetworkTimeout cannot be called on a closed connection). Possibly consider using a shorter maxLifetime value.
[08:58:13:268] [WARN] - com.zaxxer.hikari.pool.PoolBase.isConnectionAlive(PoolBase.java:184) - data-pool- - Failed to validate connection org.mariadb.jdbc.Connection@66070a2f ((conn=2168) Connection.setNetworkTimeout cannot be called on a closed connection). Possibly consider using a shorter maxLifetime value.
[08:58:13:268] [WARN] - com.zaxxer.hikari.pool.PoolBase.isConnectionAlive(PoolBase.java:184) - data-pool- - Failed to validate connection org.mariadb.jdbc.Connection@73bfa970 ((conn=2169) Connection.setNetworkTimeout cannot be called on a closed connection). Possibly consider using a shorter maxLifetime value.
[08:58:13:271] [WARN] - com.zaxxer.hikari.pool.PoolBase.isConnectionAlive(PoolBase.java:184) - data-pool- - Failed to validate connection org.mariadb.jdbc.Connection@2a7d1282 ((conn=2167) Connection.setNetworkTimeout cannot be called on a closed connection). Possibly consider using a shorter maxLifetime value.
[09:01:43:246] [WARN] - com.zaxxer.hikari.pool.PoolBase.isConnectionAlive(PoolBase.java:184) - data-pool- - Failed to validate connection org.mariadb.jdbc.Connection@24f94dd4 ((conn=2174) Connection.setNetworkTimeout cannot be called on a closed connection). Possibly consider using a shorter maxLifetime value.
[09:04:33:247] [WARN] - com.zaxxer.hikari.pool.PoolBase.isConnectionAlive(PoolBase.java:184) - data-pool- - Failed to validate connection org.mariadb.jdbc.Connection@29660864 ((conn=2179) Connection.setNetworkTimeout cannot be called on a closed connection). Possibly consider using a shorter maxLifetime value.
[09:07:23:243] [WARN] - com.zaxxer.hikari.pool.PoolBase.isConnectionAlive(PoolBase.java:184) - data-pool- - Failed to validate connection org.mariadb.jdbc.Connection@3285d167 ((conn=2184) Connection.setNetworkTimeout cannot be called on a closed connection). Possibly consider using a shorter maxLifetime value.
[09:13:03:246] [WARN] - com.zaxxer.hikari.pool.PoolBase.isConnectionAlive(PoolBase.java:184) - data-pool- - Failed to validate connection org.mariadb.jdbc.Connection@6b8cdfec ((conn=2193) Connection.setNetworkTimeout cannot be called on a closed connection). Possibly consider using a shorter maxLifetime value.
[09:13:03:249] [WARN] - com.zaxxer.hikari.pool.PoolBase.isConnectionAlive(PoolBase.java:184) - data-pool- - Failed to validate connection org.mariadb.jdbc.Connection@43537459 ((conn=2194) Connection.setNetworkTimeout cannot be called on a closed connection). Possibly consider using a shorter maxLifetime value.
[09:18:03:245] [WARN] - com.zaxxer.hikari.pool.PoolBase.isConnectionAlive(PoolBase.java:184) - data-pool- - Failed to validate connection org.mariadb.jdbc.Connection@41ffc405 ((conn=2201) Connection.setNetworkTimeout cannot be called on a closed connection). Possibly consider using a shorter maxLifetime value.
[09:18:03:247] [WARN] - com.zaxxer.hikari.pool.PoolBase.isConnectionAlive(PoolBase.java:184) - data-pool- - Failed to validate connection org.mariadb.jdbc.Connection@12079148 ((conn=2202) Connection.setNetworkTimeout cannot be called on a closed connection). Possibly consider using a shorter maxLifetime value.
[09:18:03:248] [WARN] - com.zaxxer.hikari.pool.PoolBase.isConnectionAlive(PoolBase.java:184) - data-pool- - Failed to validate connection org.mariadb.jdbc.Connection@e86fa1e ((conn=2203) Connection.setNetworkTimeout cannot be called on a closed connection). Possibly consider using a shorter maxLifetime value.
[09:18:03:248] [WARN] - com.zaxxer.hikari.pool.PoolBase.isConnectionAlive(PoolBase.java:184) - data-pool- - Failed to validate connection org.mariadb.jdbc.Connection@3166c827 ((conn=2204) Connection.setNetworkTimeout cannot be called on a closed connection). Possibly consider using a shorter maxLifetime value.
[09:21:23:242] [WARN] - com.zaxxer.hikari.pool.PoolBase.isConnectionAlive(PoolBase.java:184) - data-pool- - Failed to validate connection org.mariadb.jdbc.Connection@785ece76 ((conn=2209) Connection.setNetworkTimeout cannot be called on a closed connection). Possibly consider using a shorter maxLifetime value.
[09:30:03:236] [WARN] - com.zaxxer.hikari.pool.PoolBase.isConnectionAlive(PoolBase.java:184) - data-pool- - Failed to validate connection org.mariadb.jdbc.Connection@19fedcf0 ((conn=2224) Connection.setNetworkTimeout cannot be called on a closed connection). Possibly consider using a shorter maxLifetime value.
[09:37:53:248] [WARN] - com.zaxxer.hikari.pool.PoolBase.isConnectionAlive(PoolBase.java:184) - data-pool- - Failed to validate connection org.mariadb.jdbc.Connection@694ad5d7 ((conn=2236) Connection.setNetworkTimeout cannot be called on a closed connection). Possibly consider using a shorter maxLifetime value.
[09:37:53:249] [WARN] - com.zaxxer.hikari.pool.PoolBase.isConnectionAlive(PoolBase.java:184) - data-pool- - Failed to validate connection org.mariadb.jdbc.Connection@597e0ae8 ((conn=2237) Connection.setNetworkTimeout cannot be called on a closed connection). Possibly consider using a shorter maxLifetime value.
[09:41:23:245] [WARN] - com.zaxxer.hikari.pool.PoolBase.isConnectionAlive(PoolBase.java:184) - data-pool- - Failed to validate connection org.mariadb.jdbc.Connection@5e9e0f5f ((conn=2242) Connection.setNetworkTimeout cannot be called on a closed connection). Possibly consider using a shorter maxLifetime value.
[09:41:23:246] [WARN] - com.zaxxer.hikari.pool.PoolBase.isConnectionAlive(PoolBase.java:184) - data-pool- - Failed to validate connection org.mariadb.jdbc.Connection@3102df66 ((conn=2243) Connection.setNetworkTimeout cannot be called on a closed connection). Possibly consider using a shorter maxLifetime value.
[09:41:23:247] [WARN] - com.zaxxer.hikari.pool.PoolBase.isConnectionAlive(PoolBase.java:184) - data-pool- - Failed to validate connection org.mariadb.jdbc.Connection@32f4e0b6 ((conn=2244) Connection.setNetworkTimeout cannot be called on a closed connection). Possibly consider using a shorter maxLifetime value.
[09:44:13:243] [WARN] - com.zaxxer.hikari.pool.PoolBase.isConnectionAlive(PoolBase.java:184) - data-pool- - Failed to validate connection org.mariadb.jdbc.Connection@2bebc395 ((conn=2247) Connection.setNetworkTimeout cannot be called on a closed connection). Possibly consider using a shorter maxLifetime value.
[09:44:13:245] [WARN] - com.zaxxer.hikari.pool.PoolBase.isConnectionAlive(PoolBase.java:184) - data-pool- - Failed to validate connection org.mariadb.jdbc.Connection@d5563ee ((conn=2248) Connection.setNetworkTimeout cannot be called on a closed connection). Possibly consider using a shorter maxLifetime value.
[09:44:13:246] [WARN] - com.zaxxer.hikari.pool.PoolBase.isConnectionAlive(PoolBase.java:184) - data-pool- - Failed to validate connection org.mariadb.jdbc.Connection@586b7147 ((conn=2249) Connection.setNetworkTimeout cannot be called on a closed connection). Possibly consider using a shorter maxLifetime value.
[09:52:43:365] [WARN] - com.zaxxer.hikari.pool.PoolBase.isConnectionAlive(PoolBase.java:184) - data-pool- - Failed to validate connection org.mariadb.jdbc.Connection@3684ea21 ((conn=2263) Connection.setNetworkTimeout cannot be called on a closed connection). Possibly consider using a shorter maxLifetime value.
[09:58:41:266] [WARN] - com.zaxxer.hikari.pool.PoolBase.isConnectionAlive(PoolBase.java:184) - data-pool- - Failed to validate connection org.mariadb.jdbc.Connection@7b9c8f10 ((conn=2273) Connection.setNetworkTimeout cannot be called on a closed connection). Possibly consider using a shorter maxLifetime value.
[09:58:41:267] [WARN] - com.zaxxer.hikari.pool.PoolBase.isConnectionAlive(PoolBase.java:184) - data-pool- - Failed to validate connection org.mariadb.jdbc.Connection@2743ce40 ((conn=2274) Connection.setNetworkTimeout cannot be called on a closed connection). Possibly consider using a shorter maxLifetime value.
[10:07:31:262] [WARN] - com.zaxxer.hikari.pool.PoolBase.isConnectionAlive(PoolBase.java:184) - data-pool- - Failed to validate connection org.mariadb.jdbc.Connection@89d58b8 ((conn=2289) Connection.setNetworkTimeout cannot be called on a closed connection). Possibly consider using a shorter maxLifetime value.
[10:22:11:270] [WARN] - com.zaxxer.hikari.pool.PoolBase.isConnectionAlive(PoolBase.java:184) - data-pool- - Failed to validate connection org.mariadb.jdbc.Connection@3a88cd55 ((conn=2311) Connection.setNetworkTimeout cannot be called on a closed connection). Possibly consider using a shorter maxLifetime value.
[10:24:31:260] [WARN] - com.zaxxer.hikari.pool.PoolBase.isConnectionAlive(PoolBase.java:184) - data-pool- - Failed to validate connection org.mariadb.jdbc.Connection@38d2ec1e ((conn=2316) Connection.setNetworkTimeout cannot be called on a closed connection). Possibly consider using a shorter maxLifetime value.
[10:24:31:262] [WARN] - com.zaxxer.hikari.pool.PoolBase.isConnectionAlive(PoolBase.java:184) - data-pool- - Failed to validate connection org.mariadb.jdbc.Connection@11b9bdf9 ((conn=2317) Connection.setNetworkTimeout cannot be called on a closed connection). Possibly consider using a shorter maxLifetime value.
[10:24:31:263] [WARN] - com.zaxxer.hikari.pool.PoolBase.isConnectionAlive(PoolBase.java:184) - data-pool- - Failed to validate connection org.mariadb.jdbc.Connection@3c51dab3 ((conn=2318) Connection.setNetworkTimeout cannot be called on a closed connection). Possibly consider using a shorter maxLifetime value.
[10:24:31:264] [WARN] - com.zaxxer.hikari.pool.PoolBase.isConnectionAlive(PoolBase.java:184) - data-pool- - Failed to validate connection org.mariadb.jdbc.Connection@13cc633b ((conn=2319) Connection.setNetworkTimeout cannot be called on a closed connection). Possibly consider using a shorter maxLifetime value.
[10:27:41:268] [WARN] - com.zaxxer.hikari.pool.PoolBase.isConnectionAlive(PoolBase.java:184) - data-pool- - Failed to validate connection org.mariadb.jdbc.Connection@28c8ea25 ((conn=2324) Connection.setNetworkTimeout cannot be called on a closed connection). Possibly consider using a shorter maxLifetime value.
[10:32:41:271] [WARN] - com.zaxxer.hikari.pool.PoolBase.isConnectionAlive(PoolBase.java:184) - data-pool- - Failed to validate connection org.mariadb.jdbc.Connection@669576f3 ((conn=2331) Connection.setNetworkTimeout cannot be called on a closed connection). Possibly consider using a shorter maxLifetime value.
[10:36:11:257] [WARN] - com.zaxxer.hikari.pool.PoolBase.isConnectionAlive(PoolBase.java:184) - data-pool- - Failed to validate connection org.mariadb.jdbc.Connection@7560b513 ((conn=2336) Connection.setNetworkTimeout cannot be called on a closed connection). Possibly consider using a shorter maxLifetime value.
[10:36:11:260] [WARN] - com.zaxxer.hikari.pool.PoolBase.isConnectionAlive(PoolBase.java:184) - data-pool- - Failed to validate connection org.mariadb.jdbc.Connection@36f80039 ((conn=2337) Connection.setNetworkTimeout cannot be called on a closed connection). Possibly consider using a shorter maxLifetime value.
[10:36:11:264] [WARN] - com.zaxxer.hikari.pool.PoolBase.isConnectionAlive(PoolBase.java:184) - data-pool- - Failed to validate connection org.mariadb.jdbc.Connection@f23458b ((conn=2338) Connection.setNetworkTimeout cannot be called on a closed connection). Possibly consider using a shorter maxLifetime value.
[10:36:11:266] [WARN] - com.zaxxer.hikari.pool.PoolBase.isConnectionAlive(PoolBase.java:184) - data-pool- - Failed to validate connection org.mariadb.jdbc.Connection@7f1bb151 ((conn=2339) Connection.setNetworkTimeout cannot be called on a closed connection). Possibly consider using a shorter maxLifetime value.
[10:38:41:265] [WARN] - com.zaxxer.hikari.pool.PoolBase.isConnectionAlive(PoolBase.java:184) - data-pool- - Failed to validate connection org.mariadb.jdbc.Connection@144cdfdd ((conn=2341) Connection.setNetworkTimeout cannot be called on a closed connection). Possibly consider using a shorter maxLifetime value.
[10:38:41:266] [WARN] - com.zaxxer.hikari.pool.PoolBase.isConnectionAlive(PoolBase.java:184) - data-pool- - Failed to validate connection org.mariadb.jdbc.Connection@367dfebb ((conn=2342) Connection.setNetworkTimeout cannot be called on a closed connection). Possibly consider using a shorter maxLifetime value.
[10:38:41:267] [WARN] - com.zaxxer.hikari.pool.PoolBase.isConnectionAlive(PoolBase.java:184) - data-pool- - Failed to validate connection org.mariadb.jdbc.Connection@2941151f ((conn=2343) Connection.setNetworkTimeout cannot be called on a closed connection). Possibly consider using a shorter maxLifetime value.
[10:38:41:267] [WARN] - com.zaxxer.hikari.pool.PoolBase.isConnectionAlive(PoolBase.java:184) - data-pool- - Failed to validate connection org.mariadb.jdbc.Connection@5b8195dd ((conn=2344) Connection.setNetworkTimeout cannot be called on a closed connection). Possibly consider using a shorter maxLifetime value.
[10:41:01:263] [WARN] - com.zaxxer.hikari.pool.PoolBase.isConnectionAlive(PoolBase.java:184) - data-pool- - Failed to validate connection org.mariadb.jdbc.Connection@670037f8 ((conn=2346) Connection.setNetworkTimeout cannot be called on a closed connection). Possibly consider using a shorter maxLifetime value.
[10:47:01:266] [WARN] - com.zaxxer.hikari.pool.PoolBase.isConnectionAlive(PoolBase.java:184) - data-pool- - Failed to validate connection org.mariadb.jdbc.Connection@24baf57f ((conn=2356) Connection.setNetworkTimeout cannot be called on a closed connection). Possibly consider using a shorter maxLifetime value.
[10:47:01:267] [WARN] - com.zaxxer.hikari.pool.PoolBase.isConnectionAlive(PoolBase.java:184) - data-pool- - Failed to validate connection org.mariadb.jdbc.Connection@73ab3004 ((conn=2357) Connection.setNetworkTimeout cannot be called on a closed connection). Possibly consider using a shorter maxLifetime value.
[10:47:01:269] [WARN] - com.zaxxer.hikari.pool.PoolBase.isConnectionAlive(PoolBase.java:184) - data-pool- - Failed to validate connection org.mariadb.jdbc.Connection@669be075 ((conn=2358) Connection.setNetworkTimeout cannot be called on a closed connection). Possibly consider using a shorter maxLifetime value.
[10:47:01:269] [WARN] - com.zaxxer.hikari.pool.PoolBase.isConnectionAlive(PoolBase.java:184) - data-pool- - Failed to validate connection org.mariadb.jdbc.Connection@a2e10dd ((conn=2359) Connection.setNetworkTimeout cannot be called on a closed connection). Possibly consider using a shorter maxLifetime value.
[11:01:51:262] [WARN] - com.zaxxer.hikari.pool.PoolBase.isConnectionAlive(PoolBase.java:184) - data-pool- - Failed to validate connection org.mariadb.jdbc.Connection@6c81c721 ((conn=2384) Connection.setNetworkTimeout cannot be called on a closed connection). Possibly consider using a shorter maxLifetime value.
[11:07:41:267] [WARN] - com.zaxxer.hikari.pool.PoolBase.isConnectionAlive(PoolBase.java:184) - data-pool- - Failed to validate connection org.mariadb.jdbc.Connection@4c65b363 ((conn=2392) Connection.setNetworkTimeout cannot be called on a closed connection). Possibly consider using a shorter maxLifetime value.
[11:07:41:267] [WARN] - com.zaxxer.hikari.pool.PoolBase.isConnectionAlive(PoolBase.java:184) - data-pool- - Failed to validate connection org.mariadb.jdbc.Connection@696ea960 ((conn=2391) Connection.setNetworkTimeout cannot be called on a closed connection). Possibly consider using a shorter maxLifetime value.
[11:07:41:269] [WARN] - com.zaxxer.hikari.pool.PoolBase.isConnectionAlive(PoolBase.java:184) - data-pool- - Failed to validate connection org.mariadb.jdbc.Connection@48652f1a ((conn=2394) Connection.setNetworkTimeout cannot be called on a closed connection). Possibly consider using a shorter maxLifetime value.
[11:07:41:270] [WARN] - com.zaxxer.hikari.pool.PoolBase.isConnectionAlive(PoolBase.java:184) - data-pool- - Failed to validate connection org.mariadb.jdbc.Connection@106b7b56 ((conn=2393) Connection.setNetworkTimeout cannot be called on a closed connection). Possibly consider using a shorter maxLifetime value.
[14:21:52:871] [WARN] - com.zaxxer.hikari.pool.HikariPool$HouseKeeper.run(HikariPool.java:788) - data-pool- - Thread starvation or clock leap detected (housekeeper delta=3h11m271ms987µs200ns).
[14:27:41:190] [WARN] - com.zaxxer.hikari.pool.PoolBase.isConnectionAlive(PoolBase.java:184) - data-pool- - Failed to validate connection org.mariadb.jdbc.Connection@338d048a ((conn=2412) Connection.setNetworkTimeout cannot be called on a closed connection). Possibly consider using a shorter maxLifetime value.
[14:27:41:192] [WARN] - com.zaxxer.hikari.pool.PoolBase.isConnectionAlive(PoolBase.java:184) - data-pool- - Failed to validate connection org.mariadb.jdbc.Connection@3f42cad0 ((conn=2413) Connection.setNetworkTimeout cannot be called on a closed connection). Possibly consider using a shorter maxLifetime value.
[14:27:41:193] [WARN] - com.zaxxer.hikari.pool.PoolBase.isConnectionAlive(PoolBase.java:184) - data-pool- - Failed to validate connection org.mariadb.jdbc.Connection@eac41 ((conn=2414) Connection.setNetworkTimeout cannot be called on a closed connection). Possibly consider using a shorter maxLifetime value.
[14:36:41:183] [WARN] - com.zaxxer.hikari.pool.PoolBase.isConnectionAlive(PoolBase.java:184) - data-pool- - Failed to validate connection org.mariadb.jdbc.Connection@42746c75 ((conn=2429) Connection.setNetworkTimeout cannot be called on a closed connection). Possibly consider using a shorter maxLifetime value.
[14:51:01:193] [WARN] - com.zaxxer.hikari.pool.PoolBase.isConnectionAlive(PoolBase.java:184) - data-pool- - Failed to validate connection org.mariadb.jdbc.Connection@75af80fc ((conn=2451) Connection.setNetworkTimeout cannot be called on a closed connection). Possibly consider using a shorter maxLifetime value.
[14:51:01:195] [WARN] - com.zaxxer.hikari.pool.PoolBase.isConnectionAlive(PoolBase.java:184) - data-pool- - Failed to validate connection org.mariadb.jdbc.Connection@f7ffeeb ((conn=2453) Connection.setNetworkTimeout cannot be called on a closed connection). Possibly consider using a shorter maxLifetime value.
[14:51:01:197] [WARN] - com.zaxxer.hikari.pool.PoolBase.isConnectionAlive(PoolBase.java:184) - data-pool- - Failed to validate connection org.mariadb.jdbc.Connection@7e6640f2 ((conn=2454) Connection.setNetworkTimeout cannot be called on a closed connection). Possibly consider using a shorter maxLifetime value.
[14:51:01:197] [WARN] - com.zaxxer.hikari.pool.PoolBase.isConnectionAlive(PoolBase.java:184) - data-pool- - Failed to validate connection org.mariadb.jdbc.Connection@30844dd9 ((conn=2452) Connection.setNetworkTimeout cannot be called on a closed connection). Possibly consider using a shorter maxLifetime value.
[14:56:51:190] [WARN] - com.zaxxer.hikari.pool.PoolBase.isConnectionAlive(PoolBase.java:184) - data-pool- - Failed to validate connection org.mariadb.jdbc.Connection@77c787a2 ((conn=2462) Connection.setNetworkTimeout cannot be called on a closed connection). Possibly consider using a shorter maxLifetime value.
[15:05:31:201] [WARN] - com.zaxxer.hikari.pool.PoolBase.isConnectionAlive(PoolBase.java:184) - data-pool- - Failed to validate connection org.mariadb.jdbc.Connection@1a9b56c7 ((conn=2476) Connection.setNetworkTimeout cannot be called on a closed connection). Possibly consider using a shorter maxLifetime value.
[15:07:41:198] [WARN] - com.zaxxer.hikari.pool.PoolBase.isConnectionAlive(PoolBase.java:184) - data-pool- - Failed to validate connection org.mariadb.jdbc.Connection@64c49757 ((conn=2481) Connection.setNetworkTimeout cannot be called on a closed connection). Possibly consider using a shorter maxLifetime value.
[15:08:51:191] [WARN] - com.zaxxer.hikari.pool.PoolBase.isConnectionAlive(PoolBase.java:184) - data-pool- - Failed to validate connection org.mariadb.jdbc.Connection@2de56619 ((conn=2484) Connection.setNetworkTimeout cannot be called on a closed connection). Possibly consider using a shorter maxLifetime value.
[15:10:51:190] [WARN] - com.zaxxer.hikari.pool.PoolBase.isConnectionAlive(PoolBase.java:184) - data-pool- - Failed to validate connection org.mariadb.jdbc.Connection@7d4c52dd ((conn=2486) Connection.setNetworkTimeout cannot be called on a closed connection). Possibly consider using a shorter maxLifetime value.
[15:10:51:193] [WARN] - com.zaxxer.hikari.pool.PoolBase.isConnectionAlive(PoolBase.java:184) - data-pool- - Failed to validate connection org.mariadb.jdbc.Connection@1b6e174c ((conn=2487) Connection.setNetworkTimeout cannot be called on a closed connection). Possibly consider using a shorter maxLifetime value.
[15:10:51:194] [WARN] - com.zaxxer.hikari.pool.PoolBase.isConnectionAlive(PoolBase.java:184) - data-pool- - Failed to validate connection org.mariadb.jdbc.Connection@e115f7 ((conn=2488) Connection.setNetworkTimeout cannot be called on a closed connection). Possibly consider using a shorter maxLifetime value.
[15:13:11:189] [WARN] - com.zaxxer.hikari.pool.PoolBase.isConnectionAlive(PoolBase.java:184) - data-pool- - Failed to validate connection org.mariadb.jdbc.Connection@547e8875 ((conn=2491) Connection.setNetworkTimeout cannot be called on a closed connection). Possibly consider using a shorter maxLifetime value.
[15:14:01:191] [WARN] - com.zaxxer.hikari.pool.PoolBase.isConnectionAlive(PoolBase.java:184) - data-pool- - Failed to validate connection org.mariadb.jdbc.Connection@26dafdc ((conn=2494) Connection.setNetworkTimeout cannot be called on a closed connection). Possibly consider using a shorter maxLifetime value.
[15:16:31:191] [WARN] - com.zaxxer.hikari.pool.PoolBase.isConnectionAlive(PoolBase.java:184) - data-pool- - Failed to validate connection org.mariadb.jdbc.Connection@1f24758c ((conn=2497) Connection.setNetworkTimeout cannot be called on a closed connection). Possibly consider using a shorter maxLifetime value.
[15:16:31:192] [WARN] - com.zaxxer.hikari.pool.PoolBase.isConnectionAlive(PoolBase.java:184) - data-pool- - Failed to validate connection org.mariadb.jdbc.Connection@5b16130f ((conn=2498) Connection.setNetworkTimeout cannot be called on a closed connection). Possibly consider using a shorter maxLifetime value.
[15:16:31:194] [WARN] - com.zaxxer.hikari.pool.PoolBase.isConnectionAlive(PoolBase.java:184) - data-pool- - Failed to validate connection org.mariadb.jdbc.Connection@3029ab56 ((conn=2499) Connection.setNetworkTimeout cannot be called on a closed connection). Possibly consider using a shorter maxLifetime value.
[15:22:11:191] [WARN] - com.zaxxer.hikari.pool.PoolBase.isConnectionAlive(PoolBase.java:184) - data-pool- - Failed to validate connection org.mariadb.jdbc.Connection@53b66654 ((conn=2506) Connection.setNetworkTimeout cannot be called on a closed connection). Possibly consider using a shorter maxLifetime value.
[15:22:11:191] [WARN] - com.zaxxer.hikari.pool.PoolBase.isConnectionAlive(PoolBase.java:184) - data-pool- - Failed to validate connection org.mariadb.jdbc.Connection@57b5404c ((conn=2507) Connection.setNetworkTimeout cannot be called on a closed connection). Possibly consider using a shorter maxLifetime value.
[15:22:11:191] [WARN] - com.zaxxer.hikari.pool.PoolBase.isConnectionAlive(PoolBase.java:184) - data-pool- - Failed to validate connection org.mariadb.jdbc.Connection@4262c513 ((conn=2508) Connection.setNetworkTimeout cannot be called on a closed connection). Possibly consider using a shorter maxLifetime value.
[15:22:11:192] [WARN] - com.zaxxer.hikari.pool.PoolBase.isConnectionAlive(PoolBase.java:184) - data-pool- - Failed to validate connection org.mariadb.jdbc.Connection@5677077b ((conn=2509) Connection.setNetworkTimeout cannot be called on a closed connection). Possibly consider using a shorter maxLifetime value.
[15:36:31:194] [WARN] - com.zaxxer.hikari.pool.PoolBase.isConnectionAlive(PoolBase.java:184) - data-pool- - Failed to validate connection org.mariadb.jdbc.Connection@41d246ad ((conn=2531) Connection.setNetworkTimeout cannot be called on a closed connection). Possibly consider using a shorter maxLifetime value.
[15:42:11:187] [WARN] - com.zaxxer.hikari.pool.PoolBase.isConnectionAlive(PoolBase.java:184) - data-pool- - Failed to validate connection org.mariadb.jdbc.Connection@52d89ed3 ((conn=2541) Connection.setNetworkTimeout cannot be called on a closed connection). Possibly consider using a shorter maxLifetime value.
[15:42:11:189] [WARN] - com.zaxxer.hikari.pool.PoolBase.isConnectionAlive(PoolBase.java:184) - data-pool- - Failed to validate connection org.mariadb.jdbc.Connection@3c9e9e18 ((conn=2542) Connection.setNetworkTimeout cannot be called on a closed connection). Possibly consider using a shorter maxLifetime value.
[15:42:11:191] [WARN] - com.zaxxer.hikari.pool.PoolBase.isConnectionAlive(PoolBase.java:184) - data-pool- - Failed to validate connection org.mariadb.jdbc.Connection@6f36d660 ((conn=2543) Connection.setNetworkTimeout cannot be called on a closed connection). Possibly consider using a shorter maxLifetime value.
[15:42:11:192] [WARN] - com.zaxxer.hikari.pool.PoolBase.isConnectionAlive(PoolBase.java:184) - data-pool- - Failed to validate connection org.mariadb.jdbc.Connection@798ef353 ((conn=2544) Connection.setNetworkTimeout cannot be called on a closed connection). Possibly consider using a shorter maxLifetime value.
[15:47:41:191] [WARN] - com.zaxxer.hikari.pool.PoolBase.isConnectionAlive(PoolBase.java:184) - data-pool- - Failed to validate connection org.mariadb.jdbc.Connection@7606cf3d ((conn=2552) Connection.setNetworkTimeout cannot be called on a closed connection). Possibly consider using a shorter maxLifetime value.
[15:51:41:187] [WARN] - com.zaxxer.hikari.pool.PoolBase.isConnectionAlive(PoolBase.java:184) - data-pool- - Failed to validate connection org.mariadb.jdbc.Connection@1557be0e ((conn=2560) Connection.setNetworkTimeout cannot be called on a closed connection). Possibly consider using a shorter maxLifetime value.
[15:54:01:192] [WARN] - com.zaxxer.hikari.pool.PoolBase.isConnectionAlive(PoolBase.java:184) - data-pool- - Failed to validate connection org.mariadb.jdbc.Connection@5a96db12 ((conn=2563) Connection.setNetworkTimeout cannot be called on a closed connection). Possibly consider using a shorter maxLifetime value.
[15:54:11:191] [WARN] - com.zaxxer.hikari.pool.PoolBase.isConnectionAlive(PoolBase.java:184) - data-pool- - Failed to validate connection org.mariadb.jdbc.Connection@69f8cd4e ((conn=2565) Connection.setNetworkTimeout cannot be called on a closed connection). Possibly consider using a shorter maxLifetime value.
[16:02:11:198] [WARN] - com.zaxxer.hikari.pool.PoolBase.isConnectionAlive(PoolBase.java:184) - data-pool- - Failed to validate connection org.mariadb.jdbc.Connection@77b014ed ((conn=2578) Connection.setNetworkTimeout cannot be called on a closed connection). Possibly consider using a shorter maxLifetime value.
[16:04:31:193] [WARN] - com.zaxxer.hikari.pool.PoolBase.isConnectionAlive(PoolBase.java:184) - data-pool- - Failed to validate connection org.mariadb.jdbc.Connection@60facce0 ((conn=2582) Connection.setNetworkTimeout cannot be called on a closed connection). Possibly consider using a shorter maxLifetime value.
[16:05:51:191] [WARN] - com.zaxxer.hikari.pool.PoolBase.isConnectionAlive(PoolBase.java:184) - data-pool- - Failed to validate connection org.mariadb.jdbc.Connection@46790316 ((conn=2584) Connection.setNetworkTimeout cannot be called on a closed connection). Possibly consider using a shorter maxLifetime value.
[16:05:51:193] [WARN] - com.zaxxer.hikari.pool.PoolBase.isConnectionAlive(PoolBase.java:184) - data-pool- - Failed to validate connection org.mariadb.jdbc.Connection@28497fc9 ((conn=2585) Connection.setNetworkTimeout cannot be called on a closed connection). Possibly consider using a shorter maxLifetime value.
[16:08:01:181] [WARN] - com.zaxxer.hikari.pool.PoolBase.isConnectionAlive(PoolBase.java:184) - data-pool- - Failed to validate connection org.mariadb.jdbc.Connection@3077802f ((conn=2588) Connection.setNetworkTimeout cannot be called on a closed connection). Possibly consider using a shorter maxLifetime value.
[16:08:01:182] [WARN] - com.zaxxer.hikari.pool.PoolBase.isConnectionAlive(PoolBase.java:184) - data-pool- - Failed to validate connection org.mariadb.jdbc.Connection@7d2c3817 ((conn=2589) Connection.setNetworkTimeout cannot be called on a closed connection). Possibly consider using a shorter maxLifetime value.
[16:08:01:183] [WARN] - com.zaxxer.hikari.pool.PoolBase.isConnectionAlive(PoolBase.java:184) - data-pool- - Failed to validate connection org.mariadb.jdbc.Connection@4633df5a ((conn=2590) Connection.setNetworkTimeout cannot be called on a closed connection). Possibly consider using a shorter maxLifetime value.
[16:10:31:187] [WARN] - com.zaxxer.hikari.pool.PoolBase.isConnectionAlive(PoolBase.java:184) - data-pool- - Failed to validate connection org.mariadb.jdbc.Connection@6574d30f ((conn=2593) Connection.setNetworkTimeout cannot be called on a closed connection). Possibly consider using a shorter maxLifetime value.
[16:10:31:187] [WARN] - com.zaxxer.hikari.pool.PoolBase.isConnectionAlive(PoolBase.java:184) - data-pool- - Failed to validate connection org.mariadb.jdbc.Connection@6efe412d ((conn=2594) Connection.setNetworkTimeout cannot be called on a closed connection). Possibly consider using a shorter maxLifetime value.
[16:10:31:189] [WARN] - com.zaxxer.hikari.pool.PoolBase.isConnectionAlive(PoolBase.java:184) - data-pool- - Failed to validate connection org.mariadb.jdbc.Connection@7cfeeff9 ((conn=2595) Connection.setNetworkTimeout cannot be called on a closed connection). Possibly consider using a shorter maxLifetime value.
[16:13:49:632] [INFO] - my.utils.loggerUtils.info(loggerUtils.java:18) - 加载version文件完成！
[16:13:49:681] [INFO] - my.utils.loggerUtils.info(loggerUtils.java:18) - 加载nmb.apk完成！
[16:13:49:753] [INFO] - my.utils.loggerUtils.info(loggerUtils.java:18) - 实例化服务完成！
[16:13:50:026] [WARN] - com.zaxxer.hikari.HikariConfig.validateNumerics(HikariConfig.java:1084) - data-pool- - idleTimeout is close to or more than maxLifetime, disabling it.
[16:13:50:030] [INFO] - com.zaxxer.hikari.HikariDataSource.<init>(HikariDataSource.java:80) - data-pool- - Starting...
[16:13:50:179] [INFO] - com.zaxxer.hikari.HikariDataSource.<init>(HikariDataSource.java:82) - data-pool- - Start completed.
[16:13:50:721] [INFO] - my.utils.loggerUtils.info(loggerUtils.java:18) - 定时任务启动完成！
[16:13:51:677] [INFO] - my.utils.loggerUtils.info(loggerUtils.java:18) - 服务已经启动/9667
[16:15:12:918] [INFO] - my.utils.loggerUtils.info(loggerUtils.java:18) - 加载version文件完成！
[16:15:12:945] [INFO] - my.utils.loggerUtils.info(loggerUtils.java:18) - 加载nmb.apk完成！
[16:15:12:983] [INFO] - my.utils.loggerUtils.info(loggerUtils.java:18) - 实例化服务完成！
[16:15:13:140] [WARN] - com.zaxxer.hikari.HikariConfig.validateNumerics(HikariConfig.java:1084) - data-pool- - idleTimeout is close to or more than maxLifetime, disabling it.
[16:15:13:141] [INFO] - com.zaxxer.hikari.HikariDataSource.<init>(HikariDataSource.java:80) - data-pool- - Starting...
[16:15:13:205] [INFO] - com.zaxxer.hikari.HikariDataSource.<init>(HikariDataSource.java:82) - data-pool- - Start completed.
[16:15:13:507] [INFO] - my.utils.loggerUtils.info(loggerUtils.java:18) - 定时任务启动完成！
[16:15:14:059] [INFO] - my.utils.loggerUtils.info(loggerUtils.java:18) - 服务已经启动/9667
[16:17:43:511] [WARN] - com.zaxxer.hikari.pool.PoolBase.isConnectionAlive(PoolBase.java:184) - data-pool- - Failed to validate connection org.mariadb.jdbc.Connection@69b2e806 ((conn=2612) Connection.setNetworkTimeout cannot be called on a closed connection). Possibly consider using a shorter maxLifetime value.
[16:21:03:518] [WARN] - com.zaxxer.hikari.pool.PoolBase.isConnectionAlive(PoolBase.java:184) - data-pool- - Failed to validate connection org.mariadb.jdbc.Connection@1beba1c8 ((conn=2617) Connection.setNetworkTimeout cannot be called on a closed connection). Possibly consider using a shorter maxLifetime value.
[16:21:03:520] [WARN] - com.zaxxer.hikari.pool.PoolBase.isConnectionAlive(PoolBase.java:184) - data-pool- - Failed to validate connection org.mariadb.jdbc.Connection@1113cab8 ((conn=2618) Connection.setNetworkTimeout cannot be called on a closed connection). Possibly consider using a shorter maxLifetime value.
[16:21:03:521] [WARN] - com.zaxxer.hikari.pool.PoolBase.isConnectionAlive(PoolBase.java:184) - data-pool- - Failed to validate connection org.mariadb.jdbc.Connection@541156fe ((conn=2619) Connection.setNetworkTimeout cannot be called on a closed connection). Possibly consider using a shorter maxLifetime value.
[16:21:03:524] [WARN] - com.zaxxer.hikari.pool.PoolBase.isConnectionAlive(PoolBase.java:184) - data-pool- - Failed to validate connection org.mariadb.jdbc.Connection@12b24855 ((conn=2620) Connection.setNetworkTimeout cannot be called on a closed connection). Possibly consider using a shorter maxLifetime value.
[16:23:43:522] [WARN] - com.zaxxer.hikari.pool.PoolBase.isConnectionAlive(PoolBase.java:184) - data-pool- - Failed to validate connection org.mariadb.jdbc.Connection@1c48d2e0 ((conn=2622) Connection.setNetworkTimeout cannot be called on a closed connection). Possibly consider using a shorter maxLifetime value.
[16:23:43:525] [WARN] - com.zaxxer.hikari.pool.PoolBase.isConnectionAlive(PoolBase.java:184) - data-pool- - Failed to validate connection org.mariadb.jdbc.Connection@128f3f19 ((conn=2623) Connection.setNetworkTimeout cannot be called on a closed connection). Possibly consider using a shorter maxLifetime value.
[16:23:43:528] [WARN] - com.zaxxer.hikari.pool.PoolBase.isConnectionAlive(PoolBase.java:184) - data-pool- - Failed to validate connection org.mariadb.jdbc.Connection@16b0b990 ((conn=2624) Connection.setNetworkTimeout cannot be called on a closed connection). Possibly consider using a shorter maxLifetime value.
[16:23:43:529] [WARN] - com.zaxxer.hikari.pool.PoolBase.isConnectionAlive(PoolBase.java:184) - data-pool- - Failed to validate connection org.mariadb.jdbc.Connection@53b23522 ((conn=2625) Connection.setNetworkTimeout cannot be called on a closed connection). Possibly consider using a shorter maxLifetime value.
[16:25:53:509] [WARN] - com.zaxxer.hikari.pool.PoolBase.isConnectionAlive(PoolBase.java:184) - data-pool- - Failed to validate connection org.mariadb.jdbc.Connection@30b8f392 ((conn=2627) Connection.setNetworkTimeout cannot be called on a closed connection). Possibly consider using a shorter maxLifetime value.
[16:25:53:510] [WARN] - com.zaxxer.hikari.pool.PoolBase.isConnectionAlive(PoolBase.java:184) - data-pool- - Failed to validate connection org.mariadb.jdbc.Connection@4b837a3c ((conn=2628) Connection.setNetworkTimeout cannot be called on a closed connection). Possibly consider using a shorter maxLifetime value.
[16:29:23:518] [WARN] - com.zaxxer.hikari.pool.PoolBase.isConnectionAlive(PoolBase.java:184) - data-pool- - Failed to validate connection org.mariadb.jdbc.Connection@1fb85f3b ((conn=2633) Connection.setNetworkTimeout cannot be called on a closed connection). Possibly consider using a shorter maxLifetime value.
[16:29:23:519] [WARN] - com.zaxxer.hikari.pool.PoolBase.isConnectionAlive(PoolBase.java:184) - data-pool- - Failed to validate connection org.mariadb.jdbc.Connection@1540344b ((conn=2634) Connection.setNetworkTimeout cannot be called on a closed connection). Possibly consider using a shorter maxLifetime value.
[16:29:23:523] [WARN] - com.zaxxer.hikari.pool.PoolBase.isConnectionAlive(PoolBase.java:184) - data-pool- - Failed to validate connection org.mariadb.jdbc.Connection@5042b887 ((conn=2635) Connection.setNetworkTimeout cannot be called on a closed connection). Possibly consider using a shorter maxLifetime value.
[16:31:53:533] [WARN] - com.zaxxer.hikari.pool.PoolBase.isConnectionAlive(PoolBase.java:184) - data-pool- - Failed to validate connection org.mariadb.jdbc.Connection@658c85a1 ((conn=2639) Connection.setNetworkTimeout cannot be called on a closed connection). Possibly consider using a shorter maxLifetime value.
[16:31:53:533] [WARN] - com.zaxxer.hikari.pool.PoolBase.isConnectionAlive(PoolBase.java:184) - data-pool- - Failed to validate connection org.mariadb.jdbc.Connection@1a69ce79 ((conn=2638) Connection.setNetworkTimeout cannot be called on a closed connection). Possibly consider using a shorter maxLifetime value.
[16:31:53:538] [WARN] - com.zaxxer.hikari.pool.PoolBase.isConnectionAlive(PoolBase.java:184) - data-pool- - Failed to validate connection org.mariadb.jdbc.Connection@24d3082f ((conn=2640) Connection.setNetworkTimeout cannot be called on a closed connection). Possibly consider using a shorter maxLifetime value.
[16:34:03:518] [WARN] - com.zaxxer.hikari.pool.PoolBase.isConnectionAlive(PoolBase.java:184) - data-pool- - Failed to validate connection org.mariadb.jdbc.Connection@6244e721 ((conn=2642) Connection.setNetworkTimeout cannot be called on a closed connection). Possibly consider using a shorter maxLifetime value.
[16:37:33:517] [WARN] - com.zaxxer.hikari.pool.PoolBase.isConnectionAlive(PoolBase.java:184) - data-pool- - Failed to validate connection org.mariadb.jdbc.Connection@6edad9f1 ((conn=2648) Connection.setNetworkTimeout cannot be called on a closed connection). Possibly consider using a shorter maxLifetime value.
[16:37:33:525] [WARN] - com.zaxxer.hikari.pool.PoolBase.isConnectionAlive(PoolBase.java:184) - data-pool- - Failed to validate connection org.mariadb.jdbc.Connection@6422b281 ((conn=2649) Connection.setNetworkTimeout cannot be called on a closed connection). Possibly consider using a shorter maxLifetime value.
[16:40:13:518] [WARN] - com.zaxxer.hikari.pool.PoolBase.isConnectionAlive(PoolBase.java:184) - data-pool- - Failed to validate connection org.mariadb.jdbc.Connection@2648017b ((conn=2652) Connection.setNetworkTimeout cannot be called on a closed connection). Possibly consider using a shorter maxLifetime value.
[16:40:13:520] [WARN] - com.zaxxer.hikari.pool.PoolBase.isConnectionAlive(PoolBase.java:184) - data-pool- - Failed to validate connection org.mariadb.jdbc.Connection@1724003f ((conn=2653) Connection.setNetworkTimeout cannot be called on a closed connection). Possibly consider using a shorter maxLifetime value.
[16:40:13:523] [WARN] - com.zaxxer.hikari.pool.PoolBase.isConnectionAlive(PoolBase.java:184) - data-pool- - Failed to validate connection org.mariadb.jdbc.Connection@2042709e ((conn=2654) Connection.setNetworkTimeout cannot be called on a closed connection). Possibly consider using a shorter maxLifetime value.
[16:40:13:524] [WARN] - com.zaxxer.hikari.pool.PoolBase.isConnectionAlive(PoolBase.java:184) - data-pool- - Failed to validate connection org.mariadb.jdbc.Connection@4667fe34 ((conn=2655) Connection.setNetworkTimeout cannot be called on a closed connection). Possibly consider using a shorter maxLifetime value.
[16:43:03:508] [WARN] - com.zaxxer.hikari.pool.PoolBase.isConnectionAlive(PoolBase.java:184) - data-pool- - Failed to validate connection org.mariadb.jdbc.Connection@195f660c ((conn=2657) Connection.setNetworkTimeout cannot be called on a closed connection). Possibly consider using a shorter maxLifetime value.
[16:43:03:516] [WARN] - com.zaxxer.hikari.pool.PoolBase.isConnectionAlive(PoolBase.java:184) - data-pool- - Failed to validate connection org.mariadb.jdbc.Connection@13a70d7c ((conn=2658) Connection.setNetworkTimeout cannot be called on a closed connection). Possibly consider using a shorter maxLifetime value.
[16:43:03:518] [WARN] - com.zaxxer.hikari.pool.PoolBase.isConnectionAlive(PoolBase.java:184) - data-pool- - Failed to validate connection org.mariadb.jdbc.Connection@56a5816c ((conn=2659) Connection.setNetworkTimeout cannot be called on a closed connection). Possibly consider using a shorter maxLifetime value.
[16:43:03:522] [WARN] - com.zaxxer.hikari.pool.PoolBase.isConnectionAlive(PoolBase.java:184) - data-pool- - Failed to validate connection org.mariadb.jdbc.Connection@34a8e2b2 ((conn=2660) Connection.setNetworkTimeout cannot be called on a closed connection). Possibly consider using a shorter maxLifetime value.
[16:55:03:520] [WARN] - com.zaxxer.hikari.pool.PoolBase.isConnectionAlive(PoolBase.java:184) - data-pool- - Failed to validate connection org.mariadb.jdbc.Connection@704842e0 ((conn=2681) Connection.setNetworkTimeout cannot be called on a closed connection). Possibly consider using a shorter maxLifetime value.
[17:00:53:524] [WARN] - com.zaxxer.hikari.pool.PoolBase.isConnectionAlive(PoolBase.java:184) - data-pool- - Failed to validate connection org.mariadb.jdbc.Connection@2f70e4c9 ((conn=2690) Connection.setNetworkTimeout cannot be called on a closed connection). Possibly consider using a shorter maxLifetime value.
[17:00:53:530] [WARN] - com.zaxxer.hikari.pool.PoolBase.isConnectionAlive(PoolBase.java:184) - data-pool- - Failed to validate connection org.mariadb.jdbc.Connection@1f2e1b30 ((conn=2691) Connection.setNetworkTimeout cannot be called on a closed connection). Possibly consider using a shorter maxLifetime value.
[17:06:43:516] [WARN] - com.zaxxer.hikari.pool.PoolBase.isConnectionAlive(PoolBase.java:184) - data-pool- - Failed to validate connection org.mariadb.jdbc.Connection@1efd3daf ((conn=2698) Connection.setNetworkTimeout cannot be called on a closed connection). Possibly consider using a shorter maxLifetime value.
[17:06:43:519] [WARN] - com.zaxxer.hikari.pool.PoolBase.isConnectionAlive(PoolBase.java:184) - data-pool- - Failed to validate connection org.mariadb.jdbc.Connection@103ac000 ((conn=2699) Connection.setNetworkTimeout cannot be called on a closed connection). Possibly consider using a shorter maxLifetime value.
[17:06:43:519] [WARN] - com.zaxxer.hikari.pool.PoolBase.isConnectionAlive(PoolBase.java:184) - data-pool- - Failed to validate connection org.mariadb.jdbc.Connection@140556df ((conn=2700) Connection.setNetworkTimeout cannot be called on a closed connection). Possibly consider using a shorter maxLifetime value.
[17:06:43:520] [WARN] - com.zaxxer.hikari.pool.PoolBase.isConnectionAlive(PoolBase.java:184) - data-pool- - Failed to validate connection org.mariadb.jdbc.Connection@5107ca3b ((conn=2701) Connection.setNetworkTimeout cannot be called on a closed connection). Possibly consider using a shorter maxLifetime value.
[17:12:53:508] [WARN] - com.zaxxer.hikari.pool.PoolBase.isConnectionAlive(PoolBase.java:184) - data-pool- - Failed to validate connection org.mariadb.jdbc.Connection@c9011aa ((conn=2712) Connection.setNetworkTimeout cannot be called on a closed connection). Possibly consider using a shorter maxLifetime value.
[17:14:53:519] [WARN] - com.zaxxer.hikari.pool.PoolBase.isConnectionAlive(PoolBase.java:184) - data-pool- - Failed to validate connection org.mariadb.jdbc.Connection@7d548e23 ((conn=2714) Connection.setNetworkTimeout cannot be called on a closed connection). Possibly consider using a shorter maxLifetime value.
[17:14:53:523] [WARN] - com.zaxxer.hikari.pool.PoolBase.isConnectionAlive(PoolBase.java:184) - data-pool- - Failed to validate connection org.mariadb.jdbc.Connection@77ace553 ((conn=2715) Connection.setNetworkTimeout cannot be called on a closed connection). Possibly consider using a shorter maxLifetime value.
[17:14:53:523] [WARN] - com.zaxxer.hikari.pool.PoolBase.isConnectionAlive(PoolBase.java:184) - data-pool- - Failed to validate connection org.mariadb.jdbc.Connection@32ae75c2 ((conn=2716) Connection.setNetworkTimeout cannot be called on a closed connection). Possibly consider using a shorter maxLifetime value.
[17:14:53:524] [WARN] - com.zaxxer.hikari.pool.PoolBase.isConnectionAlive(PoolBase.java:184) - data-pool- - Failed to validate connection org.mariadb.jdbc.Connection@6b52d022 ((conn=2717) Connection.setNetworkTimeout cannot be called on a closed connection). Possibly consider using a shorter maxLifetime value.
[17:18:03:523] [WARN] - com.zaxxer.hikari.pool.PoolBase.isConnectionAlive(PoolBase.java:184) - data-pool- - Failed to validate connection org.mariadb.jdbc.Connection@26e085f1 ((conn=2722) Connection.setNetworkTimeout cannot be called on a closed connection). Possibly consider using a shorter maxLifetime value.
[17:18:03:524] [WARN] - com.zaxxer.hikari.pool.PoolBase.isConnectionAlive(PoolBase.java:184) - data-pool- - Failed to validate connection org.mariadb.jdbc.Connection@264e4081 ((conn=2723) Connection.setNetworkTimeout cannot be called on a closed connection). Possibly consider using a shorter maxLifetime value.
[17:32:43:521] [WARN] - com.zaxxer.hikari.pool.PoolBase.isConnectionAlive(PoolBase.java:184) - data-pool- - Failed to validate connection org.mariadb.jdbc.Connection@78b9976e ((conn=2747) Connection.setNetworkTimeout cannot be called on a closed connection). Possibly consider using a shorter maxLifetime value.
[17:32:43:522] [WARN] - com.zaxxer.hikari.pool.PoolBase.isConnectionAlive(PoolBase.java:184) - data-pool- - Failed to validate connection org.mariadb.jdbc.Connection@767e6609 ((conn=2748) Connection.setNetworkTimeout cannot be called on a closed connection). Possibly consider using a shorter maxLifetime value.
[17:38:13:514] [WARN] - com.zaxxer.hikari.pool.PoolBase.isConnectionAlive(PoolBase.java:184) - data-pool- - Failed to validate connection org.mariadb.jdbc.Connection@32b9d1f1 ((conn=2755) Connection.setNetworkTimeout cannot be called on a closed connection). Possibly consider using a shorter maxLifetime value.
[17:38:13:516] [WARN] - com.zaxxer.hikari.pool.PoolBase.isConnectionAlive(PoolBase.java:184) - data-pool- - Failed to validate connection org.mariadb.jdbc.Connection@3841ba81 ((conn=2756) Connection.setNetworkTimeout cannot be called on a closed connection). Possibly consider using a shorter maxLifetime value.
[17:41:13:517] [WARN] - com.zaxxer.hikari.pool.PoolBase.isConnectionAlive(PoolBase.java:184) - data-pool- - Failed to validate connection org.mariadb.jdbc.Connection@3338c107 ((conn=2761) Connection.setNetworkTimeout cannot be called on a closed connection). Possibly consider using a shorter maxLifetime value.
[17:41:13:519] [WARN] - com.zaxxer.hikari.pool.PoolBase.isConnectionAlive(PoolBase.java:184) - data-pool- - Failed to validate connection org.mariadb.jdbc.Connection@3dff3910 ((conn=2762) Connection.setNetworkTimeout cannot be called on a closed connection). Possibly consider using a shorter maxLifetime value.
[17:41:13:520] [WARN] - com.zaxxer.hikari.pool.PoolBase.isConnectionAlive(PoolBase.java:184) - data-pool- - Failed to validate connection org.mariadb.jdbc.Connection@39c0aa77 ((conn=2763) Connection.setNetworkTimeout cannot be called on a closed connection). Possibly consider using a shorter maxLifetime value.
[17:46:23:514] [WARN] - com.zaxxer.hikari.pool.PoolBase.isConnectionAlive(PoolBase.java:184) - data-pool- - Failed to validate connection org.mariadb.jdbc.Connection@634cda2c ((conn=2770) Connection.setNetworkTimeout cannot be called on a closed connection). Possibly consider using a shorter maxLifetime value.
[17:46:23:515] [WARN] - com.zaxxer.hikari.pool.PoolBase.isConnectionAlive(PoolBase.java:184) - data-pool- - Failed to validate connection org.mariadb.jdbc.Connection@52e51aaf ((conn=2771) Connection.setNetworkTimeout cannot be called on a closed connection). Possibly consider using a shorter maxLifetime value.
[17:46:23:516] [WARN] - com.zaxxer.hikari.pool.PoolBase.isConnectionAlive(PoolBase.java:184) - data-pool- - Failed to validate connection org.mariadb.jdbc.Connection@67b123a ((conn=2772) Connection.setNetworkTimeout cannot be called on a closed connection). Possibly consider using a shorter maxLifetime value.
[17:46:23:518] [WARN] - com.zaxxer.hikari.pool.PoolBase.isConnectionAlive(PoolBase.java:184) - data-pool- - Failed to validate connection org.mariadb.jdbc.Connection@3632563 ((conn=2773) Connection.setNetworkTimeout cannot be called on a closed connection). Possibly consider using a shorter maxLifetime value.
[17:48:53:511] [WARN] - com.zaxxer.hikari.pool.PoolBase.isConnectionAlive(PoolBase.java:184) - data-pool- - Failed to validate connection org.mariadb.jdbc.Connection@1bc26c47 ((conn=2775) Connection.setNetworkTimeout cannot be called on a closed connection). Possibly consider using a shorter maxLifetime value.
[17:48:53:512] [WARN] - com.zaxxer.hikari.pool.PoolBase.isConnectionAlive(PoolBase.java:184) - data-pool- - Failed to validate connection org.mariadb.jdbc.Connection@1505914f ((conn=2776) Connection.setNetworkTimeout cannot be called on a closed connection). Possibly consider using a shorter maxLifetime value.
[17:48:53:512] [WARN] - com.zaxxer.hikari.pool.PoolBase.isConnectionAlive(PoolBase.java:184) - data-pool- - Failed to validate connection org.mariadb.jdbc.Connection@113a0737 ((conn=2777) Connection.setNetworkTimeout cannot be called on a closed connection). Possibly consider using a shorter maxLifetime value.
[17:48:53:513] [WARN] - com.zaxxer.hikari.pool.PoolBase.isConnectionAlive(PoolBase.java:184) - data-pool- - Failed to validate connection org.mariadb.jdbc.Connection@54389b74 ((conn=2778) Connection.setNetworkTimeout cannot be called on a closed connection). Possibly consider using a shorter maxLifetime value.
[17:52:03:524] [WARN] - com.zaxxer.hikari.pool.PoolBase.isConnectionAlive(PoolBase.java:184) - data-pool- - Failed to validate connection org.mariadb.jdbc.Connection@68bc8c51 ((conn=2784) Connection.setNetworkTimeout cannot be called on a closed connection). Possibly consider using a shorter maxLifetime value.
[17:57:33:520] [WARN] - com.zaxxer.hikari.pool.PoolBase.isConnectionAlive(PoolBase.java:184) - data-pool- - Failed to validate connection org.mariadb.jdbc.Connection@23c75571 ((conn=2792) Connection.setNetworkTimeout cannot be called on a closed connection). Possibly consider using a shorter maxLifetime value.
[17:57:33:522] [WARN] - com.zaxxer.hikari.pool.PoolBase.isConnectionAlive(PoolBase.java:184) - data-pool- - Failed to validate connection org.mariadb.jdbc.Connection@293f3e01 ((conn=2793) Connection.setNetworkTimeout cannot be called on a closed connection). Possibly consider using a shorter maxLifetime value.
[17:59:43:519] [WARN] - com.zaxxer.hikari.pool.PoolBase.isConnectionAlive(PoolBase.java:184) - data-pool- - Failed to validate connection org.mariadb.jdbc.Connection@3288070c ((conn=2796) Connection.setNetworkTimeout cannot be called on a closed connection). Possibly consider using a shorter maxLifetime value.
[17:59:43:519] [WARN] - com.zaxxer.hikari.pool.PoolBase.isConnectionAlive(PoolBase.java:184) - data-pool- - Failed to validate connection org.mariadb.jdbc.Connection@7d1d886f ((conn=2797) Connection.setNetworkTimeout cannot be called on a closed connection). Possibly consider using a shorter maxLifetime value.
[18:01:33:513] [WARN] - com.zaxxer.hikari.pool.PoolBase.isConnectionAlive(PoolBase.java:184) - data-pool- - Failed to validate connection org.mariadb.jdbc.Connection@7db2b8d ((conn=2800) Connection.setNetworkTimeout cannot be called on a closed connection). Possibly consider using a shorter maxLifetime value.
[18:01:53:509] [WARN] - com.zaxxer.hikari.pool.PoolBase.isConnectionAlive(PoolBase.java:184) - data-pool- - Failed to validate connection org.mariadb.jdbc.Connection@3456ab41 ((conn=2802) Connection.setNetworkTimeout cannot be called on a closed connection). Possibly consider using a shorter maxLifetime value.
[18:02:43:508] [WARN] - com.zaxxer.hikari.pool.PoolBase.isConnectionAlive(PoolBase.java:184) - data-pool- - Failed to validate connection org.mariadb.jdbc.Connection@51d9ab8e ((conn=2803) Connection.setNetworkTimeout cannot be called on a closed connection). Possibly consider using a shorter maxLifetime value.
[18:04:03:518] [WARN] - com.zaxxer.hikari.pool.PoolBase.isConnectionAlive(PoolBase.java:184) - data-pool- - Failed to validate connection org.mariadb.jdbc.Connection@7a8a69f2 ((conn=2806) Connection.setNetworkTimeout cannot be called on a closed connection). Possibly consider using a shorter maxLifetime value.
[18:04:03:519] [WARN] - com.zaxxer.hikari.pool.PoolBase.isConnectionAlive(PoolBase.java:184) - data-pool- - Failed to validate connection org.mariadb.jdbc.Connection@2ef9971d ((conn=2805) Connection.setNetworkTimeout cannot be called on a closed connection). Possibly consider using a shorter maxLifetime value.
[18:06:03:520] [WARN] - com.zaxxer.hikari.pool.PoolBase.isConnectionAlive(PoolBase.java:184) - data-pool- - Failed to validate connection org.mariadb.jdbc.Connection@31283574 ((conn=2809) Connection.setNetworkTimeout cannot be called on a closed connection). Possibly consider using a shorter maxLifetime value.
[18:08:43:508] [WARN] - com.zaxxer.hikari.pool.PoolBase.isConnectionAlive(PoolBase.java:184) - data-pool- - Failed to validate connection org.mariadb.jdbc.Connection@5e66b9fe ((conn=2814) Connection.setNetworkTimeout cannot be called on a closed connection). Possibly consider using a shorter maxLifetime value.
[18:09:43:517] [WARN] - com.zaxxer.hikari.pool.PoolBase.isConnectionAlive(PoolBase.java:184) - data-pool- - Failed to validate connection org.mariadb.jdbc.Connection@4485cb37 ((conn=2816) Connection.setNetworkTimeout cannot be called on a closed connection). Possibly consider using a shorter maxLifetime value.
[18:10:53:513] [WARN] - com.zaxxer.hikari.pool.PoolBase.isConnectionAlive(PoolBase.java:184) - data-pool- - Failed to validate connection org.mariadb.jdbc.Connection@1955483c ((conn=2818) Connection.setNetworkTimeout cannot be called on a closed connection). Possibly consider using a shorter maxLifetime value.
[18:12:03:517] [WARN] - com.zaxxer.hikari.pool.PoolBase.isConnectionAlive(PoolBase.java:184) - data-pool- - Failed to validate connection org.mariadb.jdbc.Connection@6a5fcbfb ((conn=2821) Connection.setNetworkTimeout cannot be called on a closed connection). Possibly consider using a shorter maxLifetime value.
[18:12:03:517] [WARN] - com.zaxxer.hikari.pool.PoolBase.isConnectionAlive(PoolBase.java:184) - data-pool- - Failed to validate connection org.mariadb.jdbc.Connection@6d8c454a ((conn=2820) Connection.setNetworkTimeout cannot be called on a closed connection). Possibly consider using a shorter maxLifetime value.
[18:14:23:512] [WARN] - com.zaxxer.hikari.pool.PoolBase.isConnectionAlive(PoolBase.java:184) - data-pool- - Failed to validate connection org.mariadb.jdbc.Connection@549ed28e ((conn=2824) Connection.setNetworkTimeout cannot be called on a closed connection). Possibly consider using a shorter maxLifetime value.
[18:14:23:512] [WARN] - com.zaxxer.hikari.pool.PoolBase.isConnectionAlive(PoolBase.java:184) - data-pool- - Failed to validate connection org.mariadb.jdbc.Connection@38706c7c ((conn=2825) Connection.setNetworkTimeout cannot be called on a closed connection). Possibly consider using a shorter maxLifetime value.
[18:14:23:513] [WARN] - com.zaxxer.hikari.pool.PoolBase.isConnectionAlive(PoolBase.java:184) - data-pool- - Failed to validate connection org.mariadb.jdbc.Connection@7a5eb4fd ((conn=2826) Connection.setNetworkTimeout cannot be called on a closed connection). Possibly consider using a shorter maxLifetime value.
[18:16:33:507] [WARN] - com.zaxxer.hikari.pool.PoolBase.isConnectionAlive(PoolBase.java:184) - data-pool- - Failed to validate connection org.mariadb.jdbc.Connection@69847969 ((conn=2828) Connection.setNetworkTimeout cannot be called on a closed connection). Possibly consider using a shorter maxLifetime value.
[18:16:33:508] [WARN] - com.zaxxer.hikari.pool.PoolBase.isConnectionAlive(PoolBase.java:184) - data-pool- - Failed to validate connection org.mariadb.jdbc.Connection@39005e47 ((conn=2829) Connection.setNetworkTimeout cannot be called on a closed connection). Possibly consider using a shorter maxLifetime value.
[18:16:33:509] [WARN] - com.zaxxer.hikari.pool.PoolBase.isConnectionAlive(PoolBase.java:184) - data-pool- - Failed to validate connection org.mariadb.jdbc.Connection@4865768f ((conn=2830) Connection.setNetworkTimeout cannot be called on a closed connection). Possibly consider using a shorter maxLifetime value.
[18:16:33:509] [WARN] - com.zaxxer.hikari.pool.PoolBase.isConnectionAlive(PoolBase.java:184) - data-pool- - Failed to validate connection org.mariadb.jdbc.Connection@2e011db ((conn=2831) Connection.setNetworkTimeout cannot be called on a closed connection). Possibly consider using a shorter maxLifetime value.
[18:19:43:523] [WARN] - com.zaxxer.hikari.pool.PoolBase.isConnectionAlive(PoolBase.java:184) - data-pool- - Failed to validate connection org.mariadb.jdbc.Connection@33c9afea ((conn=2836) Connection.setNetworkTimeout cannot be called on a closed connection). Possibly consider using a shorter maxLifetime value.
[18:22:33:516] [WARN] - com.zaxxer.hikari.pool.PoolBase.isConnectionAlive(PoolBase.java:184) - data-pool- - Failed to validate connection org.mariadb.jdbc.Connection@4b99b09e ((conn=2841) Connection.setNetworkTimeout cannot be called on a closed connection). Possibly consider using a shorter maxLifetime value.
[18:24:53:507] [WARN] - com.zaxxer.hikari.pool.PoolBase.isConnectionAlive(PoolBase.java:184) - data-pool- - Failed to validate connection org.mariadb.jdbc.Connection@7d72f516 ((conn=2843) Connection.setNetworkTimeout cannot be called on a closed connection). Possibly consider using a shorter maxLifetime value.
[18:24:53:508] [WARN] - com.zaxxer.hikari.pool.PoolBase.isConnectionAlive(PoolBase.java:184) - data-pool- - Failed to validate connection org.mariadb.jdbc.Connection@4cc50d9f ((conn=2844) Connection.setNetworkTimeout cannot be called on a closed connection). Possibly consider using a shorter maxLifetime value.
[18:24:53:509] [WARN] - com.zaxxer.hikari.pool.PoolBase.isConnectionAlive(PoolBase.java:184) - data-pool- - Failed to validate connection org.mariadb.jdbc.Connection@77ed9bf7 ((conn=2845) Connection.setNetworkTimeout cannot be called on a closed connection). Possibly consider using a shorter maxLifetime value.
[18:24:53:509] [WARN] - com.zaxxer.hikari.pool.PoolBase.isConnectionAlive(PoolBase.java:184) - data-pool- - Failed to validate connection org.mariadb.jdbc.Connection@1d5d0a59 ((conn=2846) Connection.setNetworkTimeout cannot be called on a closed connection). Possibly consider using a shorter maxLifetime value.
[18:27:13:679] [WARN] - com.zaxxer.hikari.pool.PoolBase.isConnectionAlive(PoolBase.java:184) - data-pool- - Failed to validate connection org.mariadb.jdbc.Connection@f627e58 ((conn=2848) Connection.setNetworkTimeout cannot be called on a closed connection). Possibly consider using a shorter maxLifetime value.
[18:27:13:680] [WARN] - com.zaxxer.hikari.pool.PoolBase.isConnectionAlive(PoolBase.java:184) - data-pool- - Failed to validate connection org.mariadb.jdbc.Connection@15af7bf1 ((conn=2849) Connection.setNetworkTimeout cannot be called on a closed connection). Possibly consider using a shorter maxLifetime value.
[18:27:13:681] [WARN] - com.zaxxer.hikari.pool.PoolBase.isConnectionAlive(PoolBase.java:184) - data-pool- - Failed to validate connection org.mariadb.jdbc.Connection@7359b591 ((conn=2850) Connection.setNetworkTimeout cannot be called on a closed connection). Possibly consider using a shorter maxLifetime value.
[18:30:43:512] [WARN] - com.zaxxer.hikari.pool.PoolBase.isConnectionAlive(PoolBase.java:184) - data-pool- - Failed to validate connection org.mariadb.jdbc.Connection@41bc2cc5 ((conn=2856) Connection.setNetworkTimeout cannot be called on a closed connection). Possibly consider using a shorter maxLifetime value.
[18:33:03:509] [WARN] - com.zaxxer.hikari.pool.PoolBase.isConnectionAlive(PoolBase.java:184) - data-pool- - Failed to validate connection org.mariadb.jdbc.Connection@2fb0b4b ((conn=2858) Connection.setNetworkTimeout cannot be called on a closed connection). Possibly consider using a shorter maxLifetime value.
[18:33:03:511] [WARN] - com.zaxxer.hikari.pool.PoolBase.isConnectionAlive(PoolBase.java:184) - data-pool- - Failed to validate connection org.mariadb.jdbc.Connection@7aa7ed86 ((conn=2859) Connection.setNetworkTimeout cannot be called on a closed connection). Possibly consider using a shorter maxLifetime value.
[18:33:13:519] [WARN] - com.zaxxer.hikari.pool.PoolBase.isConnectionAlive(PoolBase.java:184) - data-pool- - Failed to validate connection org.mariadb.jdbc.Connection@3ec26d3e ((conn=2861) Connection.setNetworkTimeout cannot be called on a closed connection). Possibly consider using a shorter maxLifetime value.
[18:35:13:520] [WARN] - com.zaxxer.hikari.pool.PoolBase.isConnectionAlive(PoolBase.java:184) - data-pool- - Failed to validate connection org.mariadb.jdbc.Connection@56fb29c5 ((conn=2863) Connection.setNetworkTimeout cannot be called on a closed connection). Possibly consider using a shorter maxLifetime value.
[18:35:13:522] [WARN] - com.zaxxer.hikari.pool.PoolBase.isConnectionAlive(PoolBase.java:184) - data-pool- - Failed to validate connection org.mariadb.jdbc.Connection@2e432990 ((conn=2864) Connection.setNetworkTimeout cannot be called on a closed connection). Possibly consider using a shorter maxLifetime value.
[18:38:43:517] [WARN] - com.zaxxer.hikari.pool.PoolBase.isConnectionAlive(PoolBase.java:184) - data-pool- - Failed to validate connection org.mariadb.jdbc.Connection@69ed2940 ((conn=2869) Connection.setNetworkTimeout cannot be called on a closed connection). Possibly consider using a shorter maxLifetime value.
[18:38:43:517] [WARN] - com.zaxxer.hikari.pool.PoolBase.isConnectionAlive(PoolBase.java:184) - data-pool- - Failed to validate connection org.mariadb.jdbc.Connection@28939a48 ((conn=2870) Connection.setNetworkTimeout cannot be called on a closed connection). Possibly consider using a shorter maxLifetime value.
[18:38:43:517] [WARN] - com.zaxxer.hikari.pool.PoolBase.isConnectionAlive(PoolBase.java:184) - data-pool- - Failed to validate connection org.mariadb.jdbc.Connection@560ffe04 ((conn=2871) Connection.setNetworkTimeout cannot be called on a closed connection). Possibly consider using a shorter maxLifetime value.
[18:41:13:518] [WARN] - com.zaxxer.hikari.pool.PoolBase.isConnectionAlive(PoolBase.java:184) - data-pool- - Failed to validate connection org.mariadb.jdbc.Connection@2b6f4f60 ((conn=2874) Connection.setNetworkTimeout cannot be called on a closed connection). Possibly consider using a shorter maxLifetime value.
[18:41:13:521] [WARN] - com.zaxxer.hikari.pool.PoolBase.isConnectionAlive(PoolBase.java:184) - data-pool- - Failed to validate connection org.mariadb.jdbc.Connection@2903ed1f ((conn=2875) Connection.setNetworkTimeout cannot be called on a closed connection). Possibly consider using a shorter maxLifetime value.
[18:41:13:522] [WARN] - com.zaxxer.hikari.pool.PoolBase.isConnectionAlive(PoolBase.java:184) - data-pool- - Failed to validate connection org.mariadb.jdbc.Connection@7a593acd ((conn=2876) Connection.setNetworkTimeout cannot be called on a closed connection). Possibly consider using a shorter maxLifetime value.
[18:43:33:515] [WARN] - com.zaxxer.hikari.pool.PoolBase.isConnectionAlive(PoolBase.java:184) - data-pool- - Failed to validate connection org.mariadb.jdbc.Connection@e67934a ((conn=2878) Connection.setNetworkTimeout cannot be called on a closed connection). Possibly consider using a shorter maxLifetime value.
[18:47:03:508] [WARN] - com.zaxxer.hikari.pool.PoolBase.isConnectionAlive(PoolBase.java:184) - data-pool- - Failed to validate connection org.mariadb.jdbc.Connection@7b6edd6c ((conn=2883) Connection.setNetworkTimeout cannot be called on a closed connection). Possibly consider using a shorter maxLifetime value.
[18:47:03:509] [WARN] - com.zaxxer.hikari.pool.PoolBase.isConnectionAlive(PoolBase.java:184) - data-pool- - Failed to validate connection org.mariadb.jdbc.Connection@7a0e2be2 ((conn=2884) Connection.setNetworkTimeout cannot be called on a closed connection). Possibly consider using a shorter maxLifetime value.
[18:47:03:509] [WARN] - com.zaxxer.hikari.pool.PoolBase.isConnectionAlive(PoolBase.java:184) - data-pool- - Failed to validate connection org.mariadb.jdbc.Connection@f18615b ((conn=2885) Connection.setNetworkTimeout cannot be called on a closed connection). Possibly consider using a shorter maxLifetime value.
[18:47:03:510] [WARN] - com.zaxxer.hikari.pool.PoolBase.isConnectionAlive(PoolBase.java:184) - data-pool- - Failed to validate connection org.mariadb.jdbc.Connection@2904869 ((conn=2886) Connection.setNetworkTimeout cannot be called on a closed connection). Possibly consider using a shorter maxLifetime value.
[08:35:12:224] [WARN] - com.zaxxer.hikari.pool.HikariPool$HouseKeeper.run(HikariPool.java:788) - data-pool- - Thread starvation or clock leap detected (housekeeper delta=13h45m26s357ms874µs300ns).
[08:41:43:401] [WARN] - com.zaxxer.hikari.pool.PoolBase.isConnectionAlive(PoolBase.java:184) - data-pool- - Failed to validate connection org.mariadb.jdbc.Connection@14041913 ((conn=2903) Connection.setNetworkTimeout cannot be called on a closed connection). Possibly consider using a shorter maxLifetime value.
[08:44:13:398] [WARN] - com.zaxxer.hikari.pool.PoolBase.isConnectionAlive(PoolBase.java:184) - data-pool- - Failed to validate connection org.mariadb.jdbc.Connection@14cc44 ((conn=2908) Connection.setNetworkTimeout cannot be called on a closed connection). Possibly consider using a shorter maxLifetime value.
[10:53:18:511] [INFO] - my.utils.loggerUtils.info(loggerUtils.java:18) - 加载version文件完成！
[10:53:18:552] [INFO] - my.utils.loggerUtils.info(loggerUtils.java:18) - 加载nmb.apk完成！
[10:53:18:605] [INFO] - my.utils.loggerUtils.info(loggerUtils.java:18) - 实例化服务完成！
[10:53:18:835] [WARN] - com.zaxxer.hikari.HikariConfig.validateNumerics(HikariConfig.java:1084) - data-pool- - idleTimeout is close to or more than maxLifetime, disabling it.
[10:53:18:839] [INFO] - com.zaxxer.hikari.HikariDataSource.<init>(HikariDataSource.java:80) - data-pool- - Starting...
[10:53:18:951] [INFO] - com.zaxxer.hikari.HikariDataSource.<init>(HikariDataSource.java:82) - data-pool- - Start completed.
[10:53:19:423] [INFO] - my.utils.loggerUtils.info(loggerUtils.java:18) - 定时任务启动完成！
[10:53:20:209] [INFO] - my.utils.loggerUtils.info(loggerUtils.java:18) - 服务已经启动/9667
[10:56:49:431] [WARN] - com.zaxxer.hikari.pool.PoolBase.isConnectionAlive(PoolBase.java:184) - data-pool- - Failed to validate connection org.mariadb.jdbc.Connection@5b220776 ((conn=2919) Connection.setNetworkTimeout cannot be called on a closed connection). Possibly consider using a shorter maxLifetime value.
[10:59:19:467] [WARN] - com.zaxxer.hikari.pool.PoolBase.isConnectionAlive(PoolBase.java:184) - data-pool- - Failed to validate connection org.mariadb.jdbc.Connection@16c68dee ((conn=2924) Connection.setNetworkTimeout cannot be called on a closed connection). Possibly consider using a shorter maxLifetime value.
[10:20:59:988] [WARN] - com.zaxxer.hikari.pool.HikariPool$HouseKeeper.run(HikariPool.java:788) - data-pool- - Thread starvation or clock leap detected (housekeeper delta=23h20m40s851ms541µs100ns).
[10:24:09:365] [WARN] - com.zaxxer.hikari.pool.PoolBase.isConnectionAlive(PoolBase.java:184) - data-pool- - Failed to validate connection org.mariadb.jdbc.Connection@73a32dfc ((conn=2935) Connection.setNetworkTimeout cannot be called on a closed connection). Possibly consider using a shorter maxLifetime value.
[10:35:49:359] [WARN] - com.zaxxer.hikari.pool.PoolBase.isConnectionAlive(PoolBase.java:184) - data-pool- - Failed to validate connection org.mariadb.jdbc.Connection@2bd21def ((conn=2953) Connection.setNetworkTimeout cannot be called on a closed connection). Possibly consider using a shorter maxLifetime value.
[10:35:49:361] [WARN] - com.zaxxer.hikari.pool.PoolBase.isConnectionAlive(PoolBase.java:184) - data-pool- - Failed to validate connection org.mariadb.jdbc.Connection@345f2372 ((conn=2954) Connection.setNetworkTimeout cannot be called on a closed connection). Possibly consider using a shorter maxLifetime value.
[10:35:49:364] [WARN] - com.zaxxer.hikari.pool.PoolBase.isConnectionAlive(PoolBase.java:184) - data-pool- - Failed to validate connection org.mariadb.jdbc.Connection@77405161 ((conn=2955) Connection.setNetworkTimeout cannot be called on a closed connection). Possibly consider using a shorter maxLifetime value.
[10:35:49:363] [WARN] - com.zaxxer.hikari.pool.PoolBase.isConnectionAlive(PoolBase.java:184) - data-pool- - Failed to validate connection org.mariadb.jdbc.Connection@6e50df71 ((conn=2956) Connection.setNetworkTimeout cannot be called on a closed connection). Possibly consider using a shorter maxLifetime value.
[10:47:39:349] [WARN] - com.zaxxer.hikari.pool.PoolBase.isConnectionAlive(PoolBase.java:184) - data-pool- - Failed to validate connection org.mariadb.jdbc.Connection@3e853ce7 ((conn=2974) Connection.setNetworkTimeout cannot be called on a closed connection). Possibly consider using a shorter maxLifetime value.
[10:47:39:350] [WARN] - com.zaxxer.hikari.pool.PoolBase.isConnectionAlive(PoolBase.java:184) - data-pool- - Failed to validate connection org.mariadb.jdbc.Connection@13443fb8 ((conn=2975) Connection.setNetworkTimeout cannot be called on a closed connection). Possibly consider using a shorter maxLifetime value.
[10:47:39:351] [WARN] - com.zaxxer.hikari.pool.PoolBase.isConnectionAlive(PoolBase.java:184) - data-pool- - Failed to validate connection org.mariadb.jdbc.Connection@61cf690a ((conn=2976) Connection.setNetworkTimeout cannot be called on a closed connection). Possibly consider using a shorter maxLifetime value.
[10:59:29:361] [WARN] - com.zaxxer.hikari.pool.PoolBase.isConnectionAlive(PoolBase.java:184) - data-pool- - Failed to validate connection org.mariadb.jdbc.Connection@746aced4 ((conn=2995) Connection.setNetworkTimeout cannot be called on a closed connection). Possibly consider using a shorter maxLifetime value.
[10:59:29:362] [WARN] - com.zaxxer.hikari.pool.PoolBase.isConnectionAlive(PoolBase.java:184) - data-pool- - Failed to validate connection org.mariadb.jdbc.Connection@315d3c1d ((conn=2996) Connection.setNetworkTimeout cannot be called on a closed connection). Possibly consider using a shorter maxLifetime value.
[11:07:39:353] [WARN] - com.zaxxer.hikari.pool.PoolBase.isConnectionAlive(PoolBase.java:184) - data-pool- - Failed to validate connection org.mariadb.jdbc.Connection@727fc737 ((conn=3009) Connection.setNetworkTimeout cannot be called on a closed connection). Possibly consider using a shorter maxLifetime value.
[11:07:39:354] [WARN] - com.zaxxer.hikari.pool.PoolBase.isConnectionAlive(PoolBase.java:184) - data-pool- - Failed to validate connection org.mariadb.jdbc.Connection@5feae7c0 ((conn=3010) Connection.setNetworkTimeout cannot be called on a closed connection). Possibly consider using a shorter maxLifetime value.
[11:10:39:362] [WARN] - com.zaxxer.hikari.pool.PoolBase.isConnectionAlive(PoolBase.java:184) - data-pool- - Failed to validate connection org.mariadb.jdbc.Connection@c880f03 ((conn=3015) Connection.setNetworkTimeout cannot be called on a closed connection). Possibly consider using a shorter maxLifetime value.
[11:10:39:366] [WARN] - com.zaxxer.hikari.pool.PoolBase.isConnectionAlive(PoolBase.java:184) - data-pool- - Failed to validate connection org.mariadb.jdbc.Connection@477262c7 ((conn=3016) Connection.setNetworkTimeout cannot be called on a closed connection). Possibly consider using a shorter maxLifetime value.
[11:13:59:351] [WARN] - com.zaxxer.hikari.pool.PoolBase.isConnectionAlive(PoolBase.java:184) - data-pool- - Failed to validate connection org.mariadb.jdbc.Connection@5bbc6d52 ((conn=3022) Connection.setNetworkTimeout cannot be called on a closed connection). Possibly consider using a shorter maxLifetime value.
[11:22:49:359] [WARN] - com.zaxxer.hikari.pool.PoolBase.isConnectionAlive(PoolBase.java:184) - data-pool- - Failed to validate connection org.mariadb.jdbc.Connection@665202b3 ((conn=3037) Connection.setNetworkTimeout cannot be called on a closed connection). Possibly consider using a shorter maxLifetime value.
[11:28:29:360] [WARN] - com.zaxxer.hikari.pool.PoolBase.isConnectionAlive(PoolBase.java:184) - data-pool- - Failed to validate connection org.mariadb.jdbc.Connection@170a404d ((conn=3046) Connection.setNetworkTimeout cannot be called on a closed connection). Possibly consider using a shorter maxLifetime value.
[11:28:29:362] [WARN] - com.zaxxer.hikari.pool.PoolBase.isConnectionAlive(PoolBase.java:184) - data-pool- - Failed to validate connection org.mariadb.jdbc.Connection@1c62c3e0 ((conn=3047) Connection.setNetworkTimeout cannot be called on a closed connection). Possibly consider using a shorter maxLifetime value.
[11:31:19:357] [WARN] - com.zaxxer.hikari.pool.PoolBase.isConnectionAlive(PoolBase.java:184) - data-pool- - Failed to validate connection org.mariadb.jdbc.Connection@2f23f889 ((conn=3049) Connection.setNetworkTimeout cannot be called on a closed connection). Possibly consider using a shorter maxLifetime value.
[11:31:19:357] [WARN] - com.zaxxer.hikari.pool.PoolBase.isConnectionAlive(PoolBase.java:184) - data-pool- - Failed to validate connection org.mariadb.jdbc.Connection@70a61536 ((conn=3050) Connection.setNetworkTimeout cannot be called on a closed connection). Possibly consider using a shorter maxLifetime value.
[11:31:19:358] [WARN] - com.zaxxer.hikari.pool.PoolBase.isConnectionAlive(PoolBase.java:184) - data-pool- - Failed to validate connection org.mariadb.jdbc.Connection@3d7ac2ab ((conn=3051) Connection.setNetworkTimeout cannot be called on a closed connection). Possibly consider using a shorter maxLifetime value.
[11:31:19:358] [WARN] - com.zaxxer.hikari.pool.PoolBase.isConnectionAlive(PoolBase.java:184) - data-pool- - Failed to validate connection org.mariadb.jdbc.Connection@4706281 ((conn=3052) Connection.setNetworkTimeout cannot be called on a closed connection). Possibly consider using a shorter maxLifetime value.
[11:36:49:364] [WARN] - com.zaxxer.hikari.pool.PoolBase.isConnectionAlive(PoolBase.java:184) - data-pool- - Failed to validate connection org.mariadb.jdbc.Connection@43ea5883 ((conn=3061) Connection.setNetworkTimeout cannot be called on a closed connection). Possibly consider using a shorter maxLifetime value.
[11:36:49:365] [WARN] - com.zaxxer.hikari.pool.PoolBase.isConnectionAlive(PoolBase.java:184) - data-pool- - Failed to validate connection org.mariadb.jdbc.Connection@1412f2c3 ((conn=3060) Connection.setNetworkTimeout cannot be called on a closed connection). Possibly consider using a shorter maxLifetime value.
[11:36:49:368] [WARN] - com.zaxxer.hikari.pool.PoolBase.isConnectionAlive(PoolBase.java:184) - data-pool- - Failed to validate connection org.mariadb.jdbc.Connection@55ee4c20 ((conn=3062) Connection.setNetworkTimeout cannot be called on a closed connection). Possibly consider using a shorter maxLifetime value.
[11:36:49:370] [WARN] - com.zaxxer.hikari.pool.PoolBase.isConnectionAlive(PoolBase.java:184) - data-pool- - Failed to validate connection org.mariadb.jdbc.Connection@d5b9e35 ((conn=3063) Connection.setNetworkTimeout cannot be called on a closed connection). Possibly consider using a shorter maxLifetime value.
[11:36:49:372] [WARN] - com.zaxxer.hikari.pool.PoolBase.isConnectionAlive(PoolBase.java:184) - data-pool- - Failed to validate connection org.mariadb.jdbc.Connection@dbd296b ((conn=3064) Connection.setNetworkTimeout cannot be called on a closed connection). Possibly consider using a shorter maxLifetime value.
[11:39:59:364] [WARN] - com.zaxxer.hikari.pool.PoolBase.isConnectionAlive(PoolBase.java:184) - data-pool- - Failed to validate connection org.mariadb.jdbc.Connection@65b189dd ((conn=3068) Connection.setNetworkTimeout cannot be called on a closed connection). Possibly consider using a shorter maxLifetime value.
[11:39:59:365] [WARN] - com.zaxxer.hikari.pool.PoolBase.isConnectionAlive(PoolBase.java:184) - data-pool- - Failed to validate connection org.mariadb.jdbc.Connection@5a538a7c ((conn=3069) Connection.setNetworkTimeout cannot be called on a closed connection). Possibly consider using a shorter maxLifetime value.
