[00:01:31:432] [WARN] - com.zaxxer.hikari.pool.PoolBase.isConnectionAlive(PoolBase.java:184) - data-pool- - Failed to validate connection org.mariadb.jdbc.Connection@6697e1fb ((conn=10945) Connection.setNetworkTimeout cannot be called on a closed connection). Possibly consider using a shorter maxLifetime value.
[00:07:21:426] [WARN] - com.zaxxer.hikari.pool.PoolBase.isConnectionAlive(PoolBase.java:184) - data-pool- - Failed to validate connection org.mariadb.jdbc.Connection@4d8ed725 ((conn=10965) Connection.setNetworkTimeout cannot be called on a closed connection). Possibly consider using a shorter maxLifetime value.
[00:07:21:430] [WARN] - com.zaxxer.hikari.pool.PoolBase.isConnectionAlive(PoolBase.java:184) - data-pool- - Failed to validate connection org.mariadb.jdbc.Connection@5e2f149b ((conn=10966) Connection.setNetworkTimeout cannot be called on a closed connection). Possibly consider using a shorter maxLifetime value.
[00:07:21:433] [WARN] - com.zaxxer.hikari.pool.PoolBase.isConnectionAlive(PoolBase.java:184) - data-pool- - Failed to validate connection org.mariadb.jdbc.Connection@1595fecc ((conn=10967) Connection.setNetworkTimeout cannot be called on a closed connection). Possibly consider using a shorter maxLifetime value.
[00:09:51:438] [WARN] - com.zaxxer.hikari.pool.PoolBase.isConnectionAlive(PoolBase.java:184) - data-pool- - Failed to validate connection org.mariadb.jdbc.Connection@636f444a ((conn=10975) Connection.setNetworkTimeout cannot be called on a closed connection). Possibly consider using a shorter maxLifetime value.
[00:09:51:441] [WARN] - com.zaxxer.hikari.pool.PoolBase.isConnectionAlive(PoolBase.java:184) - data-pool- - Failed to validate connection org.mariadb.jdbc.Connection@4aafa32d ((conn=10976) Connection.setNetworkTimeout cannot be called on a closed connection). Possibly consider using a shorter maxLifetime value.
[00:09:51:443] [WARN] - com.zaxxer.hikari.pool.PoolBase.isConnectionAlive(PoolBase.java:184) - data-pool- - Failed to validate connection org.mariadb.jdbc.Connection@5f5ee83d ((conn=10977) Connection.setNetworkTimeout cannot be called on a closed connection). Possibly consider using a shorter maxLifetime value.
[00:13:01:438] [WARN] - com.zaxxer.hikari.pool.PoolBase.isConnectionAlive(PoolBase.java:184) - data-pool- - Failed to validate connection org.mariadb.jdbc.Connection@557278cd ((conn=10989) Connection.setNetworkTimeout cannot be called on a closed connection). Possibly consider using a shorter maxLifetime value.
[00:13:01:438] [WARN] - com.zaxxer.hikari.pool.PoolBase.isConnectionAlive(PoolBase.java:184) - data-pool- - Failed to validate connection org.mariadb.jdbc.Connection@20ec1cb5 ((conn=10987) Connection.setNetworkTimeout cannot be called on a closed connection). Possibly consider using a shorter maxLifetime value.
[00:13:01:438] [WARN] - com.zaxxer.hikari.pool.PoolBase.isConnectionAlive(PoolBase.java:184) - data-pool- - Failed to validate connection org.mariadb.jdbc.Connection@6dbaea96 ((conn=10988) Connection.setNetworkTimeout cannot be called on a closed connection). Possibly consider using a shorter maxLifetime value.
[00:13:01:440] [WARN] - com.zaxxer.hikari.pool.PoolBase.isConnectionAlive(PoolBase.java:184) - data-pool- - Failed to validate connection org.mariadb.jdbc.Connection@2e2bf6d8 ((conn=10990) Connection.setNetworkTimeout cannot be called on a closed connection). Possibly consider using a shorter maxLifetime value.
[00:13:01:440] [WARN] - com.zaxxer.hikari.pool.PoolBase.isConnectionAlive(PoolBase.java:184) - data-pool- - Failed to validate connection org.mariadb.jdbc.Connection@4f0c5116 ((conn=10991) Connection.setNetworkTimeout cannot be called on a closed connection). Possibly consider using a shorter maxLifetime value.
[00:15:11:438] [WARN] - com.zaxxer.hikari.pool.PoolBase.isConnectionAlive(PoolBase.java:184) - data-pool- - Failed to validate connection org.mariadb.jdbc.Connection@3f42c705 ((conn=10995) Connection.setNetworkTimeout cannot be called on a closed connection). Possibly consider using a shorter maxLifetime value.
[00:15:11:438] [WARN] - com.zaxxer.hikari.pool.PoolBase.isConnectionAlive(PoolBase.java:184) - data-pool- - Failed to validate connection org.mariadb.jdbc.Connection@114bac3 ((conn=10994) Connection.setNetworkTimeout cannot be called on a closed connection). Possibly consider using a shorter maxLifetime value.
[00:15:11:438] [WARN] - com.zaxxer.hikari.pool.PoolBase.isConnectionAlive(PoolBase.java:184) - data-pool- - Failed to validate connection org.mariadb.jdbc.Connection@56216db3 ((conn=10996) Connection.setNetworkTimeout cannot be called on a closed connection). Possibly consider using a shorter maxLifetime value.
[00:15:11:445] [WARN] - com.zaxxer.hikari.pool.PoolBase.isConnectionAlive(PoolBase.java:184) - data-pool- - Failed to validate connection org.mariadb.jdbc.Connection@5e49f5ea ((conn=10998) Connection.setNetworkTimeout cannot be called on a closed connection). Possibly consider using a shorter maxLifetime value.
[00:15:11:445] [WARN] - com.zaxxer.hikari.pool.PoolBase.isConnectionAlive(PoolBase.java:184) - data-pool- - Failed to validate connection org.mariadb.jdbc.Connection@6f16df8c ((conn=10997) Connection.setNetworkTimeout cannot be called on a closed connection). Possibly consider using a shorter maxLifetime value.
[00:15:11:445] [WARN] - com.zaxxer.hikari.pool.PoolBase.isConnectionAlive(PoolBase.java:184) - data-pool- - Failed to validate connection org.mariadb.jdbc.Connection@35baac75 ((conn=10999) Connection.setNetworkTimeout cannot be called on a closed connection). Possibly consider using a shorter maxLifetime value.
[00:15:11:448] [WARN] - com.zaxxer.hikari.pool.PoolBase.isConnectionAlive(PoolBase.java:184) - data-pool- - Failed to validate connection org.mariadb.jdbc.Connection@31484170 ((conn=11001) Connection.setNetworkTimeout cannot be called on a closed connection). Possibly consider using a shorter maxLifetime value.
[00:15:11:448] [WARN] - com.zaxxer.hikari.pool.PoolBase.isConnectionAlive(PoolBase.java:184) - data-pool- - Failed to validate connection org.mariadb.jdbc.Connection@7956c51d ((conn=11000) Connection.setNetworkTimeout cannot be called on a closed connection). Possibly consider using a shorter maxLifetime value.
[00:21:07:913] [WARN] - com.zaxxer.hikari.pool.PoolBase.isConnectionAlive(PoolBase.java:184) - data-pool- - Failed to validate connection org.mariadb.jdbc.Connection@49937966 ((conn=11019) Connection.setNetworkTimeout cannot be called on a closed connection). Possibly consider using a shorter maxLifetime value.
[00:21:07:916] [WARN] - com.zaxxer.hikari.pool.PoolBase.isConnectionAlive(PoolBase.java:184) - data-pool- - Failed to validate connection org.mariadb.jdbc.Connection@629feab3 ((conn=11020) Connection.setNetworkTimeout cannot be called on a closed connection). Possibly consider using a shorter maxLifetime value.
[00:21:07:920] [WARN] - com.zaxxer.hikari.pool.PoolBase.isConnectionAlive(PoolBase.java:184) - data-pool- - Failed to validate connection org.mariadb.jdbc.Connection@297da41a ((conn=11021) Connection.setNetworkTimeout cannot be called on a closed connection). Possibly consider using a shorter maxLifetime value.
[00:21:31:430] [WARN] - com.zaxxer.hikari.pool.PoolBase.isConnectionAlive(PoolBase.java:184) - data-pool- - Failed to validate connection org.mariadb.jdbc.Connection@412c8d7 ((conn=11024) Connection.setNetworkTimeout cannot be called on a closed connection). Possibly consider using a shorter maxLifetime value.
[00:24:31:435] [WARN] - com.zaxxer.hikari.pool.PoolBase.isConnectionAlive(PoolBase.java:184) - data-pool- - Failed to validate connection org.mariadb.jdbc.Connection@64f560a5 ((conn=11034) Connection.setNetworkTimeout cannot be called on a closed connection). Possibly consider using a shorter maxLifetime value.
[00:27:04:509] [WARN] - com.zaxxer.hikari.pool.PoolBase.isConnectionAlive(PoolBase.java:184) - data-pool- - Failed to validate connection org.mariadb.jdbc.Connection@1734b4b2 ((conn=11042) Connection.setNetworkTimeout cannot be called on a closed connection). Possibly consider using a shorter maxLifetime value.
[00:27:04:511] [WARN] - com.zaxxer.hikari.pool.PoolBase.isConnectionAlive(PoolBase.java:184) - data-pool- - Failed to validate connection org.mariadb.jdbc.Connection@1620f71 ((conn=11043) Connection.setNetworkTimeout cannot be called on a closed connection). Possibly consider using a shorter maxLifetime value.
[00:27:04:512] [WARN] - com.zaxxer.hikari.pool.PoolBase.isConnectionAlive(PoolBase.java:184) - data-pool- - Failed to validate connection org.mariadb.jdbc.Connection@7171f47f ((conn=11044) Connection.setNetworkTimeout cannot be called on a closed connection). Possibly consider using a shorter maxLifetime value.
[00:30:01:438] [WARN] - com.zaxxer.hikari.pool.PoolBase.isConnectionAlive(PoolBase.java:184) - data-pool- - Failed to validate connection org.mariadb.jdbc.Connection@223902ac ((conn=11049) Connection.setNetworkTimeout cannot be called on a closed connection). Possibly consider using a shorter maxLifetime value.
[00:30:01:442] [WARN] - com.zaxxer.hikari.pool.PoolBase.isConnectionAlive(PoolBase.java:184) - data-pool- - Failed to validate connection org.mariadb.jdbc.Connection@2f031e8c ((conn=11051) Connection.setNetworkTimeout cannot be called on a closed connection). Possibly consider using a shorter maxLifetime value.
[00:30:01:444] [WARN] - com.zaxxer.hikari.pool.PoolBase.isConnectionAlive(PoolBase.java:184) - data-pool- - Failed to validate connection org.mariadb.jdbc.Connection@8f7138e ((conn=11052) Connection.setNetworkTimeout cannot be called on a closed connection). Possibly consider using a shorter maxLifetime value.
[00:30:01:447] [WARN] - com.zaxxer.hikari.pool.PoolBase.isConnectionAlive(PoolBase.java:184) - data-pool- - Failed to validate connection org.mariadb.jdbc.Connection@59a27281 ((conn=11053) Connection.setNetworkTimeout cannot be called on a closed connection). Possibly consider using a shorter maxLifetime value.
[00:38:01:432] [WARN] - com.zaxxer.hikari.pool.PoolBase.isConnectionAlive(PoolBase.java:184) - data-pool- - Failed to validate connection org.mariadb.jdbc.Connection@35f7abe9 ((conn=11077) Connection.setNetworkTimeout cannot be called on a closed connection). Possibly consider using a shorter maxLifetime value.
[00:38:15:421] [WARN] - com.zaxxer.hikari.pool.PoolBase.isConnectionAlive(PoolBase.java:184) - data-pool- - Failed to validate connection org.mariadb.jdbc.Connection@27b00241 ((conn=11078) Connection.setNetworkTimeout cannot be called on a closed connection). Possibly consider using a shorter maxLifetime value.
[00:38:51:422] [WARN] - com.zaxxer.hikari.pool.PoolBase.isConnectionAlive(PoolBase.java:184) - data-pool- - Failed to validate connection org.mariadb.jdbc.Connection@69558a55 ((conn=11080) Connection.setNetworkTimeout cannot be called on a closed connection). Possibly consider using a shorter maxLifetime value.
[00:38:51:422] [WARN] - com.zaxxer.hikari.pool.PoolBase.isConnectionAlive(PoolBase.java:184) - data-pool- - Failed to validate connection org.mariadb.jdbc.Connection@79d28e20 ((conn=11081) Connection.setNetworkTimeout cannot be called on a closed connection). Possibly consider using a shorter maxLifetime value.
[00:38:51:427] [WARN] - com.zaxxer.hikari.pool.PoolBase.isConnectionAlive(PoolBase.java:184) - data-pool- - Failed to validate connection org.mariadb.jdbc.Connection@5bda6ed7 ((conn=11082) Connection.setNetworkTimeout cannot be called on a closed connection). Possibly consider using a shorter maxLifetime value.
[00:38:51:427] [WARN] - com.zaxxer.hikari.pool.PoolBase.isConnectionAlive(PoolBase.java:184) - data-pool- - Failed to validate connection org.mariadb.jdbc.Connection@6657cd8b ((conn=11083) Connection.setNetworkTimeout cannot be called on a closed connection). Possibly consider using a shorter maxLifetime value.
[00:38:51:427] [WARN] - com.zaxxer.hikari.pool.PoolBase.isConnectionAlive(PoolBase.java:184) - data-pool- - Failed to validate connection org.mariadb.jdbc.Connection@2315f436 ((conn=11084) Connection.setNetworkTimeout cannot be called on a closed connection). Possibly consider using a shorter maxLifetime value.
[00:41:01:424] [WARN] - com.zaxxer.hikari.pool.PoolBase.isConnectionAlive(PoolBase.java:184) - data-pool- - Failed to validate connection org.mariadb.jdbc.Connection@419f883d ((conn=11087) Connection.setNetworkTimeout cannot be called on a closed connection). Possibly consider using a shorter maxLifetime value.
[00:41:01:426] [WARN] - com.zaxxer.hikari.pool.PoolBase.isConnectionAlive(PoolBase.java:184) - data-pool- - Failed to validate connection org.mariadb.jdbc.Connection@2466565d ((conn=11088) Connection.setNetworkTimeout cannot be called on a closed connection). Possibly consider using a shorter maxLifetime value.
[00:41:01:427] [WARN] - com.zaxxer.hikari.pool.PoolBase.isConnectionAlive(PoolBase.java:184) - data-pool- - Failed to validate connection org.mariadb.jdbc.Connection@6ac770ae ((conn=11089) Connection.setNetworkTimeout cannot be called on a closed connection). Possibly consider using a shorter maxLifetime value.
[00:41:01:428] [WARN] - com.zaxxer.hikari.pool.PoolBase.isConnectionAlive(PoolBase.java:184) - data-pool- - Failed to validate connection org.mariadb.jdbc.Connection@1a644597 ((conn=11090) Connection.setNetworkTimeout cannot be called on a closed connection). Possibly consider using a shorter maxLifetime value.
[00:41:01:429] [WARN] - com.zaxxer.hikari.pool.PoolBase.isConnectionAlive(PoolBase.java:184) - data-pool- - Failed to validate connection org.mariadb.jdbc.Connection@2707e886 ((conn=11091) Connection.setNetworkTimeout cannot be called on a closed connection). Possibly consider using a shorter maxLifetime value.
[00:41:01:430] [WARN] - com.zaxxer.hikari.pool.PoolBase.isConnectionAlive(PoolBase.java:184) - data-pool- - Failed to validate connection org.mariadb.jdbc.Connection@31c58685 ((conn=11092) Connection.setNetworkTimeout cannot be called on a closed connection). Possibly consider using a shorter maxLifetime value.
[00:41:01:431] [WARN] - com.zaxxer.hikari.pool.PoolBase.isConnectionAlive(PoolBase.java:184) - data-pool- - Failed to validate connection org.mariadb.jdbc.Connection@6056c213 ((conn=11093) Connection.setNetworkTimeout cannot be called on a closed connection). Possibly consider using a shorter maxLifetime value.
[00:41:01:434] [WARN] - com.zaxxer.hikari.pool.PoolBase.isConnectionAlive(PoolBase.java:184) - data-pool- - Failed to validate connection org.mariadb.jdbc.Connection@58a66b73 ((conn=11094) Connection.setNetworkTimeout cannot be called on a closed connection). Possibly consider using a shorter maxLifetime value.
[00:46:41:432] [WARN] - com.zaxxer.hikari.pool.PoolBase.isConnectionAlive(PoolBase.java:184) - data-pool- - Failed to validate connection org.mariadb.jdbc.Connection@1d927518 ((conn=11108) Connection.setNetworkTimeout cannot be called on a closed connection). Possibly consider using a shorter maxLifetime value.
[00:49:51:435] [WARN] - com.zaxxer.hikari.pool.PoolBase.isConnectionAlive(PoolBase.java:184) - data-pool- - Failed to validate connection org.mariadb.jdbc.Connection@3c374605 ((conn=11117) Connection.setNetworkTimeout cannot be called on a closed connection). Possibly consider using a shorter maxLifetime value.
[00:49:51:438] [WARN] - com.zaxxer.hikari.pool.PoolBase.isConnectionAlive(PoolBase.java:184) - data-pool- - Failed to validate connection org.mariadb.jdbc.Connection@368da41d ((conn=11118) Connection.setNetworkTimeout cannot be called on a closed connection). Possibly consider using a shorter maxLifetime value.
[00:49:51:440] [WARN] - com.zaxxer.hikari.pool.PoolBase.isConnectionAlive(PoolBase.java:184) - data-pool- - Failed to validate connection org.mariadb.jdbc.Connection@419bc349 ((conn=11119) Connection.setNetworkTimeout cannot be called on a closed connection). Possibly consider using a shorter maxLifetime value.
[00:49:51:441] [WARN] - com.zaxxer.hikari.pool.PoolBase.isConnectionAlive(PoolBase.java:184) - data-pool- - Failed to validate connection org.mariadb.jdbc.Connection@479ab211 ((conn=11120) Connection.setNetworkTimeout cannot be called on a closed connection). Possibly consider using a shorter maxLifetime value.
[00:49:51:443] [WARN] - com.zaxxer.hikari.pool.PoolBase.isConnectionAlive(PoolBase.java:184) - data-pool- - Failed to validate connection org.mariadb.jdbc.Connection@4e44cbfb ((conn=11121) Connection.setNetworkTimeout cannot be called on a closed connection). Possibly consider using a shorter maxLifetime value.
[00:49:51:445] [WARN] - com.zaxxer.hikari.pool.PoolBase.isConnectionAlive(PoolBase.java:184) - data-pool- - Failed to validate connection org.mariadb.jdbc.Connection@15b23362 ((conn=11122) Connection.setNetworkTimeout cannot be called on a closed connection). Possibly consider using a shorter maxLifetime value.
[00:49:51:446] [WARN] - com.zaxxer.hikari.pool.PoolBase.isConnectionAlive(PoolBase.java:184) - data-pool- - Failed to validate connection org.mariadb.jdbc.Connection@a2c2b16 ((conn=11123) Connection.setNetworkTimeout cannot be called on a closed connection). Possibly consider using a shorter maxLifetime value.
[00:49:51:447] [WARN] - com.zaxxer.hikari.pool.PoolBase.isConnectionAlive(PoolBase.java:184) - data-pool- - Failed to validate connection org.mariadb.jdbc.Connection@18340a78 ((conn=11124) Connection.setNetworkTimeout cannot be called on a closed connection). Possibly consider using a shorter maxLifetime value.
[00:52:11:442] [WARN] - com.zaxxer.hikari.pool.PoolBase.isConnectionAlive(PoolBase.java:184) - data-pool- - Failed to validate connection org.mariadb.jdbc.Connection@6d418fc7 ((conn=11127) Connection.setNetworkTimeout cannot be called on a closed connection). Possibly consider using a shorter maxLifetime value.
[00:52:41:441] [WARN] - com.zaxxer.hikari.pool.PoolBase.isConnectionAlive(PoolBase.java:184) - data-pool- - Failed to validate connection org.mariadb.jdbc.Connection@1341ae65 ((conn=11128) Connection.setNetworkTimeout cannot be called on a closed connection). Possibly consider using a shorter maxLifetime value.
[00:52:41:447] [WARN] - com.zaxxer.hikari.pool.PoolBase.isConnectionAlive(PoolBase.java:184) - data-pool- - Failed to validate connection org.mariadb.jdbc.Connection@19b9c515 ((conn=11129) Connection.setNetworkTimeout cannot be called on a closed connection). Possibly consider using a shorter maxLifetime value.
[00:52:41:451] [WARN] - com.zaxxer.hikari.pool.PoolBase.isConnectionAlive(PoolBase.java:184) - data-pool- - Failed to validate connection org.mariadb.jdbc.Connection@5cbb5846 ((conn=11130) Connection.setNetworkTimeout cannot be called on a closed connection). Possibly consider using a shorter maxLifetime value.
[00:52:41:454] [WARN] - com.zaxxer.hikari.pool.PoolBase.isConnectionAlive(PoolBase.java:184) - data-pool- - Failed to validate connection org.mariadb.jdbc.Connection@4297f732 ((conn=11131) Connection.setNetworkTimeout cannot be called on a closed connection). Possibly consider using a shorter maxLifetime value.
[00:52:41:456] [WARN] - com.zaxxer.hikari.pool.PoolBase.isConnectionAlive(PoolBase.java:184) - data-pool- - Failed to validate connection org.mariadb.jdbc.Connection@6d2d40a7 ((conn=11132) Connection.setNetworkTimeout cannot be called on a closed connection). Possibly consider using a shorter maxLifetime value.
[00:52:41:460] [WARN] - com.zaxxer.hikari.pool.PoolBase.isConnectionAlive(PoolBase.java:184) - data-pool- - Failed to validate connection org.mariadb.jdbc.Connection@3aebb17a ((conn=11133) Connection.setNetworkTimeout cannot be called on a closed connection). Possibly consider using a shorter maxLifetime value.
[00:52:41:464] [WARN] - com.zaxxer.hikari.pool.PoolBase.isConnectionAlive(PoolBase.java:184) - data-pool- - Failed to validate connection org.mariadb.jdbc.Connection@3c94a709 ((conn=11134) Connection.setNetworkTimeout cannot be called on a closed connection). Possibly consider using a shorter maxLifetime value.
[00:55:31:438] [WARN] - com.zaxxer.hikari.pool.PoolBase.isConnectionAlive(PoolBase.java:184) - data-pool- - Failed to validate connection org.mariadb.jdbc.Connection@48f6336b ((conn=11138) Connection.setNetworkTimeout cannot be called on a closed connection). Possibly consider using a shorter maxLifetime value.
[00:55:31:438] [WARN] - com.zaxxer.hikari.pool.PoolBase.isConnectionAlive(PoolBase.java:184) - data-pool- - Failed to validate connection org.mariadb.jdbc.Connection@23a9f6ee ((conn=11139) Connection.setNetworkTimeout cannot be called on a closed connection). Possibly consider using a shorter maxLifetime value.
[00:55:31:440] [WARN] - com.zaxxer.hikari.pool.PoolBase.isConnectionAlive(PoolBase.java:184) - data-pool- - Failed to validate connection org.mariadb.jdbc.Connection@14d2f791 ((conn=11141) Connection.setNetworkTimeout cannot be called on a closed connection). Possibly consider using a shorter maxLifetime value.
[00:55:31:440] [WARN] - com.zaxxer.hikari.pool.PoolBase.isConnectionAlive(PoolBase.java:184) - data-pool- - Failed to validate connection org.mariadb.jdbc.Connection@5777bfc3 ((conn=11140) Connection.setNetworkTimeout cannot be called on a closed connection). Possibly consider using a shorter maxLifetime value.
[00:55:31:441] [WARN] - com.zaxxer.hikari.pool.PoolBase.isConnectionAlive(PoolBase.java:184) - data-pool- - Failed to validate connection org.mariadb.jdbc.Connection@12341861 ((conn=11142) Connection.setNetworkTimeout cannot be called on a closed connection). Possibly consider using a shorter maxLifetime value.
[00:55:31:441] [WARN] - com.zaxxer.hikari.pool.PoolBase.isConnectionAlive(PoolBase.java:184) - data-pool- - Failed to validate connection org.mariadb.jdbc.Connection@124093ac ((conn=11143) Connection.setNetworkTimeout cannot be called on a closed connection). Possibly consider using a shorter maxLifetime value.
[00:55:31:442] [WARN] - com.zaxxer.hikari.pool.PoolBase.isConnectionAlive(PoolBase.java:184) - data-pool- - Failed to validate connection org.mariadb.jdbc.Connection@2f748427 ((conn=11144) Connection.setNetworkTimeout cannot be called on a closed connection). Possibly consider using a shorter maxLifetime value.
[01:02:10:622] [WARN] - com.zaxxer.hikari.HikariConfig.validateNumerics(HikariConfig.java:1084) - data-pool- - idleTimeout is close to or more than maxLifetime, disabling it.
[01:04:25:930] [WARN] - com.zaxxer.hikari.pool.PoolBase.isConnectionAlive(PoolBase.java:184) - data-pool- - Failed to validate connection org.mariadb.jdbc.Connection@3e21dbc9 ((conn=11178) Connection.setNetworkTimeout cannot be called on a closed connection). Possibly consider using a shorter maxLifetime value.
[01:07:45:903] [WARN] - com.zaxxer.hikari.pool.PoolBase.isConnectionAlive(PoolBase.java:184) - data-pool- - Failed to validate connection org.mariadb.jdbc.Connection@2ffd5cc3 ((conn=11188) Connection.setNetworkTimeout cannot be called on a closed connection). Possibly consider using a shorter maxLifetime value.
[01:08:15:908] [WARN] - com.zaxxer.hikari.pool.PoolBase.isConnectionAlive(PoolBase.java:184) - data-pool- - Failed to validate connection org.mariadb.jdbc.Connection@23144f7a ((conn=11195) Connection.setNetworkTimeout cannot be called on a closed connection). Possibly consider using a shorter maxLifetime value.
[11:48:48:811] [WARN] - com.zaxxer.hikari.HikariConfig.validateNumerics(HikariConfig.java:1084) - data-pool- - idleTimeout is close to or more than maxLifetime, disabling it.
[11:51:10:947] [WARN] - com.zaxxer.hikari.pool.PoolBase.isConnectionAlive(PoolBase.java:184) - data-pool- - Failed to validate connection org.mariadb.jdbc.Connection@4c487b73 ((conn=11208) Connection.setNetworkTimeout cannot be called on a closed connection). Possibly consider using a shorter maxLifetime value.
[11:51:10:948] [WARN] - com.zaxxer.hikari.pool.PoolBase.isConnectionAlive(PoolBase.java:184) - data-pool- - Failed to validate connection org.mariadb.jdbc.Connection@33ae18b9 ((conn=11209) Connection.setNetworkTimeout cannot be called on a closed connection). Possibly consider using a shorter maxLifetime value.
[11:51:10:949] [WARN] - com.zaxxer.hikari.pool.PoolBase.isConnectionAlive(PoolBase.java:184) - data-pool- - Failed to validate connection org.mariadb.jdbc.Connection@3c327e5c ((conn=11210) Connection.setNetworkTimeout cannot be called on a closed connection). Possibly consider using a shorter maxLifetime value.
[11:51:10:950] [WARN] - com.zaxxer.hikari.pool.PoolBase.isConnectionAlive(PoolBase.java:184) - data-pool- - Failed to validate connection org.mariadb.jdbc.Connection@4b03491e ((conn=11211) Connection.setNetworkTimeout cannot be called on a closed connection). Possibly consider using a shorter maxLifetime value.
[11:51:10:951] [WARN] - com.zaxxer.hikari.pool.PoolBase.isConnectionAlive(PoolBase.java:184) - data-pool- - Failed to validate connection org.mariadb.jdbc.Connection@6d5a8e07 ((conn=11212) Connection.setNetworkTimeout cannot be called on a closed connection). Possibly consider using a shorter maxLifetime value.
[11:51:28:998] [WARN] - com.zaxxer.hikari.pool.PoolBase.isConnectionAlive(PoolBase.java:184) - data-pool- - Failed to validate connection org.mariadb.jdbc.Connection@132067cf ((conn=11213) Connection.setNetworkTimeout cannot be called on a closed connection). Possibly consider using a shorter maxLifetime value.
[11:53:20:951] [WARN] - com.zaxxer.hikari.pool.PoolBase.isConnectionAlive(PoolBase.java:184) - data-pool- - Failed to validate connection org.mariadb.jdbc.Connection@76836970 ((conn=11218) Connection.setNetworkTimeout cannot be called on a closed connection). Possibly consider using a shorter maxLifetime value.
[11:53:20:953] [WARN] - com.zaxxer.hikari.pool.PoolBase.isConnectionAlive(PoolBase.java:184) - data-pool- - Failed to validate connection org.mariadb.jdbc.Connection@7c7b0200 ((conn=11219) Connection.setNetworkTimeout cannot be called on a closed connection). Possibly consider using a shorter maxLifetime value.
[11:54:30:943] [WARN] - com.zaxxer.hikari.pool.PoolBase.isConnectionAlive(PoolBase.java:184) - data-pool- - Failed to validate connection org.mariadb.jdbc.Connection@7b2d1e64 ((conn=11222) Connection.setNetworkTimeout cannot be called on a closed connection). Possibly consider using a shorter maxLifetime value.
[11:54:30:946] [WARN] - com.zaxxer.hikari.pool.PoolBase.isConnectionAlive(PoolBase.java:184) - data-pool- - Failed to validate connection org.mariadb.jdbc.Connection@40a8865f ((conn=11223) Connection.setNetworkTimeout cannot be called on a closed connection). Possibly consider using a shorter maxLifetime value.
[11:54:30:946] [WARN] - com.zaxxer.hikari.pool.PoolBase.isConnectionAlive(PoolBase.java:184) - data-pool- - Failed to validate connection org.mariadb.jdbc.Connection@c4428f4 ((conn=11225) Connection.setNetworkTimeout cannot be called on a closed connection). Possibly consider using a shorter maxLifetime value.
[11:54:30:947] [WARN] - com.zaxxer.hikari.pool.PoolBase.isConnectionAlive(PoolBase.java:184) - data-pool- - Failed to validate connection org.mariadb.jdbc.Connection@7a855ff4 ((conn=11224) Connection.setNetworkTimeout cannot be called on a closed connection). Possibly consider using a shorter maxLifetime value.
[11:55:30:955] [WARN] - com.zaxxer.hikari.pool.PoolBase.isConnectionAlive(PoolBase.java:184) - data-pool- - Failed to validate connection org.mariadb.jdbc.Connection@4cf80bfb ((conn=11227) Connection.setNetworkTimeout cannot be called on a closed connection). Possibly consider using a shorter maxLifetime value.
[11:57:10:946] [WARN] - com.zaxxer.hikari.pool.PoolBase.isConnectionAlive(PoolBase.java:184) - data-pool- - Failed to validate connection org.mariadb.jdbc.Connection@48c8894b ((conn=11231) Connection.setNetworkTimeout cannot be called on a closed connection). Possibly consider using a shorter maxLifetime value.
[11:57:10:947] [WARN] - com.zaxxer.hikari.pool.PoolBase.isConnectionAlive(PoolBase.java:184) - data-pool- - Failed to validate connection org.mariadb.jdbc.Connection@460f6e22 ((conn=11232) Connection.setNetworkTimeout cannot be called on a closed connection). Possibly consider using a shorter maxLifetime value.
[11:57:10:948] [WARN] - com.zaxxer.hikari.pool.PoolBase.isConnectionAlive(PoolBase.java:184) - data-pool- - Failed to validate connection org.mariadb.jdbc.Connection@4230e23b ((conn=11233) Connection.setNetworkTimeout cannot be called on a closed connection). Possibly consider using a shorter maxLifetime value.
[11:57:10:949] [WARN] - com.zaxxer.hikari.pool.PoolBase.isConnectionAlive(PoolBase.java:184) - data-pool- - Failed to validate connection org.mariadb.jdbc.Connection@7326419 ((conn=11234) Connection.setNetworkTimeout cannot be called on a closed connection). Possibly consider using a shorter maxLifetime value.
[11:57:10:949] [WARN] - com.zaxxer.hikari.pool.PoolBase.isConnectionAlive(PoolBase.java:184) - data-pool- - Failed to validate connection org.mariadb.jdbc.Connection@b3c3765 ((conn=11235) Connection.setNetworkTimeout cannot be called on a closed connection). Possibly consider using a shorter maxLifetime value.
[11:59:18:583] [WARN] - com.zaxxer.hikari.HikariConfig.validateNumerics(HikariConfig.java:1084) - data-pool- - idleTimeout is close to or more than maxLifetime, disabling it.
[12:01:50:697] [WARN] - com.zaxxer.hikari.pool.PoolBase.isConnectionAlive(PoolBase.java:184) - data-pool- - Failed to validate connection org.mariadb.jdbc.Connection@7858adea ((conn=11249) Connection.setNetworkTimeout cannot be called on a closed connection). Possibly consider using a shorter maxLifetime value.
[12:01:50:699] [WARN] - com.zaxxer.hikari.pool.PoolBase.isConnectionAlive(PoolBase.java:184) - data-pool- - Failed to validate connection org.mariadb.jdbc.Connection@2c3c6a33 ((conn=11250) Connection.setNetworkTimeout cannot be called on a closed connection). Possibly consider using a shorter maxLifetime value.
[12:01:50:701] [WARN] - com.zaxxer.hikari.pool.PoolBase.isConnectionAlive(PoolBase.java:184) - data-pool- - Failed to validate connection org.mariadb.jdbc.Connection@63c68bff ((conn=11251) Connection.setNetworkTimeout cannot be called on a closed connection). Possibly consider using a shorter maxLifetime value.
[12:01:50:702] [WARN] - com.zaxxer.hikari.pool.PoolBase.isConnectionAlive(PoolBase.java:184) - data-pool- - Failed to validate connection org.mariadb.jdbc.Connection@2ce41846 ((conn=11252) Connection.setNetworkTimeout cannot be called on a closed connection). Possibly consider using a shorter maxLifetime value.
[12:01:50:703] [WARN] - com.zaxxer.hikari.pool.PoolBase.isConnectionAlive(PoolBase.java:184) - data-pool- - Failed to validate connection org.mariadb.jdbc.Connection@52ef49bf ((conn=11253) Connection.setNetworkTimeout cannot be called on a closed connection). Possibly consider using a shorter maxLifetime value.
[12:03:21:996] [WARN] - com.zaxxer.hikari.pool.HikariPool$HouseKeeper.run(HikariPool.java:788) - data-pool- - Thread starvation or clock leap detected (housekeeper delta=49s561ms906µs800ns).
[12:06:59:528] [WARN] - com.zaxxer.hikari.pool.HikariPool$HouseKeeper.run(HikariPool.java:788) - data-pool- - Thread starvation or clock leap detected (housekeeper delta=3m37s533ms428µs400ns).
[12:06:59:530] [WARN] - com.zaxxer.hikari.pool.ProxyConnection.checkException(ProxyConnection.java:182) - data-pool- - Connection org.mariadb.jdbc.Connection@55c7c6d8 marked as broken because of SQLSTATE(08000), ErrorCode(-1)
java.sql.SQLNonTransientConnectionException: (conn=11258) Socket error
	at org.mariadb.jdbc.export.ExceptionFactory.createException(ExceptionFactory.java:291) ~[mariadb-java-client-3.0.6.jar:?]
	at org.mariadb.jdbc.export.ExceptionFactory.create(ExceptionFactory.java:357) ~[mariadb-java-client-3.0.6.jar:?]
	at org.mariadb.jdbc.client.impl.StandardClient.readPacket(StandardClient.java:847) ~[mariadb-java-client-3.0.6.jar:?]
	at org.mariadb.jdbc.client.impl.StandardClient.readResults(StandardClient.java:763) ~[mariadb-java-client-3.0.6.jar:?]
	at org.mariadb.jdbc.client.impl.StandardClient.readResponse(StandardClient.java:682) ~[mariadb-java-client-3.0.6.jar:?]
	at org.mariadb.jdbc.client.impl.StandardClient.execute(StandardClient.java:625) ~[mariadb-java-client-3.0.6.jar:?]
	at org.mariadb.jdbc.ClientPreparedStatement.executeInternal(ClientPreparedStatement.java:95) ~[mariadb-java-client-3.0.6.jar:?]
	at org.mariadb.jdbc.ClientPreparedStatement.execute(ClientPreparedStatement.java:265) ~[mariadb-java-client-3.0.6.jar:?]
	at com.zaxxer.hikari.pool.ProxyPreparedStatement.execute(ProxyPreparedStatement.java:44) ~[HikariCP-4.0.3.jar:?]
	at com.zaxxer.hikari.pool.HikariProxyPreparedStatement.execute(HikariProxyPreparedStatement.java) ~[HikariCP-4.0.3.jar:?]
	at org.apache.ibatis.executor.statement.PreparedStatementHandler.query(PreparedStatementHandler.java:64) ~[mybatis-3.5.10.jar:3.5.10]
	at org.apache.ibatis.executor.statement.RoutingStatementHandler.query(RoutingStatementHandler.java:79) ~[mybatis-3.5.10.jar:3.5.10]
	at org.apache.ibatis.executor.SimpleExecutor.doQuery(SimpleExecutor.java:63) ~[mybatis-3.5.10.jar:3.5.10]
	at org.apache.ibatis.executor.BaseExecutor.queryFromDatabase(BaseExecutor.java:325) ~[mybatis-3.5.10.jar:3.5.10]
	at org.apache.ibatis.executor.BaseExecutor.query(BaseExecutor.java:156) ~[mybatis-3.5.10.jar:3.5.10]
	at org.apache.ibatis.executor.CachingExecutor.query(CachingExecutor.java:109) ~[mybatis-3.5.10.jar:3.5.10]
	at org.apache.ibatis.executor.CachingExecutor.query(CachingExecutor.java:89) ~[mybatis-3.5.10.jar:3.5.10]
	at org.apache.ibatis.session.defaults.DefaultSqlSession.selectList(DefaultSqlSession.java:151) ~[mybatis-3.5.10.jar:3.5.10]
	at org.apache.ibatis.session.defaults.DefaultSqlSession.selectList(DefaultSqlSession.java:145) ~[mybatis-3.5.10.jar:3.5.10]
	at org.apache.ibatis.session.defaults.DefaultSqlSession.selectList(DefaultSqlSession.java:140) ~[mybatis-3.5.10.jar:3.5.10]
	at org.apache.ibatis.binding.MapperMethod.executeForMany(MapperMethod.java:147) ~[mybatis-3.5.10.jar:3.5.10]
	at org.apache.ibatis.binding.MapperMethod.execute(MapperMethod.java:80) ~[mybatis-3.5.10.jar:3.5.10]
	at org.apache.ibatis.binding.MapperProxy$PlainMethodInvoker.invoke(MapperProxy.java:145) ~[mybatis-3.5.10.jar:3.5.10]
	at org.apache.ibatis.binding.MapperProxy.invoke(MapperProxy.java:86) ~[mybatis-3.5.10.jar:3.5.10]
	at com.sun.proxy.$Proxy22.selectPublicTaskByOverTime(Unknown Source) ~[?:?]
	at my.service.publicTaskService.handleOverTime(publicTaskService.java:308) ~[classes/:?]
	at my.service.activityService.lambda$getActivity$33(activityService.java:574) ~[classes/:?]
	at my.service.activityService.lambda$commonDelayAc$41(activityService.java:676) ~[classes/:?]
	at my.service.activityService.lambda$null$2(activityService.java:279) ~[classes/:?]
	at io.netty.util.concurrent.AbstractEventExecutor.runTask$$$capture(AbstractEventExecutor.java:174) ~[netty-common-4.1.79.Final.jar:4.1.79.Final]
	at io.netty.util.concurrent.AbstractEventExecutor.runTask(AbstractEventExecutor.java) ~[netty-common-4.1.79.Final.jar:4.1.79.Final]
	at io.netty.util.concurrent.AbstractEventExecutor.safeExecute$$$capture(AbstractEventExecutor.java:167) ~[netty-common-4.1.79.Final.jar:4.1.79.Final]
	at io.netty.util.concurrent.AbstractEventExecutor.safeExecute(AbstractEventExecutor.java) ~[netty-common-4.1.79.Final.jar:4.1.79.Final]
	at io.netty.util.concurrent.SingleThreadEventExecutor.runAllTasks(SingleThreadEventExecutor.java:470) ~[netty-common-4.1.79.Final.jar:4.1.79.Final]
	at io.netty.channel.nio.NioEventLoop.run(NioEventLoop.java:503) ~[netty-transport-4.1.79.Final.jar:4.1.79.Final]
	at io.netty.util.concurrent.SingleThreadEventExecutor$4.run(SingleThreadEventExecutor.java:997) ~[netty-common-4.1.79.Final.jar:4.1.79.Final]
	at io.netty.util.internal.ThreadExecutorMap$2.run(ThreadExecutorMap.java:74) ~[netty-common-4.1.79.Final.jar:4.1.79.Final]
	at io.netty.util.concurrent.FastThreadLocalRunnable.run(FastThreadLocalRunnable.java:30) ~[netty-common-4.1.79.Final.jar:4.1.79.Final]
	at java.lang.Thread.run(Thread.java:748) ~[?:1.8.0_192]
Caused by: java.net.SocketException: Software caused connection abort: recv failed
	at java.net.SocketInputStream.socketRead0(Native Method) ~[?:1.8.0_192]
	at java.net.SocketInputStream.socketRead(SocketInputStream.java:116) ~[?:1.8.0_192]
	at java.net.SocketInputStream.read(SocketInputStream.java:171) ~[?:1.8.0_192]
	at java.net.SocketInputStream.read(SocketInputStream.java:141) ~[?:1.8.0_192]
	at java.io.FilterInputStream.read(FilterInputStream.java:133) ~[?:1.8.0_192]
	at org.mariadb.jdbc.client.socket.impl.ReadAheadBufferedStream.fillingBuffer(ReadAheadBufferedStream.java:93) ~[mariadb-java-client-3.0.6.jar:?]
	at org.mariadb.jdbc.client.socket.impl.ReadAheadBufferedStream.read(ReadAheadBufferedStream.java:66) ~[mariadb-java-client-3.0.6.jar:?]
	at org.mariadb.jdbc.client.socket.impl.PacketReader.readPacket(PacketReader.java:76) ~[mariadb-java-client-3.0.6.jar:?]
	at org.mariadb.jdbc.message.ClientMessage.readPacket(ClientMessage.java:118) ~[mariadb-java-client-3.0.6.jar:?]
	at org.mariadb.jdbc.client.impl.StandardClient.readPacket(StandardClient.java:824) ~[mariadb-java-client-3.0.6.jar:?]
	... 36 more
[12:07:07:119] [WARN] - com.zaxxer.hikari.HikariConfig.validateNumerics(HikariConfig.java:1084) - data-pool- - idleTimeout is close to or more than maxLifetime, disabling it.
[12:08:44:570] [WARN] - com.zaxxer.hikari.pool.HikariPool$HouseKeeper.run(HikariPool.java:788) - data-pool- - Thread starvation or clock leap detected (housekeeper delta=1m7s191ms553µs700ns).
[12:12:32:146] [WARN] - com.zaxxer.hikari.pool.HikariPool$HouseKeeper.run(HikariPool.java:788) - data-pool- - Thread starvation or clock leap detected (housekeeper delta=3m47s575ms141µs900ns).
[12:16:48:219] [WARN] - com.zaxxer.hikari.pool.PoolBase.isConnectionAlive(PoolBase.java:184) - data-pool- - Failed to validate connection org.mariadb.jdbc.Connection@33253555 ((conn=11276) Connection.setNetworkTimeout cannot be called on a closed connection). Possibly consider using a shorter maxLifetime value.
[12:16:48:219] [WARN] - com.zaxxer.hikari.pool.PoolBase.isConnectionAlive(PoolBase.java:184) - data-pool- - Failed to validate connection org.mariadb.jdbc.Connection@3427f5fb ((conn=11274) Connection.setNetworkTimeout cannot be called on a closed connection). Possibly consider using a shorter maxLifetime value.
[12:16:48:223] [WARN] - com.zaxxer.hikari.pool.PoolBase.isConnectionAlive(PoolBase.java:184) - data-pool- - Failed to validate connection org.mariadb.jdbc.Connection@26bb0076 ((conn=11277) Connection.setNetworkTimeout cannot be called on a closed connection). Possibly consider using a shorter maxLifetime value.
[12:16:48:223] [WARN] - com.zaxxer.hikari.pool.PoolBase.isConnectionAlive(PoolBase.java:184) - data-pool- - Failed to validate connection org.mariadb.jdbc.Connection@1cf4bfbe ((conn=11280) Connection.setNetworkTimeout cannot be called on a closed connection). Possibly consider using a shorter maxLifetime value.
[12:16:48:223] [WARN] - com.zaxxer.hikari.pool.PoolBase.isConnectionAlive(PoolBase.java:184) - data-pool- - Failed to validate connection org.mariadb.jdbc.Connection@1cd1bdae ((conn=11279) Connection.setNetworkTimeout cannot be called on a closed connection). Possibly consider using a shorter maxLifetime value.
[12:16:48:224] [WARN] - com.zaxxer.hikari.pool.HikariPool$HouseKeeper.run(HikariPool.java:788) - data-pool- - Thread starvation or clock leap detected (housekeeper delta=4m16s78ms749µs).
[12:16:48:224] [WARN] - com.zaxxer.hikari.pool.PoolBase.isConnectionAlive(PoolBase.java:184) - data-pool- - Failed to validate connection org.mariadb.jdbc.Connection@60996c72 ((conn=11281) Connection.setNetworkTimeout cannot be called on a closed connection). Possibly consider using a shorter maxLifetime value.
[12:12:38:354] [WARN] - com.zaxxer.hikari.pool.ProxyConnection.checkException(ProxyConnection.java:182) - data-pool- - Connection org.mariadb.jdbc.Connection@1e6d540d marked as broken because of SQLSTATE(08000), ErrorCode(-1)
java.sql.SQLNonTransientConnectionException: (conn=11275) Socket error
	at org.mariadb.jdbc.export.ExceptionFactory.createException(ExceptionFactory.java:291) ~[mariadb-java-client-3.0.6.jar:?]
	at org.mariadb.jdbc.export.ExceptionFactory.create(ExceptionFactory.java:357) ~[mariadb-java-client-3.0.6.jar:?]
	at org.mariadb.jdbc.client.impl.StandardClient.readPacket(StandardClient.java:847) ~[mariadb-java-client-3.0.6.jar:?]
	at org.mariadb.jdbc.client.impl.StandardClient.readResults(StandardClient.java:763) ~[mariadb-java-client-3.0.6.jar:?]
	at org.mariadb.jdbc.client.impl.StandardClient.readResponse(StandardClient.java:682) ~[mariadb-java-client-3.0.6.jar:?]
	at org.mariadb.jdbc.client.impl.StandardClient.execute(StandardClient.java:625) ~[mariadb-java-client-3.0.6.jar:?]
	at org.mariadb.jdbc.client.impl.StandardClient.execute(StandardClient.java:499) ~[mariadb-java-client-3.0.6.jar:?]
	at org.mariadb.jdbc.Connection.setAutoCommit(Connection.java:193) ~[mariadb-java-client-3.0.6.jar:?]
	at com.zaxxer.hikari.pool.ProxyConnection.setAutoCommit(ProxyConnection.java:414) ~[HikariCP-4.0.3.jar:?]
	at com.zaxxer.hikari.pool.HikariProxyConnection.setAutoCommit(HikariProxyConnection.java) ~[HikariCP-4.0.3.jar:?]
	at org.apache.ibatis.transaction.jdbc.JdbcTransaction.resetAutoCommit(JdbcTransaction.java:131) ~[mybatis-3.5.10.jar:3.5.10]
	at org.apache.ibatis.transaction.jdbc.JdbcTransaction.close(JdbcTransaction.java:95) ~[mybatis-3.5.10.jar:3.5.10]
	at org.apache.ibatis.executor.BaseExecutor.close(BaseExecutor.java:90) ~[mybatis-3.5.10.jar:3.5.10]
	at org.apache.ibatis.executor.CachingExecutor.close(CachingExecutor.java:64) ~[mybatis-3.5.10.jar:3.5.10]
	at org.apache.ibatis.session.defaults.DefaultSqlSession.close(DefaultSqlSession.java:260) ~[mybatis-3.5.10.jar:3.5.10]
	at my.db.mybatisConfig.close(mybatisConfig.java:120) ~[classes/:?]
	at my.service.cwbcService.handleOverTime(cwbcService.java:52) ~[classes/:?]
	at my.service.activityService.lambda$getActivity$40(activityService.java:610) ~[classes/:?]
	at my.service.activityService.lambda$commonDelayAc$41(activityService.java:676) ~[classes/:?]
	at my.service.activityService.lambda$null$2(activityService.java:279) ~[classes/:?]
	at io.netty.util.concurrent.AbstractEventExecutor.runTask$$$capture(AbstractEventExecutor.java:174) ~[netty-common-4.1.79.Final.jar:4.1.79.Final]
	at io.netty.util.concurrent.AbstractEventExecutor.runTask(AbstractEventExecutor.java) ~[netty-common-4.1.79.Final.jar:4.1.79.Final]
	at io.netty.util.concurrent.AbstractEventExecutor.safeExecute$$$capture(AbstractEventExecutor.java:167) ~[netty-common-4.1.79.Final.jar:4.1.79.Final]
	at io.netty.util.concurrent.AbstractEventExecutor.safeExecute(AbstractEventExecutor.java) ~[netty-common-4.1.79.Final.jar:4.1.79.Final]
	at io.netty.util.concurrent.SingleThreadEventExecutor.runAllTasks(SingleThreadEventExecutor.java:470) ~[netty-common-4.1.79.Final.jar:4.1.79.Final]
	at io.netty.channel.nio.NioEventLoop.run(NioEventLoop.java:503) ~[netty-transport-4.1.79.Final.jar:4.1.79.Final]
	at io.netty.util.concurrent.SingleThreadEventExecutor$4.run(SingleThreadEventExecutor.java:997) ~[netty-common-4.1.79.Final.jar:4.1.79.Final]
	at io.netty.util.internal.ThreadExecutorMap$2.run(ThreadExecutorMap.java:74) ~[netty-common-4.1.79.Final.jar:4.1.79.Final]
	at io.netty.util.concurrent.FastThreadLocalRunnable.run(FastThreadLocalRunnable.java:30) ~[netty-common-4.1.79.Final.jar:4.1.79.Final]
	at java.lang.Thread.run(Thread.java:748) ~[?:1.8.0_192]
Caused by: java.net.SocketException: Software caused connection abort: recv failed
	at java.net.SocketInputStream.socketRead0(Native Method) ~[?:1.8.0_192]
	at java.net.SocketInputStream.socketRead(SocketInputStream.java:116) ~[?:1.8.0_192]
	at java.net.SocketInputStream.read(SocketInputStream.java:171) ~[?:1.8.0_192]
	at java.net.SocketInputStream.read(SocketInputStream.java:141) ~[?:1.8.0_192]
	at java.io.FilterInputStream.read(FilterInputStream.java:133) ~[?:1.8.0_192]
	at org.mariadb.jdbc.client.socket.impl.ReadAheadBufferedStream.fillingBuffer(ReadAheadBufferedStream.java:93) ~[mariadb-java-client-3.0.6.jar:?]
	at org.mariadb.jdbc.client.socket.impl.ReadAheadBufferedStream.read(ReadAheadBufferedStream.java:66) ~[mariadb-java-client-3.0.6.jar:?]
	at org.mariadb.jdbc.client.socket.impl.PacketReader.readPacket(PacketReader.java:76) ~[mariadb-java-client-3.0.6.jar:?]
	at org.mariadb.jdbc.message.ClientMessage.readPacket(ClientMessage.java:118) ~[mariadb-java-client-3.0.6.jar:?]
	at org.mariadb.jdbc.client.impl.StandardClient.readPacket(StandardClient.java:824) ~[mariadb-java-client-3.0.6.jar:?]
	... 27 more
[12:12:38:354] [WARN] - com.zaxxer.hikari.pool.ProxyConnection.checkException(ProxyConnection.java:182) - data-pool- - Connection org.mariadb.jdbc.Connection@374a07fa marked as broken because of SQLSTATE(08000), ErrorCode(-1)
java.sql.SQLNonTransientConnectionException: (conn=11272) Socket error
	at org.mariadb.jdbc.export.ExceptionFactory.createException(ExceptionFactory.java:291) ~[mariadb-java-client-3.0.6.jar:?]
	at org.mariadb.jdbc.export.ExceptionFactory.create(ExceptionFactory.java:357) ~[mariadb-java-client-3.0.6.jar:?]
	at org.mariadb.jdbc.client.impl.StandardClient.readPacket(StandardClient.java:847) ~[mariadb-java-client-3.0.6.jar:?]
	at org.mariadb.jdbc.client.impl.StandardClient.readResults(StandardClient.java:763) ~[mariadb-java-client-3.0.6.jar:?]
	at org.mariadb.jdbc.client.impl.StandardClient.readResponse(StandardClient.java:682) ~[mariadb-java-client-3.0.6.jar:?]
	at org.mariadb.jdbc.client.impl.StandardClient.execute(StandardClient.java:625) ~[mariadb-java-client-3.0.6.jar:?]
	at org.mariadb.jdbc.client.impl.StandardClient.execute(StandardClient.java:499) ~[mariadb-java-client-3.0.6.jar:?]
	at org.mariadb.jdbc.Connection.setAutoCommit(Connection.java:193) ~[mariadb-java-client-3.0.6.jar:?]
	at com.zaxxer.hikari.pool.ProxyConnection.setAutoCommit(ProxyConnection.java:414) ~[HikariCP-4.0.3.jar:?]
	at com.zaxxer.hikari.pool.HikariProxyConnection.setAutoCommit(HikariProxyConnection.java) ~[HikariCP-4.0.3.jar:?]
	at org.apache.ibatis.transaction.jdbc.JdbcTransaction.resetAutoCommit(JdbcTransaction.java:131) ~[mybatis-3.5.10.jar:3.5.10]
	at org.apache.ibatis.transaction.jdbc.JdbcTransaction.close(JdbcTransaction.java:95) ~[mybatis-3.5.10.jar:3.5.10]
	at org.apache.ibatis.executor.BaseExecutor.close(BaseExecutor.java:90) ~[mybatis-3.5.10.jar:3.5.10]
	at org.apache.ibatis.executor.CachingExecutor.close(CachingExecutor.java:64) ~[mybatis-3.5.10.jar:3.5.10]
	at org.apache.ibatis.session.defaults.DefaultSqlSession.close(DefaultSqlSession.java:260) ~[mybatis-3.5.10.jar:3.5.10]
	at my.db.mybatisConfig.close(mybatisConfig.java:120) ~[classes/:?]
	at my.service.publicTaskService.handleOverTime(publicTaskService.java:330) ~[classes/:?]
	at my.service.activityService.lambda$getActivity$33(activityService.java:574) ~[classes/:?]
	at my.service.activityService.lambda$commonDelayAc$41(activityService.java:676) ~[classes/:?]
	at my.service.activityService.lambda$null$2(activityService.java:279) ~[classes/:?]
	at io.netty.util.concurrent.AbstractEventExecutor.runTask$$$capture(AbstractEventExecutor.java:174) ~[netty-common-4.1.79.Final.jar:4.1.79.Final]
	at io.netty.util.concurrent.AbstractEventExecutor.runTask(AbstractEventExecutor.java) ~[netty-common-4.1.79.Final.jar:4.1.79.Final]
	at io.netty.util.concurrent.AbstractEventExecutor.safeExecute$$$capture(AbstractEventExecutor.java:167) ~[netty-common-4.1.79.Final.jar:4.1.79.Final]
	at io.netty.util.concurrent.AbstractEventExecutor.safeExecute(AbstractEventExecutor.java) ~[netty-common-4.1.79.Final.jar:4.1.79.Final]
	at io.netty.util.concurrent.SingleThreadEventExecutor.runAllTasks(SingleThreadEventExecutor.java:470) ~[netty-common-4.1.79.Final.jar:4.1.79.Final]
	at io.netty.channel.nio.NioEventLoop.run(NioEventLoop.java:503) ~[netty-transport-4.1.79.Final.jar:4.1.79.Final]
	at io.netty.util.concurrent.SingleThreadEventExecutor$4.run(SingleThreadEventExecutor.java:997) ~[netty-common-4.1.79.Final.jar:4.1.79.Final]
	at io.netty.util.internal.ThreadExecutorMap$2.run(ThreadExecutorMap.java:74) ~[netty-common-4.1.79.Final.jar:4.1.79.Final]
	at io.netty.util.concurrent.FastThreadLocalRunnable.run(FastThreadLocalRunnable.java:30) ~[netty-common-4.1.79.Final.jar:4.1.79.Final]
	at java.lang.Thread.run(Thread.java:748) ~[?:1.8.0_192]
Caused by: java.net.SocketException: Software caused connection abort: recv failed
	at java.net.SocketInputStream.socketRead0(Native Method) ~[?:1.8.0_192]
	at java.net.SocketInputStream.socketRead(SocketInputStream.java:116) ~[?:1.8.0_192]
	at java.net.SocketInputStream.read(SocketInputStream.java:171) ~[?:1.8.0_192]
	at java.net.SocketInputStream.read(SocketInputStream.java:141) ~[?:1.8.0_192]
	at java.io.FilterInputStream.read(FilterInputStream.java:133) ~[?:1.8.0_192]
	at org.mariadb.jdbc.client.socket.impl.ReadAheadBufferedStream.fillingBuffer(ReadAheadBufferedStream.java:93) ~[mariadb-java-client-3.0.6.jar:?]
	at org.mariadb.jdbc.client.socket.impl.ReadAheadBufferedStream.read(ReadAheadBufferedStream.java:66) ~[mariadb-java-client-3.0.6.jar:?]
	at org.mariadb.jdbc.client.socket.impl.PacketReader.readPacket(PacketReader.java:76) ~[mariadb-java-client-3.0.6.jar:?]
	at org.mariadb.jdbc.message.ClientMessage.readPacket(ClientMessage.java:118) ~[mariadb-java-client-3.0.6.jar:?]
	at org.mariadb.jdbc.client.impl.StandardClient.readPacket(StandardClient.java:824) ~[mariadb-java-client-3.0.6.jar:?]
	... 27 more
[12:12:38:354] [WARN] - com.zaxxer.hikari.pool.ProxyConnection.checkException(ProxyConnection.java:182) - data-pool- - Connection org.mariadb.jdbc.Connection@737b4b06 marked as broken because of SQLSTATE(08000), ErrorCode(-1)
java.sql.SQLNonTransientConnectionException: (conn=11273) Socket error
	at org.mariadb.jdbc.export.ExceptionFactory.createException(ExceptionFactory.java:291) ~[mariadb-java-client-3.0.6.jar:?]
	at org.mariadb.jdbc.export.ExceptionFactory.create(ExceptionFactory.java:357) ~[mariadb-java-client-3.0.6.jar:?]
	at org.mariadb.jdbc.client.impl.StandardClient.readPacket(StandardClient.java:847) ~[mariadb-java-client-3.0.6.jar:?]
	at org.mariadb.jdbc.client.impl.StandardClient.readResults(StandardClient.java:763) ~[mariadb-java-client-3.0.6.jar:?]
	at org.mariadb.jdbc.client.impl.StandardClient.readResponse(StandardClient.java:682) ~[mariadb-java-client-3.0.6.jar:?]
	at org.mariadb.jdbc.client.impl.StandardClient.execute(StandardClient.java:625) ~[mariadb-java-client-3.0.6.jar:?]
	at org.mariadb.jdbc.ClientPreparedStatement.executeInternal(ClientPreparedStatement.java:95) ~[mariadb-java-client-3.0.6.jar:?]
	at org.mariadb.jdbc.ClientPreparedStatement.execute(ClientPreparedStatement.java:265) ~[mariadb-java-client-3.0.6.jar:?]
	at com.zaxxer.hikari.pool.ProxyPreparedStatement.execute(ProxyPreparedStatement.java:44) ~[HikariCP-4.0.3.jar:?]
	at com.zaxxer.hikari.pool.HikariProxyPreparedStatement.execute(HikariProxyPreparedStatement.java) ~[HikariCP-4.0.3.jar:?]
	at org.apache.ibatis.executor.statement.PreparedStatementHandler.query(PreparedStatementHandler.java:64) ~[mybatis-3.5.10.jar:3.5.10]
	at org.apache.ibatis.executor.statement.RoutingStatementHandler.query(RoutingStatementHandler.java:79) ~[mybatis-3.5.10.jar:3.5.10]
	at org.apache.ibatis.executor.SimpleExecutor.doQuery(SimpleExecutor.java:63) ~[mybatis-3.5.10.jar:3.5.10]
	at org.apache.ibatis.executor.BaseExecutor.queryFromDatabase(BaseExecutor.java:325) ~[mybatis-3.5.10.jar:3.5.10]
	at org.apache.ibatis.executor.BaseExecutor.query(BaseExecutor.java:156) ~[mybatis-3.5.10.jar:3.5.10]
	at org.apache.ibatis.executor.CachingExecutor.query(CachingExecutor.java:109) ~[mybatis-3.5.10.jar:3.5.10]
	at org.apache.ibatis.executor.CachingExecutor.query(CachingExecutor.java:89) ~[mybatis-3.5.10.jar:3.5.10]
	at org.apache.ibatis.session.defaults.DefaultSqlSession.selectList(DefaultSqlSession.java:151) ~[mybatis-3.5.10.jar:3.5.10]
	at org.apache.ibatis.session.defaults.DefaultSqlSession.selectList(DefaultSqlSession.java:145) ~[mybatis-3.5.10.jar:3.5.10]
	at org.apache.ibatis.session.defaults.DefaultSqlSession.selectList(DefaultSqlSession.java:140) ~[mybatis-3.5.10.jar:3.5.10]
	at org.apache.ibatis.binding.MapperMethod.executeForMany(MapperMethod.java:147) ~[mybatis-3.5.10.jar:3.5.10]
	at org.apache.ibatis.binding.MapperMethod.execute(MapperMethod.java:80) ~[mybatis-3.5.10.jar:3.5.10]
	at org.apache.ibatis.binding.MapperProxy$PlainMethodInvoker.invoke(MapperProxy.java:145) ~[mybatis-3.5.10.jar:3.5.10]
	at org.apache.ibatis.binding.MapperProxy.invoke(MapperProxy.java:86) ~[mybatis-3.5.10.jar:3.5.10]
	at com.sun.proxy.$Proxy32.getPrisonOne(Unknown Source) ~[?:?]
	at my.service.prisonService.sysToCatchMt(prisonService.java:183) ~[classes/:?]
	at my.service.activityService.lambda$getActivity$7(activityService.java:326) ~[classes/:?]
	at my.service.activityService.lambda$commonDelayAc$41(activityService.java:676) ~[classes/:?]
	at my.service.activityService.lambda$null$2(activityService.java:279) ~[classes/:?]
	at io.netty.util.concurrent.AbstractEventExecutor.runTask$$$capture(AbstractEventExecutor.java:174) ~[netty-common-4.1.79.Final.jar:4.1.79.Final]
	at io.netty.util.concurrent.AbstractEventExecutor.runTask(AbstractEventExecutor.java) ~[netty-common-4.1.79.Final.jar:4.1.79.Final]
	at io.netty.util.concurrent.AbstractEventExecutor.safeExecute$$$capture(AbstractEventExecutor.java:167) ~[netty-common-4.1.79.Final.jar:4.1.79.Final]
	at io.netty.util.concurrent.AbstractEventExecutor.safeExecute(AbstractEventExecutor.java) ~[netty-common-4.1.79.Final.jar:4.1.79.Final]
	at io.netty.util.concurrent.SingleThreadEventExecutor.runAllTasks(SingleThreadEventExecutor.java:470) ~[netty-common-4.1.79.Final.jar:4.1.79.Final]
	at io.netty.channel.nio.NioEventLoop.run(NioEventLoop.java:503) ~[netty-transport-4.1.79.Final.jar:4.1.79.Final]
	at io.netty.util.concurrent.SingleThreadEventExecutor$4.run(SingleThreadEventExecutor.java:997) ~[netty-common-4.1.79.Final.jar:4.1.79.Final]
	at io.netty.util.internal.ThreadExecutorMap$2.run(ThreadExecutorMap.java:74) ~[netty-common-4.1.79.Final.jar:4.1.79.Final]
	at io.netty.util.concurrent.FastThreadLocalRunnable.run(FastThreadLocalRunnable.java:30) ~[netty-common-4.1.79.Final.jar:4.1.79.Final]
	at java.lang.Thread.run(Thread.java:748) ~[?:1.8.0_192]
Caused by: java.net.SocketException: Software caused connection abort: recv failed
	at java.net.SocketInputStream.socketRead0(Native Method) ~[?:1.8.0_192]
	at java.net.SocketInputStream.socketRead(SocketInputStream.java:116) ~[?:1.8.0_192]
	at java.net.SocketInputStream.read(SocketInputStream.java:171) ~[?:1.8.0_192]
	at java.net.SocketInputStream.read(SocketInputStream.java:141) ~[?:1.8.0_192]
	at java.io.FilterInputStream.read(FilterInputStream.java:133) ~[?:1.8.0_192]
	at org.mariadb.jdbc.client.socket.impl.ReadAheadBufferedStream.fillingBuffer(ReadAheadBufferedStream.java:93) ~[mariadb-java-client-3.0.6.jar:?]
	at org.mariadb.jdbc.client.socket.impl.ReadAheadBufferedStream.read(ReadAheadBufferedStream.java:66) ~[mariadb-java-client-3.0.6.jar:?]
	at org.mariadb.jdbc.client.socket.impl.PacketReader.readPacket(PacketReader.java:76) ~[mariadb-java-client-3.0.6.jar:?]
	at org.mariadb.jdbc.message.ClientMessage.readPacket(ClientMessage.java:118) ~[mariadb-java-client-3.0.6.jar:?]
	at org.mariadb.jdbc.client.impl.StandardClient.readPacket(StandardClient.java:824) ~[mariadb-java-client-3.0.6.jar:?]
	... 36 more
[12:16:56:823] [WARN] - com.zaxxer.hikari.HikariConfig.validateNumerics(HikariConfig.java:1084) - data-pool- - idleTimeout is close to or more than maxLifetime, disabling it.
[12:22:27:483] [WARN] - com.zaxxer.hikari.pool.PoolBase.isConnectionAlive(PoolBase.java:184) - data-pool- - Failed to validate connection org.mariadb.jdbc.Connection@3269d48f ((conn=11304) Connection.setNetworkTimeout cannot be called on a closed connection). Possibly consider using a shorter maxLifetime value.
[12:22:41:916] [WARN] - com.zaxxer.hikari.pool.PoolBase.isConnectionAlive(PoolBase.java:184) - data-pool- - Failed to validate connection org.mariadb.jdbc.Connection@3b4af118 ((conn=11305) Connection.setNetworkTimeout cannot be called on a closed connection). Possibly consider using a shorter maxLifetime value.
[12:23:01:696] [WARN] - com.zaxxer.hikari.HikariConfig.validateNumerics(HikariConfig.java:1084) - data-pool- - idleTimeout is close to or more than maxLifetime, disabling it.
[12:25:34:174] [WARN] - com.zaxxer.hikari.pool.PoolBase.isConnectionAlive(PoolBase.java:184) - data-pool- - Failed to validate connection org.mariadb.jdbc.Connection@82f0d39 ((conn=11325) Connection.setNetworkTimeout cannot be called on a closed connection). Possibly consider using a shorter maxLifetime value.
[12:25:34:174] [WARN] - com.zaxxer.hikari.pool.PoolBase.isConnectionAlive(PoolBase.java:184) - data-pool- - Failed to validate connection org.mariadb.jdbc.Connection@7d67ec1e ((conn=11324) Connection.setNetworkTimeout cannot be called on a closed connection). Possibly consider using a shorter maxLifetime value.
[12:32:18:205] [WARN] - com.zaxxer.hikari.HikariConfig.validateNumerics(HikariConfig.java:1084) - data-pool- - idleTimeout is close to or more than maxLifetime, disabling it.
[12:34:40:606] [WARN] - com.zaxxer.hikari.pool.PoolBase.isConnectionAlive(PoolBase.java:184) - data-pool- - Failed to validate connection org.mariadb.jdbc.Connection@3cc3e784 ((conn=11364) Connection.setNetworkTimeout cannot be called on a closed connection). Possibly consider using a shorter maxLifetime value.
[12:41:10:593] [WARN] - com.zaxxer.hikari.pool.PoolBase.isConnectionAlive(PoolBase.java:184) - data-pool- - Failed to validate connection org.mariadb.jdbc.Connection@1c4cec63 ((conn=11385) Connection.setNetworkTimeout cannot be called on a closed connection). Possibly consider using a shorter maxLifetime value.
[12:41:10:639] [WARN] - com.zaxxer.hikari.pool.PoolBase.isConnectionAlive(PoolBase.java:184) - data-pool- - Failed to validate connection org.mariadb.jdbc.Connection@594e618e ((conn=11387) Connection.setNetworkTimeout cannot be called on a closed connection). Possibly consider using a shorter maxLifetime value.
[12:43:20:603] [WARN] - com.zaxxer.hikari.pool.PoolBase.isConnectionAlive(PoolBase.java:184) - data-pool- - Failed to validate connection org.mariadb.jdbc.Connection@37cb602b ((conn=11394) Connection.setNetworkTimeout cannot be called on a closed connection). Possibly consider using a shorter maxLifetime value.
[12:43:20:607] [WARN] - com.zaxxer.hikari.pool.PoolBase.isConnectionAlive(PoolBase.java:184) - data-pool- - Failed to validate connection org.mariadb.jdbc.Connection@3d330b5b ((conn=11395) Connection.setNetworkTimeout cannot be called on a closed connection). Possibly consider using a shorter maxLifetime value.
[12:46:40:595] [WARN] - com.zaxxer.hikari.pool.PoolBase.isConnectionAlive(PoolBase.java:184) - data-pool- - Failed to validate connection org.mariadb.jdbc.Connection@7760b64e ((conn=11405) Connection.setNetworkTimeout cannot be called on a closed connection). Possibly consider using a shorter maxLifetime value.
[12:46:40:599] [WARN] - com.zaxxer.hikari.pool.PoolBase.isConnectionAlive(PoolBase.java:184) - data-pool- - Failed to validate connection org.mariadb.jdbc.Connection@591ee691 ((conn=11407) Connection.setNetworkTimeout cannot be called on a closed connection). Possibly consider using a shorter maxLifetime value.
[12:46:40:599] [WARN] - com.zaxxer.hikari.pool.PoolBase.isConnectionAlive(PoolBase.java:184) - data-pool- - Failed to validate connection org.mariadb.jdbc.Connection@2a2ae60b ((conn=11406) Connection.setNetworkTimeout cannot be called on a closed connection). Possibly consider using a shorter maxLifetime value.
[12:46:40:606] [WARN] - com.zaxxer.hikari.pool.PoolBase.isConnectionAlive(PoolBase.java:184) - data-pool- - Failed to validate connection org.mariadb.jdbc.Connection@6236b6e6 ((conn=11410) Connection.setNetworkTimeout cannot be called on a closed connection). Possibly consider using a shorter maxLifetime value.
[12:46:40:606] [WARN] - com.zaxxer.hikari.pool.PoolBase.isConnectionAlive(PoolBase.java:184) - data-pool- - Failed to validate connection org.mariadb.jdbc.Connection@7249898c ((conn=11411) Connection.setNetworkTimeout cannot be called on a closed connection). Possibly consider using a shorter maxLifetime value.
[12:46:40:606] [WARN] - com.zaxxer.hikari.pool.PoolBase.isConnectionAlive(PoolBase.java:184) - data-pool- - Failed to validate connection org.mariadb.jdbc.Connection@1c1c73d6 ((conn=11409) Connection.setNetworkTimeout cannot be called on a closed connection). Possibly consider using a shorter maxLifetime value.
[12:46:40:606] [WARN] - com.zaxxer.hikari.pool.PoolBase.isConnectionAlive(PoolBase.java:184) - data-pool- - Failed to validate connection org.mariadb.jdbc.Connection@9286c99 ((conn=11408) Connection.setNetworkTimeout cannot be called on a closed connection). Possibly consider using a shorter maxLifetime value.
[12:51:40:596] [WARN] - com.zaxxer.hikari.pool.PoolBase.isConnectionAlive(PoolBase.java:184) - data-pool- - Failed to validate connection org.mariadb.jdbc.Connection@4c490418 ((conn=11424) Connection.setNetworkTimeout cannot be called on a closed connection). Possibly consider using a shorter maxLifetime value.
[12:52:30:597] [WARN] - com.zaxxer.hikari.pool.PoolBase.isConnectionAlive(PoolBase.java:184) - data-pool- - Failed to validate connection org.mariadb.jdbc.Connection@61cdc665 ((conn=11425) Connection.setNetworkTimeout cannot be called on a closed connection). Possibly consider using a shorter maxLifetime value.
[12:52:30:602] [WARN] - com.zaxxer.hikari.pool.PoolBase.isConnectionAlive(PoolBase.java:184) - data-pool- - Failed to validate connection org.mariadb.jdbc.Connection@50e6056b ((conn=11426) Connection.setNetworkTimeout cannot be called on a closed connection). Possibly consider using a shorter maxLifetime value.
[12:52:30:603] [WARN] - com.zaxxer.hikari.pool.PoolBase.isConnectionAlive(PoolBase.java:184) - data-pool- - Failed to validate connection org.mariadb.jdbc.Connection@e133863 ((conn=11427) Connection.setNetworkTimeout cannot be called on a closed connection). Possibly consider using a shorter maxLifetime value.
[12:52:30:603] [WARN] - com.zaxxer.hikari.pool.PoolBase.isConnectionAlive(PoolBase.java:184) - data-pool- - Failed to validate connection org.mariadb.jdbc.Connection@1e2392a ((conn=11428) Connection.setNetworkTimeout cannot be called on a closed connection). Possibly consider using a shorter maxLifetime value.
[12:52:30:603] [WARN] - com.zaxxer.hikari.pool.PoolBase.isConnectionAlive(PoolBase.java:184) - data-pool- - Failed to validate connection org.mariadb.jdbc.Connection@62fde8f8 ((conn=11429) Connection.setNetworkTimeout cannot be called on a closed connection). Possibly consider using a shorter maxLifetime value.
[12:52:30:610] [WARN] - com.zaxxer.hikari.pool.PoolBase.isConnectionAlive(PoolBase.java:184) - data-pool- - Failed to validate connection org.mariadb.jdbc.Connection@2d07491 ((conn=11430) Connection.setNetworkTimeout cannot be called on a closed connection). Possibly consider using a shorter maxLifetime value.
[12:52:30:610] [WARN] - com.zaxxer.hikari.pool.PoolBase.isConnectionAlive(PoolBase.java:184) - data-pool- - Failed to validate connection org.mariadb.jdbc.Connection@15179488 ((conn=11431) Connection.setNetworkTimeout cannot be called on a closed connection). Possibly consider using a shorter maxLifetime value.
[12:54:50:595] [WARN] - com.zaxxer.hikari.pool.PoolBase.isConnectionAlive(PoolBase.java:184) - data-pool- - Failed to validate connection org.mariadb.jdbc.Connection@11129b0b ((conn=11434) Connection.setNetworkTimeout cannot be called on a closed connection). Possibly consider using a shorter maxLifetime value.
[12:54:50:595] [WARN] - com.zaxxer.hikari.pool.PoolBase.isConnectionAlive(PoolBase.java:184) - data-pool- - Failed to validate connection org.mariadb.jdbc.Connection@1beaf07b ((conn=11435) Connection.setNetworkTimeout cannot be called on a closed connection). Possibly consider using a shorter maxLifetime value.
[12:54:50:598] [WARN] - com.zaxxer.hikari.pool.PoolBase.isConnectionAlive(PoolBase.java:184) - data-pool- - Failed to validate connection org.mariadb.jdbc.Connection@5ee87d62 ((conn=11436) Connection.setNetworkTimeout cannot be called on a closed connection). Possibly consider using a shorter maxLifetime value.
[12:54:50:598] [WARN] - com.zaxxer.hikari.pool.PoolBase.isConnectionAlive(PoolBase.java:184) - data-pool- - Failed to validate connection org.mariadb.jdbc.Connection@5b277f77 ((conn=11437) Connection.setNetworkTimeout cannot be called on a closed connection). Possibly consider using a shorter maxLifetime value.
[12:54:50:601] [WARN] - com.zaxxer.hikari.pool.PoolBase.isConnectionAlive(PoolBase.java:184) - data-pool- - Failed to validate connection org.mariadb.jdbc.Connection@6ffca4f5 ((conn=11438) Connection.setNetworkTimeout cannot be called on a closed connection). Possibly consider using a shorter maxLifetime value.
[12:54:50:601] [WARN] - com.zaxxer.hikari.pool.PoolBase.isConnectionAlive(PoolBase.java:184) - data-pool- - Failed to validate connection org.mariadb.jdbc.Connection@23d9f859 ((conn=11439) Connection.setNetworkTimeout cannot be called on a closed connection). Possibly consider using a shorter maxLifetime value.
[12:54:50:603] [WARN] - com.zaxxer.hikari.pool.PoolBase.isConnectionAlive(PoolBase.java:184) - data-pool- - Failed to validate connection org.mariadb.jdbc.Connection@3ec7822d ((conn=11440) Connection.setNetworkTimeout cannot be called on a closed connection). Possibly consider using a shorter maxLifetime value.
[12:54:50:603] [WARN] - com.zaxxer.hikari.pool.PoolBase.isConnectionAlive(PoolBase.java:184) - data-pool- - Failed to validate connection org.mariadb.jdbc.Connection@5e7b8e45 ((conn=11441) Connection.setNetworkTimeout cannot be called on a closed connection). Possibly consider using a shorter maxLifetime value.
[13:00:30:590] [WARN] - com.zaxxer.hikari.pool.PoolBase.isConnectionAlive(PoolBase.java:184) - data-pool- - Failed to validate connection org.mariadb.jdbc.Connection@eea80fe ((conn=11454) Connection.setNetworkTimeout cannot be called on a closed connection). Possibly consider using a shorter maxLifetime value.
[13:00:30:590] [WARN] - com.zaxxer.hikari.pool.PoolBase.isConnectionAlive(PoolBase.java:184) - data-pool- - Failed to validate connection org.mariadb.jdbc.Connection@ad515fb ((conn=11455) Connection.setNetworkTimeout cannot be called on a closed connection). Possibly consider using a shorter maxLifetime value.
[13:00:30:595] [WARN] - com.zaxxer.hikari.pool.PoolBase.isConnectionAlive(PoolBase.java:184) - data-pool- - Failed to validate connection org.mariadb.jdbc.Connection@4fd78ac5 ((conn=11456) Connection.setNetworkTimeout cannot be called on a closed connection). Possibly consider using a shorter maxLifetime value.
[13:00:30:596] [WARN] - com.zaxxer.hikari.pool.PoolBase.isConnectionAlive(PoolBase.java:184) - data-pool- - Failed to validate connection org.mariadb.jdbc.Connection@24656c92 ((conn=11457) Connection.setNetworkTimeout cannot be called on a closed connection). Possibly consider using a shorter maxLifetime value.
[13:00:30:596] [WARN] - com.zaxxer.hikari.pool.PoolBase.isConnectionAlive(PoolBase.java:184) - data-pool- - Failed to validate connection org.mariadb.jdbc.Connection@7e52e590 ((conn=11458) Connection.setNetworkTimeout cannot be called on a closed connection). Possibly consider using a shorter maxLifetime value.
[13:00:30:596] [WARN] - com.zaxxer.hikari.pool.PoolBase.isConnectionAlive(PoolBase.java:184) - data-pool- - Failed to validate connection org.mariadb.jdbc.Connection@5c0a5d6c ((conn=11459) Connection.setNetworkTimeout cannot be called on a closed connection). Possibly consider using a shorter maxLifetime value.
[13:00:30:599] [WARN] - com.zaxxer.hikari.pool.PoolBase.isConnectionAlive(PoolBase.java:184) - data-pool- - Failed to validate connection org.mariadb.jdbc.Connection@2ff8758a ((conn=11460) Connection.setNetworkTimeout cannot be called on a closed connection). Possibly consider using a shorter maxLifetime value.
[13:00:30:599] [WARN] - com.zaxxer.hikari.pool.PoolBase.isConnectionAlive(PoolBase.java:184) - data-pool- - Failed to validate connection org.mariadb.jdbc.Connection@20768d1b ((conn=11461) Connection.setNetworkTimeout cannot be called on a closed connection). Possibly consider using a shorter maxLifetime value.
[13:06:23:824] [WARN] - com.zaxxer.hikari.pool.PoolBase.isConnectionAlive(PoolBase.java:184) - data-pool- - Failed to validate connection org.mariadb.jdbc.Connection@3e6ca954 ((conn=11475) Connection.setNetworkTimeout cannot be called on a closed connection). Possibly consider using a shorter maxLifetime value.
[13:12:20:602] [WARN] - com.zaxxer.hikari.pool.PoolBase.isConnectionAlive(PoolBase.java:184) - data-pool- - Failed to validate connection org.mariadb.jdbc.Connection@42506eee ((conn=11496) Connection.setNetworkTimeout cannot be called on a closed connection). Possibly consider using a shorter maxLifetime value.
[13:12:20:606] [WARN] - com.zaxxer.hikari.pool.PoolBase.isConnectionAlive(PoolBase.java:184) - data-pool- - Failed to validate connection org.mariadb.jdbc.Connection@4c9798d4 ((conn=11501) Connection.setNetworkTimeout cannot be called on a closed connection). Possibly consider using a shorter maxLifetime value.
[13:12:20:603] [WARN] - com.zaxxer.hikari.pool.PoolBase.isConnectionAlive(PoolBase.java:184) - data-pool- - Failed to validate connection org.mariadb.jdbc.Connection@5d934b2d ((conn=11498) Connection.setNetworkTimeout cannot be called on a closed connection). Possibly consider using a shorter maxLifetime value.
[13:12:20:605] [WARN] - com.zaxxer.hikari.pool.PoolBase.isConnectionAlive(PoolBase.java:184) - data-pool- - Failed to validate connection org.mariadb.jdbc.Connection@16c80f07 ((conn=11500) Connection.setNetworkTimeout cannot be called on a closed connection). Possibly consider using a shorter maxLifetime value.
[13:12:20:604] [WARN] - com.zaxxer.hikari.pool.PoolBase.isConnectionAlive(PoolBase.java:184) - data-pool- - Failed to validate connection org.mariadb.jdbc.Connection@2cbe5ebd ((conn=11499) Connection.setNetworkTimeout cannot be called on a closed connection). Possibly consider using a shorter maxLifetime value.
[13:17:50:600] [WARN] - com.zaxxer.hikari.pool.PoolBase.isConnectionAlive(PoolBase.java:184) - data-pool- - Failed to validate connection org.mariadb.jdbc.Connection@f36b5ab ((conn=11515) Connection.setNetworkTimeout cannot be called on a closed connection). Possibly consider using a shorter maxLifetime value.
[13:21:10:600] [WARN] - com.zaxxer.hikari.pool.PoolBase.isConnectionAlive(PoolBase.java:184) - data-pool- - Failed to validate connection org.mariadb.jdbc.Connection@6bf0f9ab ((conn=11527) Connection.setNetworkTimeout cannot be called on a closed connection). Possibly consider using a shorter maxLifetime value.
[13:21:10:596] [WARN] - com.zaxxer.hikari.pool.PoolBase.isConnectionAlive(PoolBase.java:184) - data-pool- - Failed to validate connection org.mariadb.jdbc.Connection@5ee6f5fe ((conn=11526) Connection.setNetworkTimeout cannot be called on a closed connection). Possibly consider using a shorter maxLifetime value.
[13:21:10:601] [WARN] - com.zaxxer.hikari.pool.PoolBase.isConnectionAlive(PoolBase.java:184) - data-pool- - Failed to validate connection org.mariadb.jdbc.Connection@50210052 ((conn=11528) Connection.setNetworkTimeout cannot be called on a closed connection). Possibly consider using a shorter maxLifetime value.
[13:21:10:601] [WARN] - com.zaxxer.hikari.pool.PoolBase.isConnectionAlive(PoolBase.java:184) - data-pool- - Failed to validate connection org.mariadb.jdbc.Connection@541e9e8e ((conn=11529) Connection.setNetworkTimeout cannot be called on a closed connection). Possibly consider using a shorter maxLifetime value.
[13:21:10:601] [WARN] - com.zaxxer.hikari.pool.PoolBase.isConnectionAlive(PoolBase.java:184) - data-pool- - Failed to validate connection org.mariadb.jdbc.Connection@111c0a69 ((conn=11530) Connection.setNetworkTimeout cannot be called on a closed connection). Possibly consider using a shorter maxLifetime value.
[13:21:10:601] [WARN] - com.zaxxer.hikari.pool.PoolBase.isConnectionAlive(PoolBase.java:184) - data-pool- - Failed to validate connection org.mariadb.jdbc.Connection@783c54b1 ((conn=11531) Connection.setNetworkTimeout cannot be called on a closed connection). Possibly consider using a shorter maxLifetime value.
[13:32:50:606] [WARN] - com.zaxxer.hikari.pool.PoolBase.isConnectionAlive(PoolBase.java:184) - data-pool- - Failed to validate connection org.mariadb.jdbc.Connection@260c701f ((conn=11565) Connection.setNetworkTimeout cannot be called on a closed connection). Possibly consider using a shorter maxLifetime value.
[13:41:50:606] [WARN] - com.zaxxer.hikari.pool.PoolBase.isConnectionAlive(PoolBase.java:184) - data-pool- - Failed to validate connection org.mariadb.jdbc.Connection@48ec3511 ((conn=11598) Connection.setNetworkTimeout cannot be called on a closed connection). Possibly consider using a shorter maxLifetime value.
[13:41:50:606] [WARN] - com.zaxxer.hikari.pool.PoolBase.isConnectionAlive(PoolBase.java:184) - data-pool- - Failed to validate connection org.mariadb.jdbc.Connection@3fbc70fb ((conn=11597) Connection.setNetworkTimeout cannot be called on a closed connection). Possibly consider using a shorter maxLifetime value.
[13:41:50:606] [WARN] - com.zaxxer.hikari.pool.PoolBase.isConnectionAlive(PoolBase.java:184) - data-pool- - Failed to validate connection org.mariadb.jdbc.Connection@39fdfb98 ((conn=11596) Connection.setNetworkTimeout cannot be called on a closed connection). Possibly consider using a shorter maxLifetime value.
[13:41:50:611] [WARN] - com.zaxxer.hikari.pool.PoolBase.isConnectionAlive(PoolBase.java:184) - data-pool- - Failed to validate connection org.mariadb.jdbc.Connection@1f4ce66a ((conn=11599) Connection.setNetworkTimeout cannot be called on a closed connection). Possibly consider using a shorter maxLifetime value.
[13:41:50:611] [WARN] - com.zaxxer.hikari.pool.PoolBase.isConnectionAlive(PoolBase.java:184) - data-pool- - Failed to validate connection org.mariadb.jdbc.Connection@1946bb34 ((conn=11601) Connection.setNetworkTimeout cannot be called on a closed connection). Possibly consider using a shorter maxLifetime value.
[13:41:50:611] [WARN] - com.zaxxer.hikari.pool.PoolBase.isConnectionAlive(PoolBase.java:184) - data-pool- - Failed to validate connection org.mariadb.jdbc.Connection@7a0f136e ((conn=11600) Connection.setNetworkTimeout cannot be called on a closed connection). Possibly consider using a shorter maxLifetime value.
[13:50:30:604] [WARN] - com.zaxxer.hikari.pool.PoolBase.isConnectionAlive(PoolBase.java:184) - data-pool- - Failed to validate connection org.mariadb.jdbc.Connection@387021f1 ((conn=11624) Connection.setNetworkTimeout cannot be called on a closed connection). Possibly consider using a shorter maxLifetime value.
[13:50:40:598] [WARN] - com.zaxxer.hikari.pool.PoolBase.isConnectionAlive(PoolBase.java:184) - data-pool- - Failed to validate connection org.mariadb.jdbc.Connection@31a0195 ((conn=11625) Connection.setNetworkTimeout cannot be called on a closed connection). Possibly consider using a shorter maxLifetime value.
[13:50:40:600] [WARN] - com.zaxxer.hikari.pool.PoolBase.isConnectionAlive(PoolBase.java:184) - data-pool- - Failed to validate connection org.mariadb.jdbc.Connection@71ba057e ((conn=11626) Connection.setNetworkTimeout cannot be called on a closed connection). Possibly consider using a shorter maxLifetime value.
[13:50:40:601] [WARN] - com.zaxxer.hikari.pool.PoolBase.isConnectionAlive(PoolBase.java:184) - data-pool- - Failed to validate connection org.mariadb.jdbc.Connection@524dc989 ((conn=11627) Connection.setNetworkTimeout cannot be called on a closed connection). Possibly consider using a shorter maxLifetime value.
[13:50:40:603] [WARN] - com.zaxxer.hikari.pool.PoolBase.isConnectionAlive(PoolBase.java:184) - data-pool- - Failed to validate connection org.mariadb.jdbc.Connection@184b3bfd ((conn=11628) Connection.setNetworkTimeout cannot be called on a closed connection). Possibly consider using a shorter maxLifetime value.
[13:50:40:604] [WARN] - com.zaxxer.hikari.pool.PoolBase.isConnectionAlive(PoolBase.java:184) - data-pool- - Failed to validate connection org.mariadb.jdbc.Connection@4b0e97c8 ((conn=11629) Connection.setNetworkTimeout cannot be called on a closed connection). Possibly consider using a shorter maxLifetime value.
[13:50:40:605] [WARN] - com.zaxxer.hikari.pool.PoolBase.isConnectionAlive(PoolBase.java:184) - data-pool- - Failed to validate connection org.mariadb.jdbc.Connection@6abeea22 ((conn=11630) Connection.setNetworkTimeout cannot be called on a closed connection). Possibly consider using a shorter maxLifetime value.
[13:50:40:606] [WARN] - com.zaxxer.hikari.pool.PoolBase.isConnectionAlive(PoolBase.java:184) - data-pool- - Failed to validate connection org.mariadb.jdbc.Connection@5603777d ((conn=11631) Connection.setNetworkTimeout cannot be called on a closed connection). Possibly consider using a shorter maxLifetime value.
[13:55:50:605] [WARN] - com.zaxxer.hikari.pool.PoolBase.isConnectionAlive(PoolBase.java:184) - data-pool- - Failed to validate connection org.mariadb.jdbc.Connection@6af578a3 ((conn=11645) Connection.setNetworkTimeout cannot be called on a closed connection). Possibly consider using a shorter maxLifetime value.
[13:55:50:606] [WARN] - com.zaxxer.hikari.pool.PoolBase.isConnectionAlive(PoolBase.java:184) - data-pool- - Failed to validate connection org.mariadb.jdbc.Connection@1249fbf7 ((conn=11646) Connection.setNetworkTimeout cannot be called on a closed connection). Possibly consider using a shorter maxLifetime value.
[13:59:20:593] [WARN] - com.zaxxer.hikari.pool.PoolBase.isConnectionAlive(PoolBase.java:184) - data-pool- - Failed to validate connection org.mariadb.jdbc.Connection@5602a2e8 ((conn=11655) Connection.setNetworkTimeout cannot be called on a closed connection). Possibly consider using a shorter maxLifetime value.
[13:59:20:594] [WARN] - com.zaxxer.hikari.pool.PoolBase.isConnectionAlive(PoolBase.java:184) - data-pool- - Failed to validate connection org.mariadb.jdbc.Connection@3d2f4319 ((conn=11656) Connection.setNetworkTimeout cannot be called on a closed connection). Possibly consider using a shorter maxLifetime value.
[13:59:20:594] [WARN] - com.zaxxer.hikari.pool.PoolBase.isConnectionAlive(PoolBase.java:184) - data-pool- - Failed to validate connection org.mariadb.jdbc.Connection@5637148a ((conn=11657) Connection.setNetworkTimeout cannot be called on a closed connection). Possibly consider using a shorter maxLifetime value.
[13:59:20:595] [WARN] - com.zaxxer.hikari.pool.PoolBase.isConnectionAlive(PoolBase.java:184) - data-pool- - Failed to validate connection org.mariadb.jdbc.Connection@332d9a62 ((conn=11658) Connection.setNetworkTimeout cannot be called on a closed connection). Possibly consider using a shorter maxLifetime value.
[13:59:20:596] [WARN] - com.zaxxer.hikari.pool.PoolBase.isConnectionAlive(PoolBase.java:184) - data-pool- - Failed to validate connection org.mariadb.jdbc.Connection@68e57676 ((conn=11659) Connection.setNetworkTimeout cannot be called on a closed connection). Possibly consider using a shorter maxLifetime value.
[13:59:20:596] [WARN] - com.zaxxer.hikari.pool.PoolBase.isConnectionAlive(PoolBase.java:184) - data-pool- - Failed to validate connection org.mariadb.jdbc.Connection@4a5f4edf ((conn=11660) Connection.setNetworkTimeout cannot be called on a closed connection). Possibly consider using a shorter maxLifetime value.
[13:59:20:597] [WARN] - com.zaxxer.hikari.pool.PoolBase.isConnectionAlive(PoolBase.java:184) - data-pool- - Failed to validate connection org.mariadb.jdbc.Connection@20e0abb ((conn=11661) Connection.setNetworkTimeout cannot be called on a closed connection). Possibly consider using a shorter maxLifetime value.
[14:01:30:596] [WARN] - com.zaxxer.hikari.pool.PoolBase.isConnectionAlive(PoolBase.java:184) - data-pool- - Failed to validate connection org.mariadb.jdbc.Connection@62e3b81f ((conn=11665) Connection.setNetworkTimeout cannot be called on a closed connection). Possibly consider using a shorter maxLifetime value.
[14:04:50:590] [WARN] - com.zaxxer.hikari.pool.PoolBase.isConnectionAlive(PoolBase.java:184) - data-pool- - Failed to validate connection org.mariadb.jdbc.Connection@4ed39e75 ((conn=11675) Connection.setNetworkTimeout cannot be called on a closed connection). Possibly consider using a shorter maxLifetime value.
[14:04:50:590] [WARN] - com.zaxxer.hikari.pool.PoolBase.isConnectionAlive(PoolBase.java:184) - data-pool- - Failed to validate connection org.mariadb.jdbc.Connection@458d4431 ((conn=11676) Connection.setNetworkTimeout cannot be called on a closed connection). Possibly consider using a shorter maxLifetime value.
[14:04:50:593] [WARN] - com.zaxxer.hikari.pool.PoolBase.isConnectionAlive(PoolBase.java:184) - data-pool- - Failed to validate connection org.mariadb.jdbc.Connection@186fb151 ((conn=11677) Connection.setNetworkTimeout cannot be called on a closed connection). Possibly consider using a shorter maxLifetime value.
[14:04:50:595] [WARN] - com.zaxxer.hikari.pool.PoolBase.isConnectionAlive(PoolBase.java:184) - data-pool- - Failed to validate connection org.mariadb.jdbc.Connection@4a9da41f ((conn=11678) Connection.setNetworkTimeout cannot be called on a closed connection). Possibly consider using a shorter maxLifetime value.
[14:04:50:599] [WARN] - com.zaxxer.hikari.pool.PoolBase.isConnectionAlive(PoolBase.java:184) - data-pool- - Failed to validate connection org.mariadb.jdbc.Connection@3bb502a1 ((conn=11679) Connection.setNetworkTimeout cannot be called on a closed connection). Possibly consider using a shorter maxLifetime value.
[14:04:50:599] [WARN] - com.zaxxer.hikari.pool.PoolBase.isConnectionAlive(PoolBase.java:184) - data-pool- - Failed to validate connection org.mariadb.jdbc.Connection@1436652a ((conn=11680) Connection.setNetworkTimeout cannot be called on a closed connection). Possibly consider using a shorter maxLifetime value.
[14:04:50:602] [WARN] - com.zaxxer.hikari.pool.PoolBase.isConnectionAlive(PoolBase.java:184) - data-pool- - Failed to validate connection org.mariadb.jdbc.Connection@71b6bbc4 ((conn=11681) Connection.setNetworkTimeout cannot be called on a closed connection). Possibly consider using a shorter maxLifetime value.
[14:10:20:592] [WARN] - com.zaxxer.hikari.pool.PoolBase.isConnectionAlive(PoolBase.java:184) - data-pool- - Failed to validate connection org.mariadb.jdbc.Connection@75acaa7b ((conn=11695) Connection.setNetworkTimeout cannot be called on a closed connection). Possibly consider using a shorter maxLifetime value.
[14:10:40:591] [WARN] - com.zaxxer.hikari.pool.PoolBase.isConnectionAlive(PoolBase.java:184) - data-pool- - Failed to validate connection org.mariadb.jdbc.Connection@3288bc1c ((conn=11696) Connection.setNetworkTimeout cannot be called on a closed connection). Possibly consider using a shorter maxLifetime value.
[14:10:40:591] [WARN] - com.zaxxer.hikari.pool.PoolBase.isConnectionAlive(PoolBase.java:184) - data-pool- - Failed to validate connection org.mariadb.jdbc.Connection@23681167 ((conn=11697) Connection.setNetworkTimeout cannot be called on a closed connection). Possibly consider using a shorter maxLifetime value.
[14:10:40:596] [WARN] - com.zaxxer.hikari.pool.PoolBase.isConnectionAlive(PoolBase.java:184) - data-pool- - Failed to validate connection org.mariadb.jdbc.Connection@571d4d8a ((conn=11698) Connection.setNetworkTimeout cannot be called on a closed connection). Possibly consider using a shorter maxLifetime value.
[14:10:40:596] [WARN] - com.zaxxer.hikari.pool.PoolBase.isConnectionAlive(PoolBase.java:184) - data-pool- - Failed to validate connection org.mariadb.jdbc.Connection@44f57cf7 ((conn=11699) Connection.setNetworkTimeout cannot be called on a closed connection). Possibly consider using a shorter maxLifetime value.
[14:10:40:596] [WARN] - com.zaxxer.hikari.pool.PoolBase.isConnectionAlive(PoolBase.java:184) - data-pool- - Failed to validate connection org.mariadb.jdbc.Connection@336a4029 ((conn=11700) Connection.setNetworkTimeout cannot be called on a closed connection). Possibly consider using a shorter maxLifetime value.
[14:10:40:596] [WARN] - com.zaxxer.hikari.pool.PoolBase.isConnectionAlive(PoolBase.java:184) - data-pool- - Failed to validate connection org.mariadb.jdbc.Connection@50ea9c0a ((conn=11701) Connection.setNetworkTimeout cannot be called on a closed connection). Possibly consider using a shorter maxLifetime value.
[14:13:20:592] [WARN] - com.zaxxer.hikari.pool.PoolBase.isConnectionAlive(PoolBase.java:184) - data-pool- - Failed to validate connection org.mariadb.jdbc.Connection@240237c2 ((conn=11705) Connection.setNetworkTimeout cannot be called on a closed connection). Possibly consider using a shorter maxLifetime value.
[14:13:20:592] [WARN] - com.zaxxer.hikari.pool.PoolBase.isConnectionAlive(PoolBase.java:184) - data-pool- - Failed to validate connection org.mariadb.jdbc.Connection@74a0894b ((conn=11706) Connection.setNetworkTimeout cannot be called on a closed connection). Possibly consider using a shorter maxLifetime value.
[14:13:20:592] [WARN] - com.zaxxer.hikari.pool.PoolBase.isConnectionAlive(PoolBase.java:184) - data-pool- - Failed to validate connection org.mariadb.jdbc.Connection@1ac5d5b2 ((conn=11707) Connection.setNetworkTimeout cannot be called on a closed connection). Possibly consider using a shorter maxLifetime value.
[14:13:20:592] [WARN] - com.zaxxer.hikari.pool.PoolBase.isConnectionAlive(PoolBase.java:184) - data-pool- - Failed to validate connection org.mariadb.jdbc.Connection@7b435254 ((conn=11708) Connection.setNetworkTimeout cannot be called on a closed connection). Possibly consider using a shorter maxLifetime value.
[14:13:20:596] [WARN] - com.zaxxer.hikari.pool.PoolBase.isConnectionAlive(PoolBase.java:184) - data-pool- - Failed to validate connection org.mariadb.jdbc.Connection@3683c922 ((conn=11709) Connection.setNetworkTimeout cannot be called on a closed connection). Possibly consider using a shorter maxLifetime value.
[14:13:20:596] [WARN] - com.zaxxer.hikari.pool.PoolBase.isConnectionAlive(PoolBase.java:184) - data-pool- - Failed to validate connection org.mariadb.jdbc.Connection@360cf87f ((conn=11710) Connection.setNetworkTimeout cannot be called on a closed connection). Possibly consider using a shorter maxLifetime value.
[14:13:20:596] [WARN] - com.zaxxer.hikari.pool.PoolBase.isConnectionAlive(PoolBase.java:184) - data-pool- - Failed to validate connection org.mariadb.jdbc.Connection@14fc0bc3 ((conn=11711) Connection.setNetworkTimeout cannot be called on a closed connection). Possibly consider using a shorter maxLifetime value.
[14:13:20:596] [WARN] - com.zaxxer.hikari.pool.PoolBase.isConnectionAlive(PoolBase.java:184) - data-pool- - Failed to validate connection org.mariadb.jdbc.Connection@266c52fb ((conn=11712) Connection.setNetworkTimeout cannot be called on a closed connection). Possibly consider using a shorter maxLifetime value.
[14:21:30:598] [WARN] - com.zaxxer.hikari.pool.PoolBase.isConnectionAlive(PoolBase.java:184) - data-pool- - Failed to validate connection org.mariadb.jdbc.Connection@8f8b656 ((conn=11736) Connection.setNetworkTimeout cannot be called on a closed connection). Possibly consider using a shorter maxLifetime value.
[14:21:30:603] [WARN] - com.zaxxer.hikari.pool.PoolBase.isConnectionAlive(PoolBase.java:184) - data-pool- - Failed to validate connection org.mariadb.jdbc.Connection@9a0bec ((conn=11737) Connection.setNetworkTimeout cannot be called on a closed connection). Possibly consider using a shorter maxLifetime value.
[14:21:30:603] [WARN] - com.zaxxer.hikari.pool.PoolBase.isConnectionAlive(PoolBase.java:184) - data-pool- - Failed to validate connection org.mariadb.jdbc.Connection@6c0620ae ((conn=11738) Connection.setNetworkTimeout cannot be called on a closed connection). Possibly consider using a shorter maxLifetime value.
[14:21:30:603] [WARN] - com.zaxxer.hikari.pool.PoolBase.isConnectionAlive(PoolBase.java:184) - data-pool- - Failed to validate connection org.mariadb.jdbc.Connection@2181717e ((conn=11739) Connection.setNetworkTimeout cannot be called on a closed connection). Possibly consider using a shorter maxLifetime value.
[14:21:30:609] [WARN] - com.zaxxer.hikari.pool.PoolBase.isConnectionAlive(PoolBase.java:184) - data-pool- - Failed to validate connection org.mariadb.jdbc.Connection@3d1a5587 ((conn=11740) Connection.setNetworkTimeout cannot be called on a closed connection). Possibly consider using a shorter maxLifetime value.
[14:21:30:609] [WARN] - com.zaxxer.hikari.pool.PoolBase.isConnectionAlive(PoolBase.java:184) - data-pool- - Failed to validate connection org.mariadb.jdbc.Connection@6d0feca3 ((conn=11741) Connection.setNetworkTimeout cannot be called on a closed connection). Possibly consider using a shorter maxLifetime value.
[14:21:30:609] [WARN] - com.zaxxer.hikari.pool.PoolBase.isConnectionAlive(PoolBase.java:184) - data-pool- - Failed to validate connection org.mariadb.jdbc.Connection@30d1b2fc ((conn=11742) Connection.setNetworkTimeout cannot be called on a closed connection). Possibly consider using a shorter maxLifetime value.
[14:24:40:592] [WARN] - com.zaxxer.hikari.pool.PoolBase.isConnectionAlive(PoolBase.java:184) - data-pool- - Failed to validate connection org.mariadb.jdbc.Connection@6b9940b1 ((conn=11751) Connection.setNetworkTimeout cannot be called on a closed connection). Possibly consider using a shorter maxLifetime value.
[14:24:40:595] [WARN] - com.zaxxer.hikari.pool.PoolBase.isConnectionAlive(PoolBase.java:184) - data-pool- - Failed to validate connection org.mariadb.jdbc.Connection@62b3ac3c ((conn=11752) Connection.setNetworkTimeout cannot be called on a closed connection). Possibly consider using a shorter maxLifetime value.
[14:30:30:597] [WARN] - com.zaxxer.hikari.pool.PoolBase.isConnectionAlive(PoolBase.java:184) - data-pool- - Failed to validate connection org.mariadb.jdbc.Connection@22ffc21b ((conn=11771) Connection.setNetworkTimeout cannot be called on a closed connection). Possibly consider using a shorter maxLifetime value.
[14:30:30:597] [WARN] - com.zaxxer.hikari.pool.PoolBase.isConnectionAlive(PoolBase.java:184) - data-pool- - Failed to validate connection org.mariadb.jdbc.Connection@ebea5b8 ((conn=11772) Connection.setNetworkTimeout cannot be called on a closed connection). Possibly consider using a shorter maxLifetime value.
[14:35:40:592] [WARN] - com.zaxxer.hikari.pool.PoolBase.isConnectionAlive(PoolBase.java:184) - data-pool- - Failed to validate connection org.mariadb.jdbc.Connection@56b7da30 ((conn=11785) Connection.setNetworkTimeout cannot be called on a closed connection). Possibly consider using a shorter maxLifetime value.
[14:35:40:592] [WARN] - com.zaxxer.hikari.pool.PoolBase.isConnectionAlive(PoolBase.java:184) - data-pool- - Failed to validate connection org.mariadb.jdbc.Connection@32d12805 ((conn=11786) Connection.setNetworkTimeout cannot be called on a closed connection). Possibly consider using a shorter maxLifetime value.
[14:35:40:592] [WARN] - com.zaxxer.hikari.pool.PoolBase.isConnectionAlive(PoolBase.java:184) - data-pool- - Failed to validate connection org.mariadb.jdbc.Connection@22ec8f7a ((conn=11787) Connection.setNetworkTimeout cannot be called on a closed connection). Possibly consider using a shorter maxLifetime value.
[14:35:40:597] [WARN] - com.zaxxer.hikari.pool.PoolBase.isConnectionAlive(PoolBase.java:184) - data-pool- - Failed to validate connection org.mariadb.jdbc.Connection@4a62a74d ((conn=11788) Connection.setNetworkTimeout cannot be called on a closed connection). Possibly consider using a shorter maxLifetime value.
[14:35:40:597] [WARN] - com.zaxxer.hikari.pool.PoolBase.isConnectionAlive(PoolBase.java:184) - data-pool- - Failed to validate connection org.mariadb.jdbc.Connection@739aa1cd ((conn=11789) Connection.setNetworkTimeout cannot be called on a closed connection). Possibly consider using a shorter maxLifetime value.
[14:35:40:597] [WARN] - com.zaxxer.hikari.pool.PoolBase.isConnectionAlive(PoolBase.java:184) - data-pool- - Failed to validate connection org.mariadb.jdbc.Connection@48302ebb ((conn=11790) Connection.setNetworkTimeout cannot be called on a closed connection). Possibly consider using a shorter maxLifetime value.
[14:35:40:597] [WARN] - com.zaxxer.hikari.pool.PoolBase.isConnectionAlive(PoolBase.java:184) - data-pool- - Failed to validate connection org.mariadb.jdbc.Connection@e61ff98 ((conn=11791) Connection.setNetworkTimeout cannot be called on a closed connection). Possibly consider using a shorter maxLifetime value.
[14:36:20:596] [WARN] - com.zaxxer.hikari.pool.PoolBase.isConnectionAlive(PoolBase.java:184) - data-pool- - Failed to validate connection org.mariadb.jdbc.Connection@7c81be59 ((conn=11792) Connection.setNetworkTimeout cannot be called on a closed connection). Possibly consider using a shorter maxLifetime value.
[14:38:40:593] [WARN] - com.zaxxer.hikari.pool.PoolBase.isConnectionAlive(PoolBase.java:184) - data-pool- - Failed to validate connection org.mariadb.jdbc.Connection@79e87f26 ((conn=11800) Connection.setNetworkTimeout cannot be called on a closed connection). Possibly consider using a shorter maxLifetime value.
[14:38:40:593] [WARN] - com.zaxxer.hikari.pool.PoolBase.isConnectionAlive(PoolBase.java:184) - data-pool- - Failed to validate connection org.mariadb.jdbc.Connection@5ce1ed54 ((conn=11801) Connection.setNetworkTimeout cannot be called on a closed connection). Possibly consider using a shorter maxLifetime value.
[14:38:40:598] [WARN] - com.zaxxer.hikari.pool.PoolBase.isConnectionAlive(PoolBase.java:184) - data-pool- - Failed to validate connection org.mariadb.jdbc.Connection@653ff1db ((conn=11802) Connection.setNetworkTimeout cannot be called on a closed connection). Possibly consider using a shorter maxLifetime value.
[14:44:30:598] [WARN] - com.zaxxer.hikari.pool.PoolBase.isConnectionAlive(PoolBase.java:184) - data-pool- - Failed to validate connection org.mariadb.jdbc.Connection@77cc6f74 ((conn=11815) Connection.setNetworkTimeout cannot be called on a closed connection). Possibly consider using a shorter maxLifetime value.
[14:50:00:601] [WARN] - com.zaxxer.hikari.pool.PoolBase.isConnectionAlive(PoolBase.java:184) - data-pool- - Failed to validate connection org.mariadb.jdbc.Connection@7744d1b1 ((conn=11835) Connection.setNetworkTimeout cannot be called on a closed connection). Possibly consider using a shorter maxLifetime value.
[14:50:00:601] [WARN] - com.zaxxer.hikari.pool.PoolBase.isConnectionAlive(PoolBase.java:184) - data-pool- - Failed to validate connection org.mariadb.jdbc.Connection@2ab48f06 ((conn=11836) Connection.setNetworkTimeout cannot be called on a closed connection). Possibly consider using a shorter maxLifetime value.
[14:53:20:600] [WARN] - com.zaxxer.hikari.pool.PoolBase.isConnectionAlive(PoolBase.java:184) - data-pool- - Failed to validate connection org.mariadb.jdbc.Connection@3d0a7698 ((conn=11846) Connection.setNetworkTimeout cannot be called on a closed connection). Possibly consider using a shorter maxLifetime value.
[14:53:20:600] [WARN] - com.zaxxer.hikari.pool.PoolBase.isConnectionAlive(PoolBase.java:184) - data-pool- - Failed to validate connection org.mariadb.jdbc.Connection@562c54b1 ((conn=11845) Connection.setNetworkTimeout cannot be called on a closed connection). Possibly consider using a shorter maxLifetime value.
[14:53:20:600] [WARN] - com.zaxxer.hikari.pool.PoolBase.isConnectionAlive(PoolBase.java:184) - data-pool- - Failed to validate connection org.mariadb.jdbc.Connection@5f32b0e9 ((conn=11847) Connection.setNetworkTimeout cannot be called on a closed connection). Possibly consider using a shorter maxLifetime value.
[14:53:20:604] [WARN] - com.zaxxer.hikari.pool.PoolBase.isConnectionAlive(PoolBase.java:184) - data-pool- - Failed to validate connection org.mariadb.jdbc.Connection@493ae0ac ((conn=11849) Connection.setNetworkTimeout cannot be called on a closed connection). Possibly consider using a shorter maxLifetime value.
[14:53:20:604] [WARN] - com.zaxxer.hikari.pool.PoolBase.isConnectionAlive(PoolBase.java:184) - data-pool- - Failed to validate connection org.mariadb.jdbc.Connection@451ff4df ((conn=11848) Connection.setNetworkTimeout cannot be called on a closed connection). Possibly consider using a shorter maxLifetime value.
[14:53:20:604] [WARN] - com.zaxxer.hikari.pool.PoolBase.isConnectionAlive(PoolBase.java:184) - data-pool- - Failed to validate connection org.mariadb.jdbc.Connection@27eaf1a5 ((conn=11850) Connection.setNetworkTimeout cannot be called on a closed connection). Possibly consider using a shorter maxLifetime value.
[14:53:20:604] [WARN] - com.zaxxer.hikari.pool.PoolBase.isConnectionAlive(PoolBase.java:184) - data-pool- - Failed to validate connection org.mariadb.jdbc.Connection@62a7c663 ((conn=11851) Connection.setNetworkTimeout cannot be called on a closed connection). Possibly consider using a shorter maxLifetime value.
[14:53:20:604] [WARN] - com.zaxxer.hikari.pool.PoolBase.isConnectionAlive(PoolBase.java:184) - data-pool- - Failed to validate connection org.mariadb.jdbc.Connection@18270012 ((conn=11852) Connection.setNetworkTimeout cannot be called on a closed connection). Possibly consider using a shorter maxLifetime value.
[14:56:10:606] [WARN] - com.zaxxer.hikari.pool.PoolBase.isConnectionAlive(PoolBase.java:184) - data-pool- - Failed to validate connection org.mariadb.jdbc.Connection@2c6b0bf0 ((conn=11856) Connection.setNetworkTimeout cannot be called on a closed connection). Possibly consider using a shorter maxLifetime value.
[14:59:00:604] [WARN] - com.zaxxer.hikari.pool.PoolBase.isConnectionAlive(PoolBase.java:184) - data-pool- - Failed to validate connection org.mariadb.jdbc.Connection@18f7f7d7 ((conn=11866) Connection.setNetworkTimeout cannot be called on a closed connection). Possibly consider using a shorter maxLifetime value.
[14:59:00:603] [WARN] - com.zaxxer.hikari.pool.PoolBase.isConnectionAlive(PoolBase.java:184) - data-pool- - Failed to validate connection org.mariadb.jdbc.Connection@76736e19 ((conn=11867) Connection.setNetworkTimeout cannot be called on a closed connection). Possibly consider using a shorter maxLifetime value.
[14:59:00:606] [WARN] - com.zaxxer.hikari.pool.PoolBase.isConnectionAlive(PoolBase.java:184) - data-pool- - Failed to validate connection org.mariadb.jdbc.Connection@5b2103c3 ((conn=11868) Connection.setNetworkTimeout cannot be called on a closed connection). Possibly consider using a shorter maxLifetime value.
[14:59:00:607] [WARN] - com.zaxxer.hikari.pool.PoolBase.isConnectionAlive(PoolBase.java:184) - data-pool- - Failed to validate connection org.mariadb.jdbc.Connection@1f1f7a7 ((conn=11869) Connection.setNetworkTimeout cannot be called on a closed connection). Possibly consider using a shorter maxLifetime value.
[14:59:00:608] [WARN] - com.zaxxer.hikari.pool.PoolBase.isConnectionAlive(PoolBase.java:184) - data-pool- - Failed to validate connection org.mariadb.jdbc.Connection@2773e7ad ((conn=11870) Connection.setNetworkTimeout cannot be called on a closed connection). Possibly consider using a shorter maxLifetime value.
[14:59:15:531] [WARN] - com.zaxxer.hikari.pool.PoolBase.isConnectionAlive(PoolBase.java:184) - data-pool- - Failed to validate connection org.mariadb.jdbc.Connection@10b9159b ((conn=11871) Connection.setNetworkTimeout cannot be called on a closed connection). Possibly consider using a shorter maxLifetime value.
[14:59:15:536] [WARN] - com.zaxxer.hikari.pool.PoolBase.isConnectionAlive(PoolBase.java:184) - data-pool- - Failed to validate connection org.mariadb.jdbc.Connection@3f151601 ((conn=11872) Connection.setNetworkTimeout cannot be called on a closed connection). Possibly consider using a shorter maxLifetime value.
[15:00:46:114] [ERROR] - my.utils.loggerUtils.error(loggerUtils.java:34) - 战斗创建失败(请求数据超时)：null
[15:01:20:605] [WARN] - com.zaxxer.hikari.pool.PoolBase.isConnectionAlive(PoolBase.java:184) - data-pool- - Failed to validate connection org.mariadb.jdbc.Connection@681bd36f ((conn=11876) Connection.setNetworkTimeout cannot be called on a closed connection). Possibly consider using a shorter maxLifetime value.
[15:01:20:609] [WARN] - com.zaxxer.hikari.pool.PoolBase.isConnectionAlive(PoolBase.java:184) - data-pool- - Failed to validate connection org.mariadb.jdbc.Connection@52c536f4 ((conn=11877) Connection.setNetworkTimeout cannot be called on a closed connection). Possibly consider using a shorter maxLifetime value.
[15:02:00:602] [WARN] - com.zaxxer.hikari.pool.PoolBase.isConnectionAlive(PoolBase.java:184) - data-pool- - Failed to validate connection org.mariadb.jdbc.Connection@44d7d29 ((conn=11880) Connection.setNetworkTimeout cannot be called on a closed connection). Possibly consider using a shorter maxLifetime value.
[15:02:00:606] [WARN] - com.zaxxer.hikari.pool.PoolBase.isConnectionAlive(PoolBase.java:184) - data-pool- - Failed to validate connection org.mariadb.jdbc.Connection@47defcb7 ((conn=11881) Connection.setNetworkTimeout cannot be called on a closed connection). Possibly consider using a shorter maxLifetime value.
[15:02:00:607] [WARN] - com.zaxxer.hikari.pool.PoolBase.isConnectionAlive(PoolBase.java:184) - data-pool- - Failed to validate connection org.mariadb.jdbc.Connection@4b8455b2 ((conn=11882) Connection.setNetworkTimeout cannot be called on a closed connection). Possibly consider using a shorter maxLifetime value.
[15:04:20:594] [WARN] - com.zaxxer.hikari.pool.PoolBase.isConnectionAlive(PoolBase.java:184) - data-pool- - Failed to validate connection org.mariadb.jdbc.Connection@6da6ea80 ((conn=11886) Connection.setNetworkTimeout cannot be called on a closed connection). Possibly consider using a shorter maxLifetime value.
[15:04:20:594] [WARN] - com.zaxxer.hikari.pool.PoolBase.isConnectionAlive(PoolBase.java:184) - data-pool- - Failed to validate connection org.mariadb.jdbc.Connection@25b2107 ((conn=11887) Connection.setNetworkTimeout cannot be called on a closed connection). Possibly consider using a shorter maxLifetime value.
[15:04:20:596] [WARN] - com.zaxxer.hikari.pool.PoolBase.isConnectionAlive(PoolBase.java:184) - data-pool- - Failed to validate connection org.mariadb.jdbc.Connection@63d1426d ((conn=11888) Connection.setNetworkTimeout cannot be called on a closed connection). Possibly consider using a shorter maxLifetime value.
[15:04:20:596] [WARN] - com.zaxxer.hikari.pool.PoolBase.isConnectionAlive(PoolBase.java:184) - data-pool- - Failed to validate connection org.mariadb.jdbc.Connection@675f98d1 ((conn=11889) Connection.setNetworkTimeout cannot be called on a closed connection). Possibly consider using a shorter maxLifetime value.
[15:04:20:596] [WARN] - com.zaxxer.hikari.pool.PoolBase.isConnectionAlive(PoolBase.java:184) - data-pool- - Failed to validate connection org.mariadb.jdbc.Connection@3d778c50 ((conn=11890) Connection.setNetworkTimeout cannot be called on a closed connection). Possibly consider using a shorter maxLifetime value.
[15:04:20:596] [WARN] - com.zaxxer.hikari.pool.PoolBase.isConnectionAlive(PoolBase.java:184) - data-pool- - Failed to validate connection org.mariadb.jdbc.Connection@66ffd1e0 ((conn=11891) Connection.setNetworkTimeout cannot be called on a closed connection). Possibly consider using a shorter maxLifetime value.
[15:04:20:596] [WARN] - com.zaxxer.hikari.pool.PoolBase.isConnectionAlive(PoolBase.java:184) - data-pool- - Failed to validate connection org.mariadb.jdbc.Connection@f543578 ((conn=11892) Connection.setNetworkTimeout cannot be called on a closed connection). Possibly consider using a shorter maxLifetime value.
[15:07:00:606] [WARN] - com.zaxxer.hikari.pool.PoolBase.isConnectionAlive(PoolBase.java:184) - data-pool- - Failed to validate connection org.mariadb.jdbc.Connection@17563a93 ((conn=11896) Connection.setNetworkTimeout cannot be called on a closed connection). Possibly consider using a shorter maxLifetime value.
[15:10:14:606] [WARN] - com.zaxxer.hikari.pool.PoolBase.isConnectionAlive(PoolBase.java:184) - data-pool- - Failed to validate connection org.mariadb.jdbc.Connection@2c3d6fa2 ((conn=11907) Connection.setNetworkTimeout cannot be called on a closed connection). Possibly consider using a shorter maxLifetime value.
[15:10:14:606] [WARN] - com.zaxxer.hikari.pool.PoolBase.isConnectionAlive(PoolBase.java:184) - data-pool- - Failed to validate connection org.mariadb.jdbc.Connection@24052974 ((conn=11908) Connection.setNetworkTimeout cannot be called on a closed connection). Possibly consider using a shorter maxLifetime value.
[15:10:14:606] [WARN] - com.zaxxer.hikari.pool.PoolBase.isConnectionAlive(PoolBase.java:184) - data-pool- - Failed to validate connection org.mariadb.jdbc.Connection@3358927b ((conn=11909) Connection.setNetworkTimeout cannot be called on a closed connection). Possibly consider using a shorter maxLifetime value.
[15:10:14:606] [WARN] - com.zaxxer.hikari.pool.PoolBase.isConnectionAlive(PoolBase.java:184) - data-pool- - Failed to validate connection org.mariadb.jdbc.Connection@54977409 ((conn=11911) Connection.setNetworkTimeout cannot be called on a closed connection). Possibly consider using a shorter maxLifetime value.
[15:10:14:606] [WARN] - com.zaxxer.hikari.pool.PoolBase.isConnectionAlive(PoolBase.java:184) - data-pool- - Failed to validate connection org.mariadb.jdbc.Connection@7dc5886a ((conn=11912) Connection.setNetworkTimeout cannot be called on a closed connection). Possibly consider using a shorter maxLifetime value.
[15:19:00:598] [WARN] - com.zaxxer.hikari.pool.PoolBase.isConnectionAlive(PoolBase.java:184) - data-pool- - Failed to validate connection org.mariadb.jdbc.Connection@73b1013b ((conn=11936) Connection.setNetworkTimeout cannot be called on a closed connection). Possibly consider using a shorter maxLifetime value.
[15:19:00:598] [WARN] - com.zaxxer.hikari.pool.PoolBase.isConnectionAlive(PoolBase.java:184) - data-pool- - Failed to validate connection org.mariadb.jdbc.Connection@19ec9506 ((conn=11937) Connection.setNetworkTimeout cannot be called on a closed connection). Possibly consider using a shorter maxLifetime value.
[15:19:00:601] [WARN] - com.zaxxer.hikari.pool.PoolBase.isConnectionAlive(PoolBase.java:184) - data-pool- - Failed to validate connection org.mariadb.jdbc.Connection@1a429e0e ((conn=11938) Connection.setNetworkTimeout cannot be called on a closed connection). Possibly consider using a shorter maxLifetime value.
[15:19:00:602] [WARN] - com.zaxxer.hikari.pool.PoolBase.isConnectionAlive(PoolBase.java:184) - data-pool- - Failed to validate connection org.mariadb.jdbc.Connection@6905b4 ((conn=11939) Connection.setNetworkTimeout cannot be called on a closed connection). Possibly consider using a shorter maxLifetime value.
[15:19:00:602] [WARN] - com.zaxxer.hikari.pool.PoolBase.isConnectionAlive(PoolBase.java:184) - data-pool- - Failed to validate connection org.mariadb.jdbc.Connection@7b2a745b ((conn=11940) Connection.setNetworkTimeout cannot be called on a closed connection). Possibly consider using a shorter maxLifetime value.
[15:19:00:602] [WARN] - com.zaxxer.hikari.pool.PoolBase.isConnectionAlive(PoolBase.java:184) - data-pool- - Failed to validate connection org.mariadb.jdbc.Connection@60a2196b ((conn=11941) Connection.setNetworkTimeout cannot be called on a closed connection). Possibly consider using a shorter maxLifetime value.
[15:19:00:602] [WARN] - com.zaxxer.hikari.pool.PoolBase.isConnectionAlive(PoolBase.java:184) - data-pool- - Failed to validate connection org.mariadb.jdbc.Connection@6e1e599f ((conn=11942) Connection.setNetworkTimeout cannot be called on a closed connection). Possibly consider using a shorter maxLifetime value.
[15:24:10:608] [WARN] - com.zaxxer.hikari.pool.PoolBase.isConnectionAlive(PoolBase.java:184) - data-pool- - Failed to validate connection org.mariadb.jdbc.Connection@e328568 ((conn=11956) Connection.setNetworkTimeout cannot be called on a closed connection). Possibly consider using a shorter maxLifetime value.
[15:24:10:608] [WARN] - com.zaxxer.hikari.pool.PoolBase.isConnectionAlive(PoolBase.java:184) - data-pool- - Failed to validate connection org.mariadb.jdbc.Connection@5dbf6bd ((conn=11958) Connection.setNetworkTimeout cannot be called on a closed connection). Possibly consider using a shorter maxLifetime value.
[15:24:10:608] [WARN] - com.zaxxer.hikari.pool.PoolBase.isConnectionAlive(PoolBase.java:184) - data-pool- - Failed to validate connection org.mariadb.jdbc.Connection@6b5c694e ((conn=11957) Connection.setNetworkTimeout cannot be called on a closed connection). Possibly consider using a shorter maxLifetime value.
[15:24:10:611] [WARN] - com.zaxxer.hikari.pool.PoolBase.isConnectionAlive(PoolBase.java:184) - data-pool- - Failed to validate connection org.mariadb.jdbc.Connection@53d4a09 ((conn=11959) Connection.setNetworkTimeout cannot be called on a closed connection). Possibly consider using a shorter maxLifetime value.
[15:24:10:613] [WARN] - com.zaxxer.hikari.pool.PoolBase.isConnectionAlive(PoolBase.java:184) - data-pool- - Failed to validate connection org.mariadb.jdbc.Connection@1e47bfe2 ((conn=11960) Connection.setNetworkTimeout cannot be called on a closed connection). Possibly consider using a shorter maxLifetime value.
[15:25:20:604] [WARN] - com.zaxxer.hikari.pool.PoolBase.isConnectionAlive(PoolBase.java:184) - data-pool- - Failed to validate connection org.mariadb.jdbc.Connection@7a4a9cfe ((conn=11963) Connection.setNetworkTimeout cannot be called on a closed connection). Possibly consider using a shorter maxLifetime value.
[15:26:30:596] [WARN] - com.zaxxer.hikari.pool.PoolBase.isConnectionAlive(PoolBase.java:184) - data-pool- - Failed to validate connection org.mariadb.jdbc.Connection@7eabac84 ((conn=11967) Connection.setNetworkTimeout cannot be called on a closed connection). Possibly consider using a shorter maxLifetime value.
[15:27:30:601] [WARN] - com.zaxxer.hikari.pool.PoolBase.isConnectionAlive(PoolBase.java:184) - data-pool- - Failed to validate connection org.mariadb.jdbc.Connection@1b72ba1a ((conn=11972) Connection.setNetworkTimeout cannot be called on a closed connection). Possibly consider using a shorter maxLifetime value.
[15:27:30:601] [WARN] - com.zaxxer.hikari.pool.PoolBase.isConnectionAlive(PoolBase.java:184) - data-pool- - Failed to validate connection org.mariadb.jdbc.Connection@63defa1c ((conn=11970) Connection.setNetworkTimeout cannot be called on a closed connection). Possibly consider using a shorter maxLifetime value.
[15:27:30:601] [WARN] - com.zaxxer.hikari.pool.PoolBase.isConnectionAlive(PoolBase.java:184) - data-pool- - Failed to validate connection org.mariadb.jdbc.Connection@76fdf0bf ((conn=11971) Connection.setNetworkTimeout cannot be called on a closed connection). Possibly consider using a shorter maxLifetime value.
[15:27:30:604] [WARN] - com.zaxxer.hikari.pool.PoolBase.isConnectionAlive(PoolBase.java:184) - data-pool- - Failed to validate connection org.mariadb.jdbc.Connection@34c080a2 ((conn=11973) Connection.setNetworkTimeout cannot be called on a closed connection). Possibly consider using a shorter maxLifetime value.
[15:29:50:599] [WARN] - com.zaxxer.hikari.pool.PoolBase.isConnectionAlive(PoolBase.java:184) - data-pool- - Failed to validate connection org.mariadb.jdbc.Connection@1ac0b95 ((conn=11977) Connection.setNetworkTimeout cannot be called on a closed connection). Possibly consider using a shorter maxLifetime value.
[15:31:27:940] [WARN] - com.zaxxer.hikari.HikariConfig.validateNumerics(HikariConfig.java:1084) - data-pool- - idleTimeout is close to or more than maxLifetime, disabling it.
[15:33:41:272] [WARN] - com.zaxxer.hikari.HikariConfig.validateNumerics(HikariConfig.java:1084) - data-pool- - idleTimeout is close to or more than maxLifetime, disabling it.
[15:36:03:982] [WARN] - com.zaxxer.hikari.pool.PoolBase.isConnectionAlive(PoolBase.java:184) - data-pool- - Failed to validate connection org.mariadb.jdbc.Connection@1e02a3d7 ((conn=12007) Connection.setNetworkTimeout cannot be called on a closed connection). Possibly consider using a shorter maxLifetime value.
[15:39:13:987] [WARN] - com.zaxxer.hikari.pool.PoolBase.isConnectionAlive(PoolBase.java:184) - data-pool- - Failed to validate connection org.mariadb.jdbc.Connection@7ad22a18 ((conn=12019) Connection.setNetworkTimeout cannot be called on a closed connection). Possibly consider using a shorter maxLifetime value.
[15:39:13:992] [WARN] - com.zaxxer.hikari.pool.PoolBase.isConnectionAlive(PoolBase.java:184) - data-pool- - Failed to validate connection org.mariadb.jdbc.Connection@3d29fe0c ((conn=12020) Connection.setNetworkTimeout cannot be called on a closed connection). Possibly consider using a shorter maxLifetime value.
[15:39:13:996] [WARN] - com.zaxxer.hikari.pool.PoolBase.isConnectionAlive(PoolBase.java:184) - data-pool- - Failed to validate connection org.mariadb.jdbc.Connection@4e0451e6 ((conn=12021) Connection.setNetworkTimeout cannot be called on a closed connection). Possibly consider using a shorter maxLifetime value.
[15:39:13:996] [WARN] - com.zaxxer.hikari.pool.PoolBase.isConnectionAlive(PoolBase.java:184) - data-pool- - Failed to validate connection org.mariadb.jdbc.Connection@3589e44e ((conn=12022) Connection.setNetworkTimeout cannot be called on a closed connection). Possibly consider using a shorter maxLifetime value.
[15:42:14:144] [WARN] - com.zaxxer.hikari.pool.PoolBase.isConnectionAlive(PoolBase.java:184) - data-pool- - Failed to validate connection org.mariadb.jdbc.Connection@31c58f0b ((conn=12030) Connection.setNetworkTimeout cannot be called on a closed connection). Possibly consider using a shorter maxLifetime value.
[15:42:14:146] [WARN] - com.zaxxer.hikari.pool.PoolBase.isConnectionAlive(PoolBase.java:184) - data-pool- - Failed to validate connection org.mariadb.jdbc.Connection@34dbcee8 ((conn=12031) Connection.setNetworkTimeout cannot be called on a closed connection). Possibly consider using a shorter maxLifetime value.
[15:42:14:150] [WARN] - com.zaxxer.hikari.pool.PoolBase.isConnectionAlive(PoolBase.java:184) - data-pool- - Failed to validate connection org.mariadb.jdbc.Connection@be1c46 ((conn=12032) Connection.setNetworkTimeout cannot be called on a closed connection). Possibly consider using a shorter maxLifetime value.
[15:42:14:151] [WARN] - com.zaxxer.hikari.pool.PoolBase.isConnectionAlive(PoolBase.java:184) - data-pool- - Failed to validate connection org.mariadb.jdbc.Connection@4c4a0311 ((conn=12033) Connection.setNetworkTimeout cannot be called on a closed connection). Possibly consider using a shorter maxLifetime value.
[15:42:14:154] [WARN] - com.zaxxer.hikari.pool.PoolBase.isConnectionAlive(PoolBase.java:184) - data-pool- - Failed to validate connection org.mariadb.jdbc.Connection@51ea7044 ((conn=12034) Connection.setNetworkTimeout cannot be called on a closed connection). Possibly consider using a shorter maxLifetime value.
[15:48:09:668] [WARN] - com.zaxxer.hikari.pool.PoolBase.isConnectionAlive(PoolBase.java:184) - data-pool- - Failed to validate connection org.mariadb.jdbc.Connection@1575176c ((conn=12051) Connection.setNetworkTimeout cannot be called on a closed connection). Possibly consider using a shorter maxLifetime value.
[15:54:43:998] [WARN] - com.zaxxer.hikari.pool.PoolBase.isConnectionAlive(PoolBase.java:184) - data-pool- - Failed to validate connection org.mariadb.jdbc.Connection@456aee6 ((conn=12076) Connection.setNetworkTimeout cannot be called on a closed connection). Possibly consider using a shorter maxLifetime value.
[15:57:03:996] [WARN] - com.zaxxer.hikari.pool.PoolBase.isConnectionAlive(PoolBase.java:184) - data-pool- - Failed to validate connection org.mariadb.jdbc.Connection@3f2d7072 ((conn=12086) Connection.setNetworkTimeout cannot be called on a closed connection). Possibly consider using a shorter maxLifetime value.
[15:57:04:002] [WARN] - com.zaxxer.hikari.pool.PoolBase.isConnectionAlive(PoolBase.java:184) - data-pool- - Failed to validate connection org.mariadb.jdbc.Connection@31ea99e7 ((conn=12087) Connection.setNetworkTimeout cannot be called on a closed connection). Possibly consider using a shorter maxLifetime value.
[16:02:56:990] [WARN] - com.zaxxer.hikari.pool.PoolBase.isConnectionAlive(PoolBase.java:184) - data-pool- - Failed to validate connection org.mariadb.jdbc.Connection@17aadcf9 ((conn=12102) Connection.setNetworkTimeout cannot be called on a closed connection). Possibly consider using a shorter maxLifetime value.
[16:02:56:998] [WARN] - com.zaxxer.hikari.pool.PoolBase.isConnectionAlive(PoolBase.java:184) - data-pool- - Failed to validate connection org.mariadb.jdbc.Connection@70f83391 ((conn=12103) Connection.setNetworkTimeout cannot be called on a closed connection). Possibly consider using a shorter maxLifetime value.
[16:02:57:005] [WARN] - com.zaxxer.hikari.pool.PoolBase.isConnectionAlive(PoolBase.java:184) - data-pool- - Failed to validate connection org.mariadb.jdbc.Connection@613770fa ((conn=12104) Connection.setNetworkTimeout cannot be called on a closed connection). Possibly consider using a shorter maxLifetime value.
[16:02:57:010] [WARN] - com.zaxxer.hikari.pool.PoolBase.isConnectionAlive(PoolBase.java:184) - data-pool- - Failed to validate connection org.mariadb.jdbc.Connection@184b97a5 ((conn=12105) Connection.setNetworkTimeout cannot be called on a closed connection). Possibly consider using a shorter maxLifetime value.
[16:02:57:012] [WARN] - com.zaxxer.hikari.pool.PoolBase.isConnectionAlive(PoolBase.java:184) - data-pool- - Failed to validate connection org.mariadb.jdbc.Connection@59c7cd41 ((conn=12106) Connection.setNetworkTimeout cannot be called on a closed connection). Possibly consider using a shorter maxLifetime value.
[16:02:57:015] [WARN] - com.zaxxer.hikari.pool.PoolBase.isConnectionAlive(PoolBase.java:184) - data-pool- - Failed to validate connection org.mariadb.jdbc.Connection@68920953 ((conn=12107) Connection.setNetworkTimeout cannot be called on a closed connection). Possibly consider using a shorter maxLifetime value.
[16:05:43:992] [WARN] - com.zaxxer.hikari.pool.PoolBase.isConnectionAlive(PoolBase.java:184) - data-pool- - Failed to validate connection org.mariadb.jdbc.Connection@417ec1c1 ((conn=12111) Connection.setNetworkTimeout cannot be called on a closed connection). Possibly consider using a shorter maxLifetime value.
[16:05:43:994] [WARN] - com.zaxxer.hikari.pool.PoolBase.isConnectionAlive(PoolBase.java:184) - data-pool- - Failed to validate connection org.mariadb.jdbc.Connection@4616d2a4 ((conn=12112) Connection.setNetworkTimeout cannot be called on a closed connection). Possibly consider using a shorter maxLifetime value.
[16:08:53:978] [WARN] - com.zaxxer.hikari.pool.PoolBase.isConnectionAlive(PoolBase.java:184) - data-pool- - Failed to validate connection org.mariadb.jdbc.Connection@3f3be0e4 ((conn=12127) Connection.setNetworkTimeout cannot be called on a closed connection). Possibly consider using a shorter maxLifetime value.
[16:08:53:978] [WARN] - com.zaxxer.hikari.pool.PoolBase.isConnectionAlive(PoolBase.java:184) - data-pool- - Failed to validate connection org.mariadb.jdbc.Connection@7a397967 ((conn=12128) Connection.setNetworkTimeout cannot be called on a closed connection). Possibly consider using a shorter maxLifetime value.
[16:11:13:978] [WARN] - com.zaxxer.hikari.pool.PoolBase.isConnectionAlive(PoolBase.java:184) - data-pool- - Failed to validate connection org.mariadb.jdbc.Connection@6f972827 ((conn=12132) Connection.setNetworkTimeout cannot be called on a closed connection). Possibly consider using a shorter maxLifetime value.
[16:11:13:982] [WARN] - com.zaxxer.hikari.pool.PoolBase.isConnectionAlive(PoolBase.java:184) - data-pool- - Failed to validate connection org.mariadb.jdbc.Connection@357f204f ((conn=12133) Connection.setNetworkTimeout cannot be called on a closed connection). Possibly consider using a shorter maxLifetime value.
[16:14:23:989] [WARN] - com.zaxxer.hikari.pool.PoolBase.isConnectionAlive(PoolBase.java:184) - data-pool- - Failed to validate connection org.mariadb.jdbc.Connection@5ea10ab9 ((conn=12143) Connection.setNetworkTimeout cannot be called on a closed connection). Possibly consider using a shorter maxLifetime value.
[16:14:23:992] [WARN] - com.zaxxer.hikari.pool.PoolBase.isConnectionAlive(PoolBase.java:184) - data-pool- - Failed to validate connection org.mariadb.jdbc.Connection@4b181389 ((conn=12144) Connection.setNetworkTimeout cannot be called on a closed connection). Possibly consider using a shorter maxLifetime value.
[16:14:23:992] [WARN] - com.zaxxer.hikari.pool.PoolBase.isConnectionAlive(PoolBase.java:184) - data-pool- - Failed to validate connection org.mariadb.jdbc.Connection@4f279e32 ((conn=12146) Connection.setNetworkTimeout cannot be called on a closed connection). Possibly consider using a shorter maxLifetime value.
[16:14:23:992] [WARN] - com.zaxxer.hikari.pool.PoolBase.isConnectionAlive(PoolBase.java:184) - data-pool- - Failed to validate connection org.mariadb.jdbc.Connection@1b509985 ((conn=12145) Connection.setNetworkTimeout cannot be called on a closed connection). Possibly consider using a shorter maxLifetime value.
[16:14:23:992] [WARN] - com.zaxxer.hikari.pool.PoolBase.isConnectionAlive(PoolBase.java:184) - data-pool- - Failed to validate connection org.mariadb.jdbc.Connection@a2519b2 ((conn=12147) Connection.setNetworkTimeout cannot be called on a closed connection). Possibly consider using a shorter maxLifetime value.
[16:14:23:992] [WARN] - com.zaxxer.hikari.pool.PoolBase.isConnectionAlive(PoolBase.java:184) - data-pool- - Failed to validate connection org.mariadb.jdbc.Connection@556b4072 ((conn=12148) Connection.setNetworkTimeout cannot be called on a closed connection). Possibly consider using a shorter maxLifetime value.
[16:19:53:991] [WARN] - com.zaxxer.hikari.pool.PoolBase.isConnectionAlive(PoolBase.java:184) - data-pool- - Failed to validate connection org.mariadb.jdbc.Connection@5156fdb9 ((conn=12162) Connection.setNetworkTimeout cannot be called on a closed connection). Possibly consider using a shorter maxLifetime value.
[16:20:33:993] [WARN] - com.zaxxer.hikari.pool.PoolBase.isConnectionAlive(PoolBase.java:184) - data-pool- - Failed to validate connection org.mariadb.jdbc.Connection@17e486fe ((conn=12168) Connection.setNetworkTimeout cannot be called on a closed connection). Possibly consider using a shorter maxLifetime value.
[16:22:13:987] [WARN] - com.zaxxer.hikari.pool.PoolBase.isConnectionAlive(PoolBase.java:184) - data-pool- - Failed to validate connection org.mariadb.jdbc.Connection@291ffbfd ((conn=12172) Connection.setNetworkTimeout cannot be called on a closed connection). Possibly consider using a shorter maxLifetime value.
[16:23:23:991] [WARN] - com.zaxxer.hikari.pool.PoolBase.isConnectionAlive(PoolBase.java:184) - data-pool- - Failed to validate connection org.mariadb.jdbc.Connection@4c6f8476 ((conn=12178) Connection.setNetworkTimeout cannot be called on a closed connection). Possibly consider using a shorter maxLifetime value.
[16:25:33:986] [WARN] - com.zaxxer.hikari.pool.PoolBase.isConnectionAlive(PoolBase.java:184) - data-pool- - Failed to validate connection org.mariadb.jdbc.Connection@30979897 ((conn=12182) Connection.setNetworkTimeout cannot be called on a closed connection). Possibly consider using a shorter maxLifetime value.
[16:26:14:004] [WARN] - com.zaxxer.hikari.pool.PoolBase.isConnectionAlive(PoolBase.java:184) - data-pool- - Failed to validate connection org.mariadb.jdbc.Connection@2e0870a3 ((conn=12185) Connection.setNetworkTimeout cannot be called on a closed connection). Possibly consider using a shorter maxLifetime value.
[16:26:14:004] [WARN] - com.zaxxer.hikari.pool.PoolBase.isConnectionAlive(PoolBase.java:184) - data-pool- - Failed to validate connection org.mariadb.jdbc.Connection@6ee5bc29 ((conn=12186) Connection.setNetworkTimeout cannot be called on a closed connection). Possibly consider using a shorter maxLifetime value.
[16:26:14:008] [WARN] - com.zaxxer.hikari.pool.PoolBase.isConnectionAlive(PoolBase.java:184) - data-pool- - Failed to validate connection org.mariadb.jdbc.Connection@d2f6958 ((conn=12187) Connection.setNetworkTimeout cannot be called on a closed connection). Possibly consider using a shorter maxLifetime value.
[16:26:14:008] [WARN] - com.zaxxer.hikari.pool.PoolBase.isConnectionAlive(PoolBase.java:184) - data-pool- - Failed to validate connection org.mariadb.jdbc.Connection@47265725 ((conn=12188) Connection.setNetworkTimeout cannot be called on a closed connection). Possibly consider using a shorter maxLifetime value.
[16:28:43:984] [WARN] - com.zaxxer.hikari.pool.PoolBase.isConnectionAlive(PoolBase.java:184) - data-pool- - Failed to validate connection org.mariadb.jdbc.Connection@375b8047 ((conn=12192) Connection.setNetworkTimeout cannot be called on a closed connection). Possibly consider using a shorter maxLifetime value.
[16:28:43:984] [WARN] - com.zaxxer.hikari.pool.PoolBase.isConnectionAlive(PoolBase.java:184) - data-pool- - Failed to validate connection org.mariadb.jdbc.Connection@61cdc665 ((conn=12193) Connection.setNetworkTimeout cannot be called on a closed connection). Possibly consider using a shorter maxLifetime value.
[16:28:43:984] [WARN] - com.zaxxer.hikari.pool.PoolBase.isConnectionAlive(PoolBase.java:184) - data-pool- - Failed to validate connection org.mariadb.jdbc.Connection@70d7d518 ((conn=12194) Connection.setNetworkTimeout cannot be called on a closed connection). Possibly consider using a shorter maxLifetime value.
[16:28:44:015] [WARN] - com.zaxxer.hikari.pool.PoolBase.isConnectionAlive(PoolBase.java:184) - data-pool- - Failed to validate connection org.mariadb.jdbc.Connection@4b0d2e25 ((conn=12196) Connection.setNetworkTimeout cannot be called on a closed connection). Possibly consider using a shorter maxLifetime value.
[16:28:44:018] [WARN] - com.zaxxer.hikari.pool.PoolBase.isConnectionAlive(PoolBase.java:184) - data-pool- - Failed to validate connection org.mariadb.jdbc.Connection@80db398 ((conn=12197) Connection.setNetworkTimeout cannot be called on a closed connection). Possibly consider using a shorter maxLifetime value.
[16:28:44:019] [WARN] - com.zaxxer.hikari.pool.PoolBase.isConnectionAlive(PoolBase.java:184) - data-pool- - Failed to validate connection org.mariadb.jdbc.Connection@1a12e957 ((conn=12198) Connection.setNetworkTimeout cannot be called on a closed connection). Possibly consider using a shorter maxLifetime value.
[16:28:43:989] [WARN] - com.zaxxer.hikari.pool.PoolBase.isConnectionAlive(PoolBase.java:184) - data-pool- - Failed to validate connection org.mariadb.jdbc.Connection@76d2a5d3 ((conn=12195) Connection.setNetworkTimeout cannot be called on a closed connection). Possibly consider using a shorter maxLifetime value.
[16:37:23:979] [WARN] - com.zaxxer.hikari.pool.PoolBase.isConnectionAlive(PoolBase.java:184) - data-pool- - Failed to validate connection org.mariadb.jdbc.Connection@de13e39 ((conn=12223) Connection.setNetworkTimeout cannot be called on a closed connection). Possibly consider using a shorter maxLifetime value.
[16:37:23:979] [WARN] - com.zaxxer.hikari.pool.PoolBase.isConnectionAlive(PoolBase.java:184) - data-pool- - Failed to validate connection org.mariadb.jdbc.Connection@39c48177 ((conn=12222) Connection.setNetworkTimeout cannot be called on a closed connection). Possibly consider using a shorter maxLifetime value.
[16:37:23:979] [WARN] - com.zaxxer.hikari.pool.PoolBase.isConnectionAlive(PoolBase.java:184) - data-pool- - Failed to validate connection org.mariadb.jdbc.Connection@48e3b1e1 ((conn=12224) Connection.setNetworkTimeout cannot be called on a closed connection). Possibly consider using a shorter maxLifetime value.
[16:37:23:979] [WARN] - com.zaxxer.hikari.pool.PoolBase.isConnectionAlive(PoolBase.java:184) - data-pool- - Failed to validate connection org.mariadb.jdbc.Connection@51d16a9 ((conn=12225) Connection.setNetworkTimeout cannot be called on a closed connection). Possibly consider using a shorter maxLifetime value.
[16:37:23:979] [WARN] - com.zaxxer.hikari.pool.PoolBase.isConnectionAlive(PoolBase.java:184) - data-pool- - Failed to validate connection org.mariadb.jdbc.Connection@79e17dbb ((conn=12226) Connection.setNetworkTimeout cannot be called on a closed connection). Possibly consider using a shorter maxLifetime value.
[16:37:23:984] [WARN] - com.zaxxer.hikari.pool.PoolBase.isConnectionAlive(PoolBase.java:184) - data-pool- - Failed to validate connection org.mariadb.jdbc.Connection@7df58448 ((conn=12227) Connection.setNetworkTimeout cannot be called on a closed connection). Possibly consider using a shorter maxLifetime value.
[16:37:23:984] [WARN] - com.zaxxer.hikari.pool.PoolBase.isConnectionAlive(PoolBase.java:184) - data-pool- - Failed to validate connection org.mariadb.jdbc.Connection@28cc4eae ((conn=12228) Connection.setNetworkTimeout cannot be called on a closed connection). Possibly consider using a shorter maxLifetime value.
[16:40:23:993] [WARN] - com.zaxxer.hikari.pool.PoolBase.isConnectionAlive(PoolBase.java:184) - data-pool- - Failed to validate connection org.mariadb.jdbc.Connection@1cae4116 ((conn=12238) Connection.setNetworkTimeout cannot be called on a closed connection). Possibly consider using a shorter maxLifetime value.
[16:42:43:990] [WARN] - com.zaxxer.hikari.pool.PoolBase.isConnectionAlive(PoolBase.java:184) - data-pool- - Failed to validate connection org.mariadb.jdbc.Connection@271da3b9 ((conn=12243) Connection.setNetworkTimeout cannot be called on a closed connection). Possibly consider using a shorter maxLifetime value.
[16:46:03:987] [WARN] - com.zaxxer.hikari.pool.PoolBase.isConnectionAlive(PoolBase.java:184) - data-pool- - Failed to validate connection org.mariadb.jdbc.Connection@4d6032df ((conn=12253) Connection.setNetworkTimeout cannot be called on a closed connection). Possibly consider using a shorter maxLifetime value.
[16:49:03:992] [WARN] - com.zaxxer.hikari.pool.PoolBase.isConnectionAlive(PoolBase.java:184) - data-pool- - Failed to validate connection org.mariadb.jdbc.Connection@49e09d44 ((conn=12262) Connection.setNetworkTimeout cannot be called on a closed connection). Possibly consider using a shorter maxLifetime value.
[16:49:03:992] [WARN] - com.zaxxer.hikari.pool.PoolBase.isConnectionAlive(PoolBase.java:184) - data-pool- - Failed to validate connection org.mariadb.jdbc.Connection@72476187 ((conn=12263) Connection.setNetworkTimeout cannot be called on a closed connection). Possibly consider using a shorter maxLifetime value.
[16:49:03:995] [WARN] - com.zaxxer.hikari.pool.PoolBase.isConnectionAlive(PoolBase.java:184) - data-pool- - Failed to validate connection org.mariadb.jdbc.Connection@187dbf17 ((conn=12264) Connection.setNetworkTimeout cannot be called on a closed connection). Possibly consider using a shorter maxLifetime value.
[16:49:03:995] [WARN] - com.zaxxer.hikari.pool.PoolBase.isConnectionAlive(PoolBase.java:184) - data-pool- - Failed to validate connection org.mariadb.jdbc.Connection@6d06e07c ((conn=12265) Connection.setNetworkTimeout cannot be called on a closed connection). Possibly consider using a shorter maxLifetime value.
[16:49:03:995] [WARN] - com.zaxxer.hikari.pool.PoolBase.isConnectionAlive(PoolBase.java:184) - data-pool- - Failed to validate connection org.mariadb.jdbc.Connection@20415a25 ((conn=12266) Connection.setNetworkTimeout cannot be called on a closed connection). Possibly consider using a shorter maxLifetime value.
[16:49:03:995] [WARN] - com.zaxxer.hikari.pool.PoolBase.isConnectionAlive(PoolBase.java:184) - data-pool- - Failed to validate connection org.mariadb.jdbc.Connection@69434cf3 ((conn=12267) Connection.setNetworkTimeout cannot be called on a closed connection). Possibly consider using a shorter maxLifetime value.
[16:49:03:995] [WARN] - com.zaxxer.hikari.pool.PoolBase.isConnectionAlive(PoolBase.java:184) - data-pool- - Failed to validate connection org.mariadb.jdbc.Connection@1c33c3cb ((conn=12268) Connection.setNetworkTimeout cannot be called on a closed connection). Possibly consider using a shorter maxLifetime value.
[16:54:43:989] [WARN] - com.zaxxer.hikari.pool.PoolBase.isConnectionAlive(PoolBase.java:184) - data-pool- - Failed to validate connection org.mariadb.jdbc.Connection@6f883aab ((conn=12282) Connection.setNetworkTimeout cannot be called on a closed connection). Possibly consider using a shorter maxLifetime value.
[16:57:53:988] [WARN] - com.zaxxer.hikari.pool.PoolBase.isConnectionAlive(PoolBase.java:184) - data-pool- - Failed to validate connection org.mariadb.jdbc.Connection@1c1586fc ((conn=12293) Connection.setNetworkTimeout cannot be called on a closed connection). Possibly consider using a shorter maxLifetime value.
[16:57:53:988] [WARN] - com.zaxxer.hikari.pool.PoolBase.isConnectionAlive(PoolBase.java:184) - data-pool- - Failed to validate connection org.mariadb.jdbc.Connection@57b4f844 ((conn=12295) Connection.setNetworkTimeout cannot be called on a closed connection). Possibly consider using a shorter maxLifetime value.
[16:57:53:988] [WARN] - com.zaxxer.hikari.pool.PoolBase.isConnectionAlive(PoolBase.java:184) - data-pool- - Failed to validate connection org.mariadb.jdbc.Connection@301bddd8 ((conn=12296) Connection.setNetworkTimeout cannot be called on a closed connection). Possibly consider using a shorter maxLifetime value.
[16:57:53:988] [WARN] - com.zaxxer.hikari.pool.PoolBase.isConnectionAlive(PoolBase.java:184) - data-pool- - Failed to validate connection org.mariadb.jdbc.Connection@12d27b0e ((conn=12297) Connection.setNetworkTimeout cannot be called on a closed connection). Possibly consider using a shorter maxLifetime value.
[16:57:53:988] [WARN] - com.zaxxer.hikari.pool.PoolBase.isConnectionAlive(PoolBase.java:184) - data-pool- - Failed to validate connection org.mariadb.jdbc.Connection@3feaeb8b ((conn=12298) Connection.setNetworkTimeout cannot be called on a closed connection). Possibly consider using a shorter maxLifetime value.
[17:03:49:730] [WARN] - com.zaxxer.hikari.pool.PoolBase.isConnectionAlive(PoolBase.java:184) - data-pool- - Failed to validate connection org.mariadb.jdbc.Connection@3d4f3a6b ((conn=12314) Connection.setNetworkTimeout cannot be called on a closed connection). Possibly consider using a shorter maxLifetime value.
[17:03:49:736] [WARN] - com.zaxxer.hikari.pool.PoolBase.isConnectionAlive(PoolBase.java:184) - data-pool- - Failed to validate connection org.mariadb.jdbc.Connection@407feed9 ((conn=12316) Connection.setNetworkTimeout cannot be called on a closed connection). Possibly consider using a shorter maxLifetime value.
[17:03:49:737] [WARN] - com.zaxxer.hikari.pool.PoolBase.isConnectionAlive(PoolBase.java:184) - data-pool- - Failed to validate connection org.mariadb.jdbc.Connection@451e36a0 ((conn=12317) Connection.setNetworkTimeout cannot be called on a closed connection). Possibly consider using a shorter maxLifetime value.
[17:03:49:738] [WARN] - com.zaxxer.hikari.pool.PoolBase.isConnectionAlive(PoolBase.java:184) - data-pool- - Failed to validate connection org.mariadb.jdbc.Connection@11eb43f1 ((conn=12318) Connection.setNetworkTimeout cannot be called on a closed connection). Possibly consider using a shorter maxLifetime value.
[17:06:43:993] [WARN] - com.zaxxer.hikari.pool.PoolBase.isConnectionAlive(PoolBase.java:184) - data-pool- - Failed to validate connection org.mariadb.jdbc.Connection@187cb205 ((conn=12322) Connection.setNetworkTimeout cannot be called on a closed connection). Possibly consider using a shorter maxLifetime value.
[17:06:43:993] [WARN] - com.zaxxer.hikari.pool.PoolBase.isConnectionAlive(PoolBase.java:184) - data-pool- - Failed to validate connection org.mariadb.jdbc.Connection@7e085961 ((conn=12323) Connection.setNetworkTimeout cannot be called on a closed connection). Possibly consider using a shorter maxLifetime value.
[17:06:43:995] [WARN] - com.zaxxer.hikari.pool.PoolBase.isConnectionAlive(PoolBase.java:184) - data-pool- - Failed to validate connection org.mariadb.jdbc.Connection@493004b2 ((conn=12324) Connection.setNetworkTimeout cannot be called on a closed connection). Possibly consider using a shorter maxLifetime value.
[17:06:43:996] [WARN] - com.zaxxer.hikari.pool.PoolBase.isConnectionAlive(PoolBase.java:184) - data-pool- - Failed to validate connection org.mariadb.jdbc.Connection@5019d618 ((conn=12325) Connection.setNetworkTimeout cannot be called on a closed connection). Possibly consider using a shorter maxLifetime value.
[17:06:43:998] [WARN] - com.zaxxer.hikari.pool.PoolBase.isConnectionAlive(PoolBase.java:184) - data-pool- - Failed to validate connection org.mariadb.jdbc.Connection@2d88aa84 ((conn=12326) Connection.setNetworkTimeout cannot be called on a closed connection). Possibly consider using a shorter maxLifetime value.
[17:06:43:999] [WARN] - com.zaxxer.hikari.pool.PoolBase.isConnectionAlive(PoolBase.java:184) - data-pool- - Failed to validate connection org.mariadb.jdbc.Connection@23dc300b ((conn=12327) Connection.setNetworkTimeout cannot be called on a closed connection). Possibly consider using a shorter maxLifetime value.
[17:06:44:009] [WARN] - com.zaxxer.hikari.pool.PoolBase.isConnectionAlive(PoolBase.java:184) - data-pool- - Failed to validate connection org.mariadb.jdbc.Connection@4223899 ((conn=12328) Connection.setNetworkTimeout cannot be called on a closed connection). Possibly consider using a shorter maxLifetime value.
[17:15:23:991] [WARN] - com.zaxxer.hikari.pool.PoolBase.isConnectionAlive(PoolBase.java:184) - data-pool- - Failed to validate connection org.mariadb.jdbc.Connection@4623e122 ((conn=12352) Connection.setNetworkTimeout cannot be called on a closed connection). Possibly consider using a shorter maxLifetime value.
[17:15:23:993] [WARN] - com.zaxxer.hikari.pool.PoolBase.isConnectionAlive(PoolBase.java:184) - data-pool- - Failed to validate connection org.mariadb.jdbc.Connection@6629ec03 ((conn=12353) Connection.setNetworkTimeout cannot be called on a closed connection). Possibly consider using a shorter maxLifetime value.
[17:32:54:000] [WARN] - com.zaxxer.hikari.pool.PoolBase.isConnectionAlive(PoolBase.java:184) - data-pool- - Failed to validate connection org.mariadb.jdbc.Connection@5c3360db ((conn=12412) Connection.setNetworkTimeout cannot be called on a closed connection). Possibly consider using a shorter maxLifetime value.
[17:36:13:986] [WARN] - com.zaxxer.hikari.pool.PoolBase.isConnectionAlive(PoolBase.java:184) - data-pool- - Failed to validate connection org.mariadb.jdbc.Connection@5e2d320d ((conn=12424) Connection.setNetworkTimeout cannot be called on a closed connection). Possibly consider using a shorter maxLifetime value.
[17:36:13:986] [WARN] - com.zaxxer.hikari.pool.PoolBase.isConnectionAlive(PoolBase.java:184) - data-pool- - Failed to validate connection org.mariadb.jdbc.Connection@819aaab ((conn=12425) Connection.setNetworkTimeout cannot be called on a closed connection). Possibly consider using a shorter maxLifetime value.
[17:36:13:987] [WARN] - com.zaxxer.hikari.pool.PoolBase.isConnectionAlive(PoolBase.java:184) - data-pool- - Failed to validate connection org.mariadb.jdbc.Connection@fa7c5e4 ((conn=12426) Connection.setNetworkTimeout cannot be called on a closed connection). Possibly consider using a shorter maxLifetime value.
[17:36:13:988] [WARN] - com.zaxxer.hikari.pool.PoolBase.isConnectionAlive(PoolBase.java:184) - data-pool- - Failed to validate connection org.mariadb.jdbc.Connection@55175e02 ((conn=12427) Connection.setNetworkTimeout cannot be called on a closed connection). Possibly consider using a shorter maxLifetime value.
[17:36:13:988] [WARN] - com.zaxxer.hikari.pool.PoolBase.isConnectionAlive(PoolBase.java:184) - data-pool- - Failed to validate connection org.mariadb.jdbc.Connection@bf8d7d6 ((conn=12428) Connection.setNetworkTimeout cannot be called on a closed connection). Possibly consider using a shorter maxLifetime value.
[17:41:33:986] [WARN] - com.zaxxer.hikari.pool.PoolBase.isConnectionAlive(PoolBase.java:184) - data-pool- - Failed to validate connection org.mariadb.jdbc.Connection@2330180e ((conn=12443) Connection.setNetworkTimeout cannot be called on a closed connection). Possibly consider using a shorter maxLifetime value.
[21:22:59:222] [WARN] - com.zaxxer.hikari.pool.HikariPool$HouseKeeper.run(HikariPool.java:788) - data-pool- - Thread starvation or clock leap detected (housekeeper delta=3h38m45s654ms985µs900ns).
[21:31:53:873] [WARN] - com.zaxxer.hikari.pool.PoolBase.isConnectionAlive(PoolBase.java:184) - data-pool- - Failed to validate connection org.mariadb.jdbc.Connection@7a2d52c1 ((conn=12488) Connection.setNetworkTimeout cannot be called on a closed connection). Possibly consider using a shorter maxLifetime value.
[21:31:53:873] [WARN] - com.zaxxer.hikari.pool.PoolBase.isConnectionAlive(PoolBase.java:184) - data-pool- - Failed to validate connection org.mariadb.jdbc.Connection@102d6b61 ((conn=12490) Connection.setNetworkTimeout cannot be called on a closed connection). Possibly consider using a shorter maxLifetime value.
[21:31:53:873] [WARN] - com.zaxxer.hikari.pool.PoolBase.isConnectionAlive(PoolBase.java:184) - data-pool- - Failed to validate connection org.mariadb.jdbc.Connection@e1af22f ((conn=12489) Connection.setNetworkTimeout cannot be called on a closed connection). Possibly consider using a shorter maxLifetime value.
[21:49:33:875] [WARN] - com.zaxxer.hikari.pool.PoolBase.isConnectionAlive(PoolBase.java:184) - data-pool- - Failed to validate connection org.mariadb.jdbc.Connection@229ec1b8 ((conn=12544) Connection.setNetworkTimeout cannot be called on a closed connection). Possibly consider using a shorter maxLifetime value.
[21:49:33:878] [WARN] - com.zaxxer.hikari.pool.PoolBase.isConnectionAlive(PoolBase.java:184) - data-pool- - Failed to validate connection org.mariadb.jdbc.Connection@31d7bb13 ((conn=12545) Connection.setNetworkTimeout cannot be called on a closed connection). Possibly consider using a shorter maxLifetime value.
[21:49:43:869] [WARN] - com.zaxxer.hikari.pool.PoolBase.isConnectionAlive(PoolBase.java:184) - data-pool- - Failed to validate connection org.mariadb.jdbc.Connection@5b697f7a ((conn=12546) Connection.setNetworkTimeout cannot be called on a closed connection). Possibly consider using a shorter maxLifetime value.
[21:49:43:871] [WARN] - com.zaxxer.hikari.pool.PoolBase.isConnectionAlive(PoolBase.java:184) - data-pool- - Failed to validate connection org.mariadb.jdbc.Connection@19989fc8 ((conn=12550) Connection.setNetworkTimeout cannot be called on a closed connection). Possibly consider using a shorter maxLifetime value.
[21:55:33:881] [WARN] - com.zaxxer.hikari.pool.PoolBase.isConnectionAlive(PoolBase.java:184) - data-pool- - Failed to validate connection org.mariadb.jdbc.Connection@399b6d72 ((conn=12564) Connection.setNetworkTimeout cannot be called on a closed connection). Possibly consider using a shorter maxLifetime value.
[21:55:33:881] [WARN] - com.zaxxer.hikari.pool.PoolBase.isConnectionAlive(PoolBase.java:184) - data-pool- - Failed to validate connection org.mariadb.jdbc.Connection@2cb8ba54 ((conn=12566) Connection.setNetworkTimeout cannot be called on a closed connection). Possibly consider using a shorter maxLifetime value.
[21:55:33:881] [WARN] - com.zaxxer.hikari.pool.PoolBase.isConnectionAlive(PoolBase.java:184) - data-pool- - Failed to validate connection org.mariadb.jdbc.Connection@7f929371 ((conn=12567) Connection.setNetworkTimeout cannot be called on a closed connection). Possibly consider using a shorter maxLifetime value.
[21:55:33:881] [WARN] - com.zaxxer.hikari.pool.PoolBase.isConnectionAlive(PoolBase.java:184) - data-pool- - Failed to validate connection org.mariadb.jdbc.Connection@4fc142b4 ((conn=12568) Connection.setNetworkTimeout cannot be called on a closed connection). Possibly consider using a shorter maxLifetime value.
[21:55:33:881] [WARN] - com.zaxxer.hikari.pool.PoolBase.isConnectionAlive(PoolBase.java:184) - data-pool- - Failed to validate connection org.mariadb.jdbc.Connection@2d5356c3 ((conn=12569) Connection.setNetworkTimeout cannot be called on a closed connection). Possibly consider using a shorter maxLifetime value.
[21:55:33:881] [WARN] - com.zaxxer.hikari.pool.PoolBase.isConnectionAlive(PoolBase.java:184) - data-pool- - Failed to validate connection org.mariadb.jdbc.Connection@44503327 ((conn=12570) Connection.setNetworkTimeout cannot be called on a closed connection). Possibly consider using a shorter maxLifetime value.
[22:07:13:873] [WARN] - com.zaxxer.hikari.pool.PoolBase.isConnectionAlive(PoolBase.java:184) - data-pool- - Failed to validate connection org.mariadb.jdbc.Connection@1e86f3ca ((conn=12604) Connection.setNetworkTimeout cannot be called on a closed connection). Possibly consider using a shorter maxLifetime value.
[22:07:13:876] [WARN] - com.zaxxer.hikari.pool.PoolBase.isConnectionAlive(PoolBase.java:184) - data-pool- - Failed to validate connection org.mariadb.jdbc.Connection@756138fd ((conn=12605) Connection.setNetworkTimeout cannot be called on a closed connection). Possibly consider using a shorter maxLifetime value.
[22:13:13:055] [WARN] - com.zaxxer.hikari.pool.PoolBase.isConnectionAlive(PoolBase.java:184) - data-pool- - Failed to validate connection org.mariadb.jdbc.Connection@60ba5b24 ((conn=12624) Connection.setNetworkTimeout cannot be called on a closed connection). Possibly consider using a shorter maxLifetime value.
[22:13:13:058] [WARN] - com.zaxxer.hikari.pool.PoolBase.isConnectionAlive(PoolBase.java:184) - data-pool- - Failed to validate connection org.mariadb.jdbc.Connection@7b3de361 ((conn=12625) Connection.setNetworkTimeout cannot be called on a closed connection). Possibly consider using a shorter maxLifetime value.
[22:13:13:059] [WARN] - com.zaxxer.hikari.pool.PoolBase.isConnectionAlive(PoolBase.java:184) - data-pool- - Failed to validate connection org.mariadb.jdbc.Connection@4333c73e ((conn=12626) Connection.setNetworkTimeout cannot be called on a closed connection). Possibly consider using a shorter maxLifetime value.
[22:13:13:060] [WARN] - com.zaxxer.hikari.pool.PoolBase.isConnectionAlive(PoolBase.java:184) - data-pool- - Failed to validate connection org.mariadb.jdbc.Connection@4d6516 ((conn=12627) Connection.setNetworkTimeout cannot be called on a closed connection). Possibly consider using a shorter maxLifetime value.
[22:13:13:061] [WARN] - com.zaxxer.hikari.pool.PoolBase.isConnectionAlive(PoolBase.java:184) - data-pool- - Failed to validate connection org.mariadb.jdbc.Connection@321c6d40 ((conn=12628) Connection.setNetworkTimeout cannot be called on a closed connection). Possibly consider using a shorter maxLifetime value.
[22:13:13:062] [WARN] - com.zaxxer.hikari.pool.PoolBase.isConnectionAlive(PoolBase.java:184) - data-pool- - Failed to validate connection org.mariadb.jdbc.Connection@262eb689 ((conn=12629) Connection.setNetworkTimeout cannot be called on a closed connection). Possibly consider using a shorter maxLifetime value.
[22:13:13:063] [WARN] - com.zaxxer.hikari.pool.PoolBase.isConnectionAlive(PoolBase.java:184) - data-pool- - Failed to validate connection org.mariadb.jdbc.Connection@7b799f45 ((conn=12630) Connection.setNetworkTimeout cannot be called on a closed connection). Possibly consider using a shorter maxLifetime value.
[22:21:23:868] [WARN] - com.zaxxer.hikari.pool.PoolBase.isConnectionAlive(PoolBase.java:184) - data-pool- - Failed to validate connection org.mariadb.jdbc.Connection@7d69c89d ((conn=12654) Connection.setNetworkTimeout cannot be called on a closed connection). Possibly consider using a shorter maxLifetime value.
[22:24:43:864] [WARN] - com.zaxxer.hikari.pool.PoolBase.isConnectionAlive(PoolBase.java:184) - data-pool- - Failed to validate connection org.mariadb.jdbc.Connection@973679 ((conn=12665) Connection.setNetworkTimeout cannot be called on a closed connection). Possibly consider using a shorter maxLifetime value.
[22:27:53:878] [WARN] - com.zaxxer.hikari.pool.PoolBase.isConnectionAlive(PoolBase.java:184) - data-pool- - Failed to validate connection org.mariadb.jdbc.Connection@45fe0319 ((conn=12675) Connection.setNetworkTimeout cannot be called on a closed connection). Possibly consider using a shorter maxLifetime value.
[22:30:43:879] [WARN] - com.zaxxer.hikari.pool.PoolBase.isConnectionAlive(PoolBase.java:184) - data-pool- - Failed to validate connection org.mariadb.jdbc.Connection@4e20e37e ((conn=12685) Connection.setNetworkTimeout cannot be called on a closed connection). Possibly consider using a shorter maxLifetime value.
[22:30:43:879] [WARN] - com.zaxxer.hikari.pool.PoolBase.isConnectionAlive(PoolBase.java:184) - data-pool- - Failed to validate connection org.mariadb.jdbc.Connection@3352a864 ((conn=12686) Connection.setNetworkTimeout cannot be called on a closed connection). Possibly consider using a shorter maxLifetime value.
[22:30:43:880] [WARN] - com.zaxxer.hikari.pool.PoolBase.isConnectionAlive(PoolBase.java:184) - data-pool- - Failed to validate connection org.mariadb.jdbc.Connection@3602da80 ((conn=12687) Connection.setNetworkTimeout cannot be called on a closed connection). Possibly consider using a shorter maxLifetime value.
[22:30:43:880] [WARN] - com.zaxxer.hikari.pool.PoolBase.isConnectionAlive(PoolBase.java:184) - data-pool- - Failed to validate connection org.mariadb.jdbc.Connection@62b53077 ((conn=12688) Connection.setNetworkTimeout cannot be called on a closed connection). Possibly consider using a shorter maxLifetime value.
[22:30:43:881] [WARN] - com.zaxxer.hikari.pool.PoolBase.isConnectionAlive(PoolBase.java:184) - data-pool- - Failed to validate connection org.mariadb.jdbc.Connection@2b47144c ((conn=12689) Connection.setNetworkTimeout cannot be called on a closed connection). Possibly consider using a shorter maxLifetime value.
[22:30:43:881] [WARN] - com.zaxxer.hikari.pool.PoolBase.isConnectionAlive(PoolBase.java:184) - data-pool- - Failed to validate connection org.mariadb.jdbc.Connection@df098c8 ((conn=12690) Connection.setNetworkTimeout cannot be called on a closed connection). Possibly consider using a shorter maxLifetime value.
[22:30:43:881] [WARN] - com.zaxxer.hikari.pool.PoolBase.isConnectionAlive(PoolBase.java:184) - data-pool- - Failed to validate connection org.mariadb.jdbc.Connection@2d06952c ((conn=12691) Connection.setNetworkTimeout cannot be called on a closed connection). Possibly consider using a shorter maxLifetime value.
[22:32:53:876] [WARN] - com.zaxxer.hikari.pool.PoolBase.isConnectionAlive(PoolBase.java:184) - data-pool- - Failed to validate connection org.mariadb.jdbc.Connection@637d2fd2 ((conn=12694) Connection.setNetworkTimeout cannot be called on a closed connection). Possibly consider using a shorter maxLifetime value.
[22:32:53:878] [WARN] - com.zaxxer.hikari.pool.PoolBase.isConnectionAlive(PoolBase.java:184) - data-pool- - Failed to validate connection org.mariadb.jdbc.Connection@1b0e22f7 ((conn=12695) Connection.setNetworkTimeout cannot be called on a closed connection). Possibly consider using a shorter maxLifetime value.
[22:32:53:879] [WARN] - com.zaxxer.hikari.pool.PoolBase.isConnectionAlive(PoolBase.java:184) - data-pool- - Failed to validate connection org.mariadb.jdbc.Connection@33c08e7a ((conn=12696) Connection.setNetworkTimeout cannot be called on a closed connection). Possibly consider using a shorter maxLifetime value.
[22:32:53:880] [WARN] - com.zaxxer.hikari.pool.PoolBase.isConnectionAlive(PoolBase.java:184) - data-pool- - Failed to validate connection org.mariadb.jdbc.Connection@3949346f ((conn=12697) Connection.setNetworkTimeout cannot be called on a closed connection). Possibly consider using a shorter maxLifetime value.
[22:32:53:881] [WARN] - com.zaxxer.hikari.pool.PoolBase.isConnectionAlive(PoolBase.java:184) - data-pool- - Failed to validate connection org.mariadb.jdbc.Connection@6af9a21c ((conn=12698) Connection.setNetworkTimeout cannot be called on a closed connection). Possibly consider using a shorter maxLifetime value.
[22:32:53:881] [WARN] - com.zaxxer.hikari.pool.PoolBase.isConnectionAlive(PoolBase.java:184) - data-pool- - Failed to validate connection org.mariadb.jdbc.Connection@a2c2e ((conn=12699) Connection.setNetworkTimeout cannot be called on a closed connection). Possibly consider using a shorter maxLifetime value.
[22:32:53:882] [WARN] - com.zaxxer.hikari.pool.PoolBase.isConnectionAlive(PoolBase.java:184) - data-pool- - Failed to validate connection org.mariadb.jdbc.Connection@378ed10b ((conn=12700) Connection.setNetworkTimeout cannot be called on a closed connection). Possibly consider using a shorter maxLifetime value.
[22:32:53:882] [WARN] - com.zaxxer.hikari.pool.PoolBase.isConnectionAlive(PoolBase.java:184) - data-pool- - Failed to validate connection org.mariadb.jdbc.Connection@479461d9 ((conn=12701) Connection.setNetworkTimeout cannot be called on a closed connection). Possibly consider using a shorter maxLifetime value.
