[00:00:48:319] [WARN] - com.zaxxer.hikari.pool.PoolBase.isConnectionAlive(PoolBase.java:184) - data-pool- - Failed to validate connection org.mariadb.jdbc.Connection@3e7c850a ((conn=5791) Connection.setNetworkTimeout cannot be called on a closed connection). Possibly consider using a shorter maxLifetime value.
[00:09:38:325] [WARN] - com.zaxxer.hikari.pool.PoolBase.isConnectionAlive(PoolBase.java:184) - data-pool- - Failed to validate connection org.mariadb.jdbc.Connection@3a439169 ((conn=5807) Connection.setNetworkTimeout cannot be called on a closed connection). Possibly consider using a shorter maxLifetime value.
[00:09:38:325] [WARN] - com.zaxxer.hikari.pool.PoolBase.isConnectionAlive(PoolBase.java:184) - data-pool- - Failed to validate connection org.mariadb.jdbc.Connection@140f2f7b ((conn=5806) Connection.setNetworkTimeout cannot be called on a closed connection). Possibly consider using a shorter maxLifetime value.
[00:11:48:325] [WARN] - com.zaxxer.hikari.pool.PoolBase.isConnectionAlive(PoolBase.java:184) - data-pool- - Failed to validate connection org.mariadb.jdbc.Connection@24160ee8 ((conn=5812) Connection.setNetworkTimeout cannot be called on a closed connection). Possibly consider using a shorter maxLifetime value.
[00:11:48:325] [WARN] - com.zaxxer.hikari.pool.PoolBase.isConnectionAlive(PoolBase.java:184) - data-pool- - Failed to validate connection org.mariadb.jdbc.Connection@6bf11be9 ((conn=5811) Connection.setNetworkTimeout cannot be called on a closed connection). Possibly consider using a shorter maxLifetime value.
[09:37:40:017] [WARN] - com.zaxxer.hikari.pool.HikariPool$HouseKeeper.run(HikariPool.java:788) - data-pool- - Thread starvation or clock leap detected (housekeeper delta=9h25m15s524ms495µs600ns).
[09:46:18:241] [WARN] - com.zaxxer.hikari.pool.PoolBase.isConnectionAlive(PoolBase.java:184) - data-pool- - Failed to validate connection org.mariadb.jdbc.Connection@381c8a18 ((conn=5829) Connection.setNetworkTimeout cannot be called on a closed connection). Possibly consider using a shorter maxLifetime value.
[09:49:28:236] [WARN] - com.zaxxer.hikari.pool.PoolBase.isConnectionAlive(PoolBase.java:184) - data-pool- - Failed to validate connection org.mariadb.jdbc.Connection@7041b9cf ((conn=5835) Connection.setNetworkTimeout cannot be called on a closed connection). Possibly consider using a shorter maxLifetime value.
[09:49:28:238] [WARN] - com.zaxxer.hikari.pool.PoolBase.isConnectionAlive(PoolBase.java:184) - data-pool- - Failed to validate connection org.mariadb.jdbc.Connection@2ed2211d ((conn=5836) Connection.setNetworkTimeout cannot be called on a closed connection). Possibly consider using a shorter maxLifetime value.
[09:55:18:231] [WARN] - com.zaxxer.hikari.pool.PoolBase.isConnectionAlive(PoolBase.java:184) - data-pool- - Failed to validate connection org.mariadb.jdbc.Connection@17229c8f ((conn=5844) Connection.setNetworkTimeout cannot be called on a closed connection). Possibly consider using a shorter maxLifetime value.
[09:55:18:231] [WARN] - com.zaxxer.hikari.pool.PoolBase.isConnectionAlive(PoolBase.java:184) - data-pool- - Failed to validate connection org.mariadb.jdbc.Connection@2d9414d3 ((conn=5845) Connection.setNetworkTimeout cannot be called on a closed connection). Possibly consider using a shorter maxLifetime value.
[09:55:18:233] [WARN] - com.zaxxer.hikari.pool.PoolBase.isConnectionAlive(PoolBase.java:184) - data-pool- - Failed to validate connection org.mariadb.jdbc.Connection@2ec882fb ((conn=5846) Connection.setNetworkTimeout cannot be called on a closed connection). Possibly consider using a shorter maxLifetime value.
[10:06:48:239] [WARN] - com.zaxxer.hikari.pool.PoolBase.isConnectionAlive(PoolBase.java:184) - data-pool- - Failed to validate connection org.mariadb.jdbc.Connection@6171413b ((conn=5864) Connection.setNetworkTimeout cannot be called on a closed connection). Possibly consider using a shorter maxLifetime value.
[10:10:08:235] [WARN] - com.zaxxer.hikari.pool.PoolBase.isConnectionAlive(PoolBase.java:184) - data-pool- - Failed to validate connection org.mariadb.jdbc.Connection@4c06c641 ((conn=5870) Connection.setNetworkTimeout cannot be called on a closed connection). Possibly consider using a shorter maxLifetime value.
[10:10:08:236] [WARN] - com.zaxxer.hikari.pool.PoolBase.isConnectionAlive(PoolBase.java:184) - data-pool- - Failed to validate connection org.mariadb.jdbc.Connection@78d22aa7 ((conn=5871) Connection.setNetworkTimeout cannot be called on a closed connection). Possibly consider using a shorter maxLifetime value.
[10:15:48:239] [WARN] - com.zaxxer.hikari.pool.PoolBase.isConnectionAlive(PoolBase.java:184) - data-pool- - Failed to validate connection org.mariadb.jdbc.Connection@7dd0d3e7 ((conn=5880) Connection.setNetworkTimeout cannot be called on a closed connection). Possibly consider using a shorter maxLifetime value.
[10:15:48:239] [WARN] - com.zaxxer.hikari.pool.PoolBase.isConnectionAlive(PoolBase.java:184) - data-pool- - Failed to validate connection org.mariadb.jdbc.Connection@2a1bb036 ((conn=5879) Connection.setNetworkTimeout cannot be called on a closed connection). Possibly consider using a shorter maxLifetime value.
[10:15:48:241] [WARN] - com.zaxxer.hikari.pool.PoolBase.isConnectionAlive(PoolBase.java:184) - data-pool- - Failed to validate connection org.mariadb.jdbc.Connection@4d138040 ((conn=5881) Connection.setNetworkTimeout cannot be called on a closed connection). Possibly consider using a shorter maxLifetime value.
[10:17:58:235] [WARN] - com.zaxxer.hikari.pool.PoolBase.isConnectionAlive(PoolBase.java:184) - data-pool- - Failed to validate connection org.mariadb.jdbc.Connection@10c60e4a ((conn=5884) Connection.setNetworkTimeout cannot be called on a closed connection). Possibly consider using a shorter maxLifetime value.
[10:20:58:243] [WARN] - com.zaxxer.hikari.pool.PoolBase.isConnectionAlive(PoolBase.java:184) - data-pool- - Failed to validate connection org.mariadb.jdbc.Connection@5b067873 ((conn=5890) Connection.setNetworkTimeout cannot be called on a closed connection). Possibly consider using a shorter maxLifetime value.
[10:24:08:236] [WARN] - com.zaxxer.hikari.pool.PoolBase.isConnectionAlive(PoolBase.java:184) - data-pool- - Failed to validate connection org.mariadb.jdbc.Connection@3922c640 ((conn=5895) Connection.setNetworkTimeout cannot be called on a closed connection). Possibly consider using a shorter maxLifetime value.
[10:24:08:240] [WARN] - com.zaxxer.hikari.pool.PoolBase.isConnectionAlive(PoolBase.java:184) - data-pool- - Failed to validate connection org.mariadb.jdbc.Connection@4ada99a9 ((conn=5896) Connection.setNetworkTimeout cannot be called on a closed connection). Possibly consider using a shorter maxLifetime value.
[10:26:18:243] [WARN] - com.zaxxer.hikari.pool.PoolBase.isConnectionAlive(PoolBase.java:184) - data-pool- - Failed to validate connection org.mariadb.jdbc.Connection@439cf51b ((conn=5899) Connection.setNetworkTimeout cannot be called on a closed connection). Possibly consider using a shorter maxLifetime value.
[10:32:58:246] [WARN] - com.zaxxer.hikari.pool.PoolBase.isConnectionAlive(PoolBase.java:184) - data-pool- - Failed to validate connection org.mariadb.jdbc.Connection@5e0ff760 ((conn=5910) Connection.setNetworkTimeout cannot be called on a closed connection). Possibly consider using a shorter maxLifetime value.
[10:32:58:246] [WARN] - com.zaxxer.hikari.pool.PoolBase.isConnectionAlive(PoolBase.java:184) - data-pool- - Failed to validate connection org.mariadb.jdbc.Connection@577fc4e0 ((conn=5911) Connection.setNetworkTimeout cannot be called on a closed connection). Possibly consider using a shorter maxLifetime value.
[10:32:58:250] [WARN] - com.zaxxer.hikari.pool.PoolBase.isConnectionAlive(PoolBase.java:184) - data-pool- - Failed to validate connection org.mariadb.jdbc.Connection@281ab4fa ((conn=5912) Connection.setNetworkTimeout cannot be called on a closed connection). Possibly consider using a shorter maxLifetime value.
[10:38:18:232] [WARN] - com.zaxxer.hikari.pool.PoolBase.isConnectionAlive(PoolBase.java:184) - data-pool- - Failed to validate connection org.mariadb.jdbc.Connection@7926c146 ((conn=5921) Connection.setNetworkTimeout cannot be called on a closed connection). Possibly consider using a shorter maxLifetime value.
[10:41:18:239] [WARN] - com.zaxxer.hikari.pool.PoolBase.isConnectionAlive(PoolBase.java:184) - data-pool- - Failed to validate connection org.mariadb.jdbc.Connection@56345d98 ((conn=5925) Connection.setNetworkTimeout cannot be called on a closed connection). Possibly consider using a shorter maxLifetime value.
[10:41:18:241] [WARN] - com.zaxxer.hikari.pool.PoolBase.isConnectionAlive(PoolBase.java:184) - data-pool- - Failed to validate connection org.mariadb.jdbc.Connection@4060cf00 ((conn=5926) Connection.setNetworkTimeout cannot be called on a closed connection). Possibly consider using a shorter maxLifetime value.
[10:41:18:243] [WARN] - com.zaxxer.hikari.pool.PoolBase.isConnectionAlive(PoolBase.java:184) - data-pool- - Failed to validate connection org.mariadb.jdbc.Connection@235b1aa9 ((conn=5927) Connection.setNetworkTimeout cannot be called on a closed connection). Possibly consider using a shorter maxLifetime value.
[11:10:58:242] [WARN] - com.zaxxer.hikari.pool.PoolBase.isConnectionAlive(PoolBase.java:184) - data-pool- - Failed to validate connection org.mariadb.jdbc.Connection@7f629bad ((conn=5978) Connection.setNetworkTimeout cannot be called on a closed connection). Possibly consider using a shorter maxLifetime value.
[11:10:58:242] [WARN] - com.zaxxer.hikari.pool.PoolBase.isConnectionAlive(PoolBase.java:184) - data-pool- - Failed to validate connection org.mariadb.jdbc.Connection@28032002 ((conn=5977) Connection.setNetworkTimeout cannot be called on a closed connection). Possibly consider using a shorter maxLifetime value.
[11:19:33:447] [WARN] - com.zaxxer.hikari.pool.PoolBase.isConnectionAlive(PoolBase.java:184) - data-pool- - Failed to validate connection org.mariadb.jdbc.Connection@1502a722 ((conn=5992) Connection.setNetworkTimeout cannot be called on a closed connection). Possibly consider using a shorter maxLifetime value.
[11:22:48:240] [WARN] - com.zaxxer.hikari.pool.PoolBase.isConnectionAlive(PoolBase.java:184) - data-pool- - Failed to validate connection org.mariadb.jdbc.Connection@6060acb2 ((conn=5999) Connection.setNetworkTimeout cannot be called on a closed connection). Possibly consider using a shorter maxLifetime value.
[11:22:48:240] [WARN] - com.zaxxer.hikari.pool.PoolBase.isConnectionAlive(PoolBase.java:184) - data-pool- - Failed to validate connection org.mariadb.jdbc.Connection@6a9f2d57 ((conn=5998) Connection.setNetworkTimeout cannot be called on a closed connection). Possibly consider using a shorter maxLifetime value.
[11:31:28:229] [WARN] - com.zaxxer.hikari.pool.PoolBase.isConnectionAlive(PoolBase.java:184) - data-pool- - Failed to validate connection org.mariadb.jdbc.Connection@3b06cd1b ((conn=6012) Connection.setNetworkTimeout cannot be called on a closed connection). Possibly consider using a shorter maxLifetime value.
[11:34:18:330] [WARN] - com.zaxxer.hikari.pool.PoolBase.isConnectionAlive(PoolBase.java:184) - data-pool- - Failed to validate connection org.mariadb.jdbc.Connection@2b1c4c96 ((conn=6017) Connection.setNetworkTimeout cannot be called on a closed connection). Possibly consider using a shorter maxLifetime value.
[11:34:30:823] [WARN] - com.zaxxer.hikari.pool.PoolBase.isConnectionAlive(PoolBase.java:184) - data-pool- - Failed to validate connection org.mariadb.jdbc.Connection@3ad6af2a ((conn=6018) Connection.setNetworkTimeout cannot be called on a closed connection). Possibly consider using a shorter maxLifetime value.
[11:34:30:827] [WARN] - com.zaxxer.hikari.pool.PoolBase.isConnectionAlive(PoolBase.java:184) - data-pool- - Failed to validate connection org.mariadb.jdbc.Connection@23f8a68d ((conn=6019) Connection.setNetworkTimeout cannot be called on a closed connection). Possibly consider using a shorter maxLifetime value.
[11:40:08:236] [WARN] - com.zaxxer.hikari.pool.PoolBase.isConnectionAlive(PoolBase.java:184) - data-pool- - Failed to validate connection org.mariadb.jdbc.Connection@5badcad1 ((conn=6027) Connection.setNetworkTimeout cannot be called on a closed connection). Possibly consider using a shorter maxLifetime value.
[11:43:18:231] [WARN] - com.zaxxer.hikari.pool.PoolBase.isConnectionAlive(PoolBase.java:184) - data-pool- - Failed to validate connection org.mariadb.jdbc.Connection@44e3338e ((conn=6034) Connection.setNetworkTimeout cannot be called on a closed connection). Possibly consider using a shorter maxLifetime value.
[11:43:18:231] [WARN] - com.zaxxer.hikari.pool.PoolBase.isConnectionAlive(PoolBase.java:184) - data-pool- - Failed to validate connection org.mariadb.jdbc.Connection@34bc12f ((conn=6033) Connection.setNetworkTimeout cannot be called on a closed connection). Possibly consider using a shorter maxLifetime value.
[11:52:08:240] [WARN] - com.zaxxer.hikari.pool.PoolBase.isConnectionAlive(PoolBase.java:184) - data-pool- - Failed to validate connection org.mariadb.jdbc.Connection@5b17afda ((conn=6048) Connection.setNetworkTimeout cannot be called on a closed connection). Possibly consider using a shorter maxLifetime value.
[11:52:08:240] [WARN] - com.zaxxer.hikari.pool.PoolBase.isConnectionAlive(PoolBase.java:184) - data-pool- - Failed to validate connection org.mariadb.jdbc.Connection@2c2a648b ((conn=6049) Connection.setNetworkTimeout cannot be called on a closed connection). Possibly consider using a shorter maxLifetime value.
[11:57:30:412] [WARN] - com.zaxxer.hikari.pool.PoolBase.isConnectionAlive(PoolBase.java:184) - data-pool- - Failed to validate connection org.mariadb.jdbc.Connection@68a15264 ((conn=6057) Connection.setNetworkTimeout cannot be called on a closed connection). Possibly consider using a shorter maxLifetime value.
[12:06:51:490] [WARN] - com.zaxxer.hikari.pool.PoolBase.isConnectionAlive(PoolBase.java:184) - data-pool- - Failed to validate connection org.mariadb.jdbc.Connection@449dcde4 ((conn=6074) Connection.setNetworkTimeout cannot be called on a closed connection). Possibly consider using a shorter maxLifetime value.
[12:06:51:490] [WARN] - com.zaxxer.hikari.pool.PoolBase.isConnectionAlive(PoolBase.java:184) - data-pool- - Failed to validate connection org.mariadb.jdbc.Connection@24fe4bc6 ((conn=6073) Connection.setNetworkTimeout cannot be called on a closed connection). Possibly consider using a shorter maxLifetime value.
[12:09:33:153] [WARN] - com.zaxxer.hikari.pool.PoolBase.isConnectionAlive(PoolBase.java:184) - data-pool- - Failed to validate connection org.mariadb.jdbc.Connection@1fb3cae5 ((conn=6078) Connection.setNetworkTimeout cannot be called on a closed connection). Possibly consider using a shorter maxLifetime value.
[12:12:48:237] [WARN] - com.zaxxer.hikari.pool.PoolBase.isConnectionAlive(PoolBase.java:184) - data-pool- - Failed to validate connection org.mariadb.jdbc.Connection@134e7094 ((conn=6084) Connection.setNetworkTimeout cannot be called on a closed connection). Possibly consider using a shorter maxLifetime value.
[12:15:28:239] [WARN] - com.zaxxer.hikari.pool.PoolBase.isConnectionAlive(PoolBase.java:184) - data-pool- - Failed to validate connection org.mariadb.jdbc.Connection@557a4d60 ((conn=6087) Connection.setNetworkTimeout cannot be called on a closed connection). Possibly consider using a shorter maxLifetime value.
[13:23:40:911] [WARN] - com.zaxxer.hikari.pool.HikariPool$HouseKeeper.run(HikariPool.java:788) - data-pool- - Thread starvation or clock leap detected (housekeeper delta=1h6m55s285ms636µs200ns).
[13:31:58:128] [WARN] - com.zaxxer.hikari.pool.PoolBase.isConnectionAlive(PoolBase.java:184) - data-pool- - Failed to validate connection org.mariadb.jdbc.Connection@7a3811c8 ((conn=6107) Connection.setNetworkTimeout cannot be called on a closed connection). Possibly consider using a shorter maxLifetime value.
[13:35:28:128] [WARN] - com.zaxxer.hikari.pool.PoolBase.isConnectionAlive(PoolBase.java:184) - data-pool- - Failed to validate connection org.mariadb.jdbc.Connection@55afd959 ((conn=6112) Connection.setNetworkTimeout cannot be called on a closed connection). Possibly consider using a shorter maxLifetime value.
[13:38:18:116] [WARN] - com.zaxxer.hikari.pool.PoolBase.isConnectionAlive(PoolBase.java:184) - data-pool- - Failed to validate connection org.mariadb.jdbc.Connection@1cd97868 ((conn=6117) Connection.setNetworkTimeout cannot be called on a closed connection). Possibly consider using a shorter maxLifetime value.
[13:40:58:120] [WARN] - com.zaxxer.hikari.pool.PoolBase.isConnectionAlive(PoolBase.java:184) - data-pool- - Failed to validate connection org.mariadb.jdbc.Connection@e71400c ((conn=6122) Connection.setNetworkTimeout cannot be called on a closed connection). Possibly consider using a shorter maxLifetime value.
[13:40:58:121] [WARN] - com.zaxxer.hikari.pool.PoolBase.isConnectionAlive(PoolBase.java:184) - data-pool- - Failed to validate connection org.mariadb.jdbc.Connection@3f80a089 ((conn=6123) Connection.setNetworkTimeout cannot be called on a closed connection). Possibly consider using a shorter maxLifetime value.
[13:44:08:121] [WARN] - com.zaxxer.hikari.pool.PoolBase.isConnectionAlive(PoolBase.java:184) - data-pool- - Failed to validate connection org.mariadb.jdbc.Connection@474898ec ((conn=6128) Connection.setNetworkTimeout cannot be called on a closed connection). Possibly consider using a shorter maxLifetime value.
[13:44:08:122] [WARN] - com.zaxxer.hikari.pool.PoolBase.isConnectionAlive(PoolBase.java:184) - data-pool- - Failed to validate connection org.mariadb.jdbc.Connection@310f7685 ((conn=6129) Connection.setNetworkTimeout cannot be called on a closed connection). Possibly consider using a shorter maxLifetime value.
[13:49:58:126] [WARN] - com.zaxxer.hikari.pool.PoolBase.isConnectionAlive(PoolBase.java:184) - data-pool- - Failed to validate connection org.mariadb.jdbc.Connection@4fe41697 ((conn=6138) Connection.setNetworkTimeout cannot be called on a closed connection). Possibly consider using a shorter maxLifetime value.
[13:49:58:127] [WARN] - com.zaxxer.hikari.pool.PoolBase.isConnectionAlive(PoolBase.java:184) - data-pool- - Failed to validate connection org.mariadb.jdbc.Connection@1da7bffe ((conn=6139) Connection.setNetworkTimeout cannot be called on a closed connection). Possibly consider using a shorter maxLifetime value.
[13:52:48:127] [WARN] - com.zaxxer.hikari.pool.PoolBase.isConnectionAlive(PoolBase.java:184) - data-pool- - Failed to validate connection org.mariadb.jdbc.Connection@22824e07 ((conn=6142) Connection.setNetworkTimeout cannot be called on a closed connection). Possibly consider using a shorter maxLifetime value.
[13:52:48:129] [WARN] - com.zaxxer.hikari.pool.PoolBase.isConnectionAlive(PoolBase.java:184) - data-pool- - Failed to validate connection org.mariadb.jdbc.Connection@6134b228 ((conn=6143) Connection.setNetworkTimeout cannot be called on a closed connection). Possibly consider using a shorter maxLifetime value.
[13:52:48:129] [WARN] - com.zaxxer.hikari.pool.PoolBase.isConnectionAlive(PoolBase.java:184) - data-pool- - Failed to validate connection org.mariadb.jdbc.Connection@5919d253 ((conn=6144) Connection.setNetworkTimeout cannot be called on a closed connection). Possibly consider using a shorter maxLifetime value.
[14:19:28:131] [WARN] - com.zaxxer.hikari.pool.PoolBase.isConnectionAlive(PoolBase.java:184) - data-pool- - Failed to validate connection org.mariadb.jdbc.Connection@7f7ef360 ((conn=6189) Connection.setNetworkTimeout cannot be called on a closed connection). Possibly consider using a shorter maxLifetime value.
[14:21:38:128] [WARN] - com.zaxxer.hikari.pool.PoolBase.isConnectionAlive(PoolBase.java:184) - data-pool- - Failed to validate connection org.mariadb.jdbc.Connection@69570217 ((conn=6192) Connection.setNetworkTimeout cannot be called on a closed connection). Possibly consider using a shorter maxLifetime value.
[14:21:38:128] [WARN] - com.zaxxer.hikari.pool.PoolBase.isConnectionAlive(PoolBase.java:184) - data-pool- - Failed to validate connection org.mariadb.jdbc.Connection@4013f5b9 ((conn=6191) Connection.setNetworkTimeout cannot be called on a closed connection). Possibly consider using a shorter maxLifetime value.
[14:21:38:130] [WARN] - com.zaxxer.hikari.pool.PoolBase.isConnectionAlive(PoolBase.java:184) - data-pool- - Failed to validate connection org.mariadb.jdbc.Connection@6fb9fcaa ((conn=6193) Connection.setNetworkTimeout cannot be called on a closed connection). Possibly consider using a shorter maxLifetime value.
[14:21:38:130] [WARN] - com.zaxxer.hikari.pool.PoolBase.isConnectionAlive(PoolBase.java:184) - data-pool- - Failed to validate connection org.mariadb.jdbc.Connection@7cdf919f ((conn=6194) Connection.setNetworkTimeout cannot be called on a closed connection). Possibly consider using a shorter maxLifetime value.
[14:23:48:116] [WARN] - com.zaxxer.hikari.pool.PoolBase.isConnectionAlive(PoolBase.java:184) - data-pool- - Failed to validate connection org.mariadb.jdbc.Connection@18cd1000 ((conn=6198) Connection.setNetworkTimeout cannot be called on a closed connection). Possibly consider using a shorter maxLifetime value.
[14:24:48:117] [WARN] - com.zaxxer.hikari.pool.PoolBase.isConnectionAlive(PoolBase.java:184) - data-pool- - Failed to validate connection org.mariadb.jdbc.Connection@2a437a88 ((conn=6199) Connection.setNetworkTimeout cannot be called on a closed connection). Possibly consider using a shorter maxLifetime value.
[14:26:48:123] [WARN] - com.zaxxer.hikari.pool.PoolBase.isConnectionAlive(PoolBase.java:184) - data-pool- - Failed to validate connection org.mariadb.jdbc.Connection@60949573 ((conn=6203) Connection.setNetworkTimeout cannot be called on a closed connection). Possibly consider using a shorter maxLifetime value.
[14:26:48:124] [WARN] - com.zaxxer.hikari.pool.PoolBase.isConnectionAlive(PoolBase.java:184) - data-pool- - Failed to validate connection org.mariadb.jdbc.Connection@360d00ae ((conn=6204) Connection.setNetworkTimeout cannot be called on a closed connection). Possibly consider using a shorter maxLifetime value.
[14:29:48:128] [WARN] - com.zaxxer.hikari.pool.PoolBase.isConnectionAlive(PoolBase.java:184) - data-pool- - Failed to validate connection org.mariadb.jdbc.Connection@70589cf ((conn=6209) Connection.setNetworkTimeout cannot be called on a closed connection). Possibly consider using a shorter maxLifetime value.
[14:47:38:116] [WARN] - com.zaxxer.hikari.pool.PoolBase.isConnectionAlive(PoolBase.java:184) - data-pool- - Failed to validate connection org.mariadb.jdbc.Connection@1b0c8a5 ((conn=6240) Connection.setNetworkTimeout cannot be called on a closed connection). Possibly consider using a shorter maxLifetime value.
[14:52:58:126] [WARN] - com.zaxxer.hikari.pool.PoolBase.isConnectionAlive(PoolBase.java:184) - data-pool- - Failed to validate connection org.mariadb.jdbc.Connection@2dedebd1 ((conn=6248) Connection.setNetworkTimeout cannot be called on a closed connection). Possibly consider using a shorter maxLifetime value.
[14:52:58:127] [WARN] - com.zaxxer.hikari.pool.PoolBase.isConnectionAlive(PoolBase.java:184) - data-pool- - Failed to validate connection org.mariadb.jdbc.Connection@1d9bdb14 ((conn=6249) Connection.setNetworkTimeout cannot be called on a closed connection). Possibly consider using a shorter maxLifetime value.
[23:43:10:023] [WARN] - com.zaxxer.hikari.pool.HikariPool$HouseKeeper.run(HikariPool.java:788) - data-pool- - Thread starvation or clock leap detected (housekeeper delta=8h48m24s898ms699µs300ns).
[23:49:06:563] [WARN] - com.zaxxer.hikari.pool.PoolBase.isConnectionAlive(PoolBase.java:184) - data-pool- - Failed to validate connection org.mariadb.jdbc.Connection@25a3bae ((conn=6265) Connection.setNetworkTimeout cannot be called on a closed connection). Possibly consider using a shorter maxLifetime value.
[23:51:56:564] [WARN] - com.zaxxer.hikari.pool.PoolBase.isConnectionAlive(PoolBase.java:184) - data-pool- - Failed to validate connection org.mariadb.jdbc.Connection@4b409e97 ((conn=6268) Connection.setNetworkTimeout cannot be called on a closed connection). Possibly consider using a shorter maxLifetime value.
[23:51:56:566] [WARN] - com.zaxxer.hikari.pool.PoolBase.isConnectionAlive(PoolBase.java:184) - data-pool- - Failed to validate connection org.mariadb.jdbc.Connection@6e29270f ((conn=6269) Connection.setNetworkTimeout cannot be called on a closed connection). Possibly consider using a shorter maxLifetime value.
[23:57:36:560] [WARN] - com.zaxxer.hikari.pool.PoolBase.isConnectionAlive(PoolBase.java:184) - data-pool- - Failed to validate connection org.mariadb.jdbc.Connection@bf76208 ((conn=6279) Connection.setNetworkTimeout cannot be called on a closed connection). Possibly consider using a shorter maxLifetime value.
[00:03:26:560] [WARN] - com.zaxxer.hikari.pool.PoolBase.isConnectionAlive(PoolBase.java:184) - data-pool- - Failed to validate connection org.mariadb.jdbc.Connection@4bb846fb ((conn=6289) Connection.setNetworkTimeout cannot be called on a closed connection). Possibly consider using a shorter maxLifetime value.
[00:03:46:562] [WARN] - com.zaxxer.hikari.pool.PoolBase.isConnectionAlive(PoolBase.java:184) - data-pool- - Failed to validate connection org.mariadb.jdbc.Connection@18395b9e ((conn=6290) Connection.setNetworkTimeout cannot be called on a closed connection). Possibly consider using a shorter maxLifetime value.
[00:03:46:563] [WARN] - com.zaxxer.hikari.pool.PoolBase.isConnectionAlive(PoolBase.java:184) - data-pool- - Failed to validate connection org.mariadb.jdbc.Connection@1ad93bc3 ((conn=6291) Connection.setNetworkTimeout cannot be called on a closed connection). Possibly consider using a shorter maxLifetime value.
[00:05:46:561] [WARN] - com.zaxxer.hikari.pool.PoolBase.isConnectionAlive(PoolBase.java:184) - data-pool- - Failed to validate connection org.mariadb.jdbc.Connection@4f523db ((conn=6294) Connection.setNetworkTimeout cannot be called on a closed connection). Possibly consider using a shorter maxLifetime value.
[00:08:56:565] [WARN] - com.zaxxer.hikari.pool.PoolBase.isConnectionAlive(PoolBase.java:184) - data-pool- - Failed to validate connection org.mariadb.jdbc.Connection@1d2b3ddd ((conn=6300) Connection.setNetworkTimeout cannot be called on a closed connection). Possibly consider using a shorter maxLifetime value.
[00:08:56:566] [WARN] - com.zaxxer.hikari.pool.PoolBase.isConnectionAlive(PoolBase.java:184) - data-pool- - Failed to validate connection org.mariadb.jdbc.Connection@16c6a2b0 ((conn=6301) Connection.setNetworkTimeout cannot be called on a closed connection). Possibly consider using a shorter maxLifetime value.
[00:11:56:563] [WARN] - com.zaxxer.hikari.pool.PoolBase.isConnectionAlive(PoolBase.java:184) - data-pool- - Failed to validate connection org.mariadb.jdbc.Connection@2d326fd8 ((conn=6306) Connection.setNetworkTimeout cannot be called on a closed connection). Possibly consider using a shorter maxLifetime value.
[00:11:56:563] [WARN] - com.zaxxer.hikari.pool.PoolBase.isConnectionAlive(PoolBase.java:184) - data-pool- - Failed to validate connection org.mariadb.jdbc.Connection@127b40e3 ((conn=6307) Connection.setNetworkTimeout cannot be called on a closed connection). Possibly consider using a shorter maxLifetime value.
[00:14:46:553] [WARN] - com.zaxxer.hikari.pool.PoolBase.isConnectionAlive(PoolBase.java:184) - data-pool- - Failed to validate connection org.mariadb.jdbc.Connection@5b22bc77 ((conn=6310) Connection.setNetworkTimeout cannot be called on a closed connection). Possibly consider using a shorter maxLifetime value.
[09:39:16:287] [INFO] - my.utils.loggerUtils.info(loggerUtils.java:18) - 加载version文件完成！
[09:39:16:289] [INFO] - my.utils.loggerUtils.info(loggerUtils.java:18) - 加载nmb.apk完成！
[09:39:16:340] [INFO] - my.utils.loggerUtils.info(loggerUtils.java:18) - 实例化服务完成！
[09:39:16:482] [WARN] - com.zaxxer.hikari.HikariConfig.validateNumerics(HikariConfig.java:1084) - data-pool- - idleTimeout is close to or more than maxLifetime, disabling it.
[09:39:16:484] [INFO] - com.zaxxer.hikari.HikariDataSource.<init>(HikariDataSource.java:80) - data-pool- - Starting...
[09:39:16:548] [INFO] - com.zaxxer.hikari.HikariDataSource.<init>(HikariDataSource.java:82) - data-pool- - Start completed.
[09:39:16:816] [INFO] - my.utils.loggerUtils.info(loggerUtils.java:18) - 定时任务启动完成！
[09:39:17:220] [INFO] - my.utils.loggerUtils.info(loggerUtils.java:18) - 服务已经启动/9668
[09:46:16:827] [WARN] - com.zaxxer.hikari.pool.PoolBase.isConnectionAlive(PoolBase.java:184) - data-pool- - Failed to validate connection org.mariadb.jdbc.Connection@5d6429ad ((conn=6340) Connection.setNetworkTimeout cannot be called on a closed connection). Possibly consider using a shorter maxLifetime value.
[09:47:16:828] [WARN] - com.zaxxer.hikari.pool.PoolBase.isConnectionAlive(PoolBase.java:184) - data-pool- - Failed to validate connection org.mariadb.jdbc.Connection@2d806b57 ((conn=6342) Connection.setNetworkTimeout cannot be called on a closed connection). Possibly consider using a shorter maxLifetime value.
[09:47:16:828] [WARN] - com.zaxxer.hikari.pool.PoolBase.isConnectionAlive(PoolBase.java:184) - data-pool- - Failed to validate connection org.mariadb.jdbc.Connection@23af0357 ((conn=6341) Connection.setNetworkTimeout cannot be called on a closed connection). Possibly consider using a shorter maxLifetime value.
[09:47:16:832] [WARN] - com.zaxxer.hikari.pool.PoolBase.isConnectionAlive(PoolBase.java:184) - data-pool- - Failed to validate connection org.mariadb.jdbc.Connection@60ed5cee ((conn=6343) Connection.setNetworkTimeout cannot be called on a closed connection). Possibly consider using a shorter maxLifetime value.
[09:49:36:822] [WARN] - com.zaxxer.hikari.pool.PoolBase.isConnectionAlive(PoolBase.java:184) - data-pool- - Failed to validate connection org.mariadb.jdbc.Connection@2ff27073 ((conn=6347) Connection.setNetworkTimeout cannot be called on a closed connection). Possibly consider using a shorter maxLifetime value.
[09:52:46:829] [WARN] - com.zaxxer.hikari.pool.PoolBase.isConnectionAlive(PoolBase.java:184) - data-pool- - Failed to validate connection org.mariadb.jdbc.Connection@1582699e ((conn=6352) Connection.setNetworkTimeout cannot be called on a closed connection). Possibly consider using a shorter maxLifetime value.
[09:52:46:829] [WARN] - com.zaxxer.hikari.pool.PoolBase.isConnectionAlive(PoolBase.java:184) - data-pool- - Failed to validate connection org.mariadb.jdbc.Connection@4f114cb ((conn=6353) Connection.setNetworkTimeout cannot be called on a closed connection). Possibly consider using a shorter maxLifetime value.
[09:58:06:837] [WARN] - com.zaxxer.hikari.pool.PoolBase.isConnectionAlive(PoolBase.java:184) - data-pool- - Failed to validate connection org.mariadb.jdbc.Connection@7bdacd9 ((conn=6361) Connection.setNetworkTimeout cannot be called on a closed connection). Possibly consider using a shorter maxLifetime value.
[09:58:26:832] [WARN] - com.zaxxer.hikari.pool.PoolBase.isConnectionAlive(PoolBase.java:184) - data-pool- - Failed to validate connection org.mariadb.jdbc.Connection@494e9e04 ((conn=6362) Connection.setNetworkTimeout cannot be called on a closed connection). Possibly consider using a shorter maxLifetime value.
[09:58:26:835] [WARN] - com.zaxxer.hikari.pool.PoolBase.isConnectionAlive(PoolBase.java:184) - data-pool- - Failed to validate connection org.mariadb.jdbc.Connection@f2512d2 ((conn=6363) Connection.setNetworkTimeout cannot be called on a closed connection). Possibly consider using a shorter maxLifetime value.
[10:06:56:831] [WARN] - com.zaxxer.hikari.pool.PoolBase.isConnectionAlive(PoolBase.java:184) - data-pool- - Failed to validate connection org.mariadb.jdbc.Connection@5979f74 ((conn=6376) Connection.setNetworkTimeout cannot be called on a closed connection). Possibly consider using a shorter maxLifetime value.
[10:07:26:832] [WARN] - com.zaxxer.hikari.pool.PoolBase.isConnectionAlive(PoolBase.java:184) - data-pool- - Failed to validate connection org.mariadb.jdbc.Connection@739afe94 ((conn=6379) Connection.setNetworkTimeout cannot be called on a closed connection). Possibly consider using a shorter maxLifetime value.
[10:13:16:832] [WARN] - com.zaxxer.hikari.pool.PoolBase.isConnectionAlive(PoolBase.java:184) - data-pool- - Failed to validate connection org.mariadb.jdbc.Connection@91f0bb8 ((conn=6387) Connection.setNetworkTimeout cannot be called on a closed connection). Possibly consider using a shorter maxLifetime value.
[10:13:16:832] [WARN] - com.zaxxer.hikari.pool.PoolBase.isConnectionAlive(PoolBase.java:184) - data-pool- - Failed to validate connection org.mariadb.jdbc.Connection@6df41a69 ((conn=6388) Connection.setNetworkTimeout cannot be called on a closed connection). Possibly consider using a shorter maxLifetime value.
[10:13:16:835] [WARN] - com.zaxxer.hikari.pool.PoolBase.isConnectionAlive(PoolBase.java:184) - data-pool- - Failed to validate connection org.mariadb.jdbc.Connection@6333f9a7 ((conn=6389) Connection.setNetworkTimeout cannot be called on a closed connection). Possibly consider using a shorter maxLifetime value.
[10:16:46:823] [WARN] - com.zaxxer.hikari.pool.PoolBase.isConnectionAlive(PoolBase.java:184) - data-pool- - Failed to validate connection org.mariadb.jdbc.Connection@7949918e ((conn=6395) Connection.setNetworkTimeout cannot be called on a closed connection). Possibly consider using a shorter maxLifetime value.
[10:19:16:832] [WARN] - com.zaxxer.hikari.pool.PoolBase.isConnectionAlive(PoolBase.java:184) - data-pool- - Failed to validate connection org.mariadb.jdbc.Connection@3bd8ee4 ((conn=6400) Connection.setNetworkTimeout cannot be called on a closed connection). Possibly consider using a shorter maxLifetime value.
[10:28:06:833] [WARN] - com.zaxxer.hikari.pool.PoolBase.isConnectionAlive(PoolBase.java:184) - data-pool- - Failed to validate connection org.mariadb.jdbc.Connection@7c0874b ((conn=6415) Connection.setNetworkTimeout cannot be called on a closed connection). Possibly consider using a shorter maxLifetime value.
[10:28:06:833] [WARN] - com.zaxxer.hikari.pool.PoolBase.isConnectionAlive(PoolBase.java:184) - data-pool- - Failed to validate connection org.mariadb.jdbc.Connection@27b5c17c ((conn=6416) Connection.setNetworkTimeout cannot be called on a closed connection). Possibly consider using a shorter maxLifetime value.
[10:34:16:827] [WARN] - com.zaxxer.hikari.pool.PoolBase.isConnectionAlive(PoolBase.java:184) - data-pool- - Failed to validate connection org.mariadb.jdbc.Connection@7b793f15 ((conn=6427) Connection.setNetworkTimeout cannot be called on a closed connection). Possibly consider using a shorter maxLifetime value.
[10:39:23:662] [WARN] - com.zaxxer.hikari.pool.PoolBase.isConnectionAlive(PoolBase.java:184) - data-pool- - Failed to validate connection org.mariadb.jdbc.Connection@22e41898 ((conn=6435) Connection.setNetworkTimeout cannot be called on a closed connection). Possibly consider using a shorter maxLifetime value.
[10:40:06:827] [WARN] - com.zaxxer.hikari.pool.PoolBase.isConnectionAlive(PoolBase.java:184) - data-pool- - Failed to validate connection org.mariadb.jdbc.Connection@6dd1e3b5 ((conn=6437) Connection.setNetworkTimeout cannot be called on a closed connection). Possibly consider using a shorter maxLifetime value.
[10:45:08:362] [WARN] - com.zaxxer.hikari.pool.PoolBase.isConnectionAlive(PoolBase.java:184) - data-pool- - Failed to validate connection org.mariadb.jdbc.Connection@45a5a601 ((conn=6445) Connection.setNetworkTimeout cannot be called on a closed connection). Possibly consider using a shorter maxLifetime value.
[10:45:26:826] [WARN] - com.zaxxer.hikari.pool.PoolBase.isConnectionAlive(PoolBase.java:184) - data-pool- - Failed to validate connection org.mariadb.jdbc.Connection@1e5ed4f3 ((conn=6446) Connection.setNetworkTimeout cannot be called on a closed connection). Possibly consider using a shorter maxLifetime value.
[10:45:55:031] [WARN] - com.zaxxer.hikari.pool.PoolBase.isConnectionAlive(PoolBase.java:184) - data-pool- - Failed to validate connection org.mariadb.jdbc.Connection@3a1e04cd ((conn=6447) Connection.setNetworkTimeout cannot be called on a closed connection). Possibly consider using a shorter maxLifetime value.
[10:48:36:842] [WARN] - com.zaxxer.hikari.pool.PoolBase.isConnectionAlive(PoolBase.java:184) - data-pool- - Failed to validate connection org.mariadb.jdbc.Connection@2b2f4ccb ((conn=6451) Connection.setNetworkTimeout cannot be called on a closed connection). Possibly consider using a shorter maxLifetime value.
[10:48:36:842] [WARN] - com.zaxxer.hikari.pool.PoolBase.isConnectionAlive(PoolBase.java:184) - data-pool- - Failed to validate connection org.mariadb.jdbc.Connection@78010f7d ((conn=6452) Connection.setNetworkTimeout cannot be called on a closed connection). Possibly consider using a shorter maxLifetime value.
[10:50:56:827] [WARN] - com.zaxxer.hikari.pool.PoolBase.isConnectionAlive(PoolBase.java:184) - data-pool- - Failed to validate connection org.mariadb.jdbc.Connection@47a2907f ((conn=6455) Connection.setNetworkTimeout cannot be called on a closed connection). Possibly consider using a shorter maxLifetime value.
[10:54:06:833] [WARN] - com.zaxxer.hikari.pool.PoolBase.isConnectionAlive(PoolBase.java:184) - data-pool- - Failed to validate connection org.mariadb.jdbc.Connection@44eb3ae0 ((conn=6460) Connection.setNetworkTimeout cannot be called on a closed connection). Possibly consider using a shorter maxLifetime value.
[10:54:06:834] [WARN] - com.zaxxer.hikari.pool.PoolBase.isConnectionAlive(PoolBase.java:184) - data-pool- - Failed to validate connection org.mariadb.jdbc.Connection@6389e580 ((conn=6462) Connection.setNetworkTimeout cannot be called on a closed connection). Possibly consider using a shorter maxLifetime value.
[10:54:06:833] [WARN] - com.zaxxer.hikari.pool.PoolBase.isConnectionAlive(PoolBase.java:184) - data-pool- - Failed to validate connection org.mariadb.jdbc.Connection@7d4838e6 ((conn=6461) Connection.setNetworkTimeout cannot be called on a closed connection). Possibly consider using a shorter maxLifetime value.
[10:59:56:825] [WARN] - com.zaxxer.hikari.pool.PoolBase.isConnectionAlive(PoolBase.java:184) - data-pool- - Failed to validate connection org.mariadb.jdbc.Connection@2952ac3f ((conn=6470) Connection.setNetworkTimeout cannot be called on a closed connection). Possibly consider using a shorter maxLifetime value.
[10:59:56:827] [WARN] - com.zaxxer.hikari.pool.PoolBase.isConnectionAlive(PoolBase.java:184) - data-pool- - Failed to validate connection org.mariadb.jdbc.Connection@716df3cf ((conn=6471) Connection.setNetworkTimeout cannot be called on a closed connection). Possibly consider using a shorter maxLifetime value.
[10:59:56:828] [WARN] - com.zaxxer.hikari.pool.PoolBase.isConnectionAlive(PoolBase.java:184) - data-pool- - Failed to validate connection org.mariadb.jdbc.Connection@20198fa5 ((conn=6472) Connection.setNetworkTimeout cannot be called on a closed connection). Possibly consider using a shorter maxLifetime value.
[22:36:11:405] [WARN] - com.zaxxer.hikari.pool.HikariPool$HouseKeeper.run(HikariPool.java:788) - data-pool- - Thread starvation or clock leap detected (housekeeper delta=11h34m23s410ms489µs).
[22:42:16:762] [WARN] - com.zaxxer.hikari.pool.PoolBase.isConnectionAlive(PoolBase.java:184) - data-pool- - Failed to validate connection org.mariadb.jdbc.Connection@284df61a ((conn=6488) Connection.setNetworkTimeout cannot be called on a closed connection). Possibly consider using a shorter maxLifetime value.
[22:50:56:759] [WARN] - com.zaxxer.hikari.pool.PoolBase.isConnectionAlive(PoolBase.java:184) - data-pool- - Failed to validate connection org.mariadb.jdbc.Connection@46855e22 ((conn=6501) Connection.setNetworkTimeout cannot be called on a closed connection). Possibly consider using a shorter maxLifetime value.
[22:50:56:761] [WARN] - com.zaxxer.hikari.pool.PoolBase.isConnectionAlive(PoolBase.java:184) - data-pool- - Failed to validate connection org.mariadb.jdbc.Connection@1c731f5f ((conn=6502) Connection.setNetworkTimeout cannot be called on a closed connection). Possibly consider using a shorter maxLifetime value.
[22:53:06:751] [WARN] - com.zaxxer.hikari.pool.PoolBase.isConnectionAlive(PoolBase.java:184) - data-pool- - Failed to validate connection org.mariadb.jdbc.Connection@4bfa88ae ((conn=6506) Connection.setNetworkTimeout cannot be called on a closed connection). Possibly consider using a shorter maxLifetime value.
[22:56:36:716] [WARN] - com.zaxxer.hikari.pool.PoolBase.isConnectionAlive(PoolBase.java:184) - data-pool- - Failed to validate connection org.mariadb.jdbc.Connection@7e025534 ((conn=6512) Connection.setNetworkTimeout cannot be called on a closed connection). Possibly consider using a shorter maxLifetime value.
[22:56:56:710] [WARN] - com.zaxxer.hikari.pool.PoolBase.isConnectionAlive(PoolBase.java:184) - data-pool- - Failed to validate connection org.mariadb.jdbc.Connection@22bb5240 ((conn=6513) Connection.setNetworkTimeout cannot be called on a closed connection). Possibly consider using a shorter maxLifetime value.
[22:56:56:711] [WARN] - com.zaxxer.hikari.pool.PoolBase.isConnectionAlive(PoolBase.java:184) - data-pool- - Failed to validate connection org.mariadb.jdbc.Connection@17599f9 ((conn=6514) Connection.setNetworkTimeout cannot be called on a closed connection). Possibly consider using a shorter maxLifetime value.
[23:03:26:638] [WARN] - com.zaxxer.hikari.pool.PoolBase.isConnectionAlive(PoolBase.java:184) - data-pool- - Failed to validate connection org.mariadb.jdbc.Connection@694c5e7 ((conn=6525) Connection.setNetworkTimeout cannot be called on a closed connection). Possibly consider using a shorter maxLifetime value.
[23:05:46:618] [WARN] - com.zaxxer.hikari.pool.PoolBase.isConnectionAlive(PoolBase.java:184) - data-pool- - Failed to validate connection org.mariadb.jdbc.Connection@2ced1cf4 ((conn=6528) Connection.setNetworkTimeout cannot be called on a closed connection). Possibly consider using a shorter maxLifetime value.
[23:05:46:618] [WARN] - com.zaxxer.hikari.pool.PoolBase.isConnectionAlive(PoolBase.java:184) - data-pool- - Failed to validate connection org.mariadb.jdbc.Connection@6c470d59 ((conn=6529) Connection.setNetworkTimeout cannot be called on a closed connection). Possibly consider using a shorter maxLifetime value.
[23:05:46:619] [WARN] - com.zaxxer.hikari.pool.PoolBase.isConnectionAlive(PoolBase.java:184) - data-pool- - Failed to validate connection org.mariadb.jdbc.Connection@2cf146c1 ((conn=6530) Connection.setNetworkTimeout cannot be called on a closed connection). Possibly consider using a shorter maxLifetime value.
[23:29:26:402] [WARN] - com.zaxxer.hikari.pool.PoolBase.isConnectionAlive(PoolBase.java:184) - data-pool- - Failed to validate connection org.mariadb.jdbc.Connection@5a989f3d ((conn=6568) Connection.setNetworkTimeout cannot be called on a closed connection). Possibly consider using a shorter maxLifetime value.
[23:29:26:404] [WARN] - com.zaxxer.hikari.pool.PoolBase.isConnectionAlive(PoolBase.java:184) - data-pool- - Failed to validate connection org.mariadb.jdbc.Connection@14dac1ea ((conn=6569) Connection.setNetworkTimeout cannot be called on a closed connection). Possibly consider using a shorter maxLifetime value.
[23:29:26:405] [WARN] - com.zaxxer.hikari.pool.PoolBase.isConnectionAlive(PoolBase.java:184) - data-pool- - Failed to validate connection org.mariadb.jdbc.Connection@8bc67b1 ((conn=6570) Connection.setNetworkTimeout cannot be called on a closed connection). Possibly consider using a shorter maxLifetime value.
[23:38:16:352] [WARN] - com.zaxxer.hikari.pool.PoolBase.isConnectionAlive(PoolBase.java:184) - data-pool- - Failed to validate connection org.mariadb.jdbc.Connection@5952891f ((conn=6583) Connection.setNetworkTimeout cannot be called on a closed connection). Possibly consider using a shorter maxLifetime value.
[23:38:36:354] [WARN] - com.zaxxer.hikari.pool.PoolBase.isConnectionAlive(PoolBase.java:184) - data-pool- - Failed to validate connection org.mariadb.jdbc.Connection@51e47f25 ((conn=6586) Connection.setNetworkTimeout cannot be called on a closed connection). Possibly consider using a shorter maxLifetime value.
[23:44:26:315] [WARN] - com.zaxxer.hikari.pool.PoolBase.isConnectionAlive(PoolBase.java:184) - data-pool- - Failed to validate connection org.mariadb.jdbc.Connection@1c3925c0 ((conn=6596) Connection.setNetworkTimeout cannot be called on a closed connection). Possibly consider using a shorter maxLifetime value.
[23:47:16:304] [WARN] - com.zaxxer.hikari.pool.PoolBase.isConnectionAlive(PoolBase.java:184) - data-pool- - Failed to validate connection org.mariadb.jdbc.Connection@3333a406 ((conn=6601) Connection.setNetworkTimeout cannot be called on a closed connection). Possibly consider using a shorter maxLifetime value.
[08:33:37:983] [WARN] - com.zaxxer.hikari.pool.HikariPool$HouseKeeper.run(HikariPool.java:788) - data-pool- - Thread starvation or clock leap detected (housekeeper delta=8h41m55s826ms812µs200ns).
[08:48:24:655] [WARN] - com.zaxxer.hikari.pool.PoolBase.isConnectionAlive(PoolBase.java:184) - data-pool- - Failed to validate connection org.mariadb.jdbc.Connection@10c25ef5 ((conn=6635) Connection.setNetworkTimeout cannot be called on a closed connection). Possibly consider using a shorter maxLifetime value.
[08:48:24:657] [WARN] - com.zaxxer.hikari.pool.PoolBase.isConnectionAlive(PoolBase.java:184) - data-pool- - Failed to validate connection org.mariadb.jdbc.Connection@56995bba ((conn=6636) Connection.setNetworkTimeout cannot be called on a closed connection). Possibly consider using a shorter maxLifetime value.
[08:48:24:660] [WARN] - com.zaxxer.hikari.pool.PoolBase.isConnectionAlive(PoolBase.java:184) - data-pool- - Failed to validate connection org.mariadb.jdbc.Connection@4cd23b51 ((conn=6637) Connection.setNetworkTimeout cannot be called on a closed connection). Possibly consider using a shorter maxLifetime value.
[08:50:54:661] [WARN] - com.zaxxer.hikari.pool.PoolBase.isConnectionAlive(PoolBase.java:184) - data-pool- - Failed to validate connection org.mariadb.jdbc.Connection@9e821e1 ((conn=6640) Connection.setNetworkTimeout cannot be called on a closed connection). Possibly consider using a shorter maxLifetime value.
[08:54:14:664] [WARN] - com.zaxxer.hikari.pool.PoolBase.isConnectionAlive(PoolBase.java:184) - data-pool- - Failed to validate connection org.mariadb.jdbc.Connection@67cb1065 ((conn=6645) Connection.setNetworkTimeout cannot be called on a closed connection). Possibly consider using a shorter maxLifetime value.
[08:59:54:651] [WARN] - com.zaxxer.hikari.pool.PoolBase.isConnectionAlive(PoolBase.java:184) - data-pool- - Failed to validate connection org.mariadb.jdbc.Connection@62f99538 ((conn=6655) Connection.setNetworkTimeout cannot be called on a closed connection). Possibly consider using a shorter maxLifetime value.
[09:00:14:652] [WARN] - com.zaxxer.hikari.pool.PoolBase.isConnectionAlive(PoolBase.java:184) - data-pool- - Failed to validate connection org.mariadb.jdbc.Connection@5e344cc4 ((conn=6656) Connection.setNetworkTimeout cannot be called on a closed connection). Possibly consider using a shorter maxLifetime value.
[09:00:14:655] [WARN] - com.zaxxer.hikari.pool.PoolBase.isConnectionAlive(PoolBase.java:184) - data-pool- - Failed to validate connection org.mariadb.jdbc.Connection@4c9a04dc ((conn=6657) Connection.setNetworkTimeout cannot be called on a closed connection). Possibly consider using a shorter maxLifetime value.
[09:05:24:653] [WARN] - com.zaxxer.hikari.pool.PoolBase.isConnectionAlive(PoolBase.java:184) - data-pool- - Failed to validate connection org.mariadb.jdbc.Connection@7117563a ((conn=6666) Connection.setNetworkTimeout cannot be called on a closed connection). Possibly consider using a shorter maxLifetime value.
[09:05:24:654] [WARN] - com.zaxxer.hikari.pool.PoolBase.isConnectionAlive(PoolBase.java:184) - data-pool- - Failed to validate connection org.mariadb.jdbc.Connection@6ae7ae2e ((conn=6667) Connection.setNetworkTimeout cannot be called on a closed connection). Possibly consider using a shorter maxLifetime value.
[09:05:24:654] [WARN] - com.zaxxer.hikari.pool.PoolBase.isConnectionAlive(PoolBase.java:184) - data-pool- - Failed to validate connection org.mariadb.jdbc.Connection@4c2a2d46 ((conn=6665) Connection.setNetworkTimeout cannot be called on a closed connection). Possibly consider using a shorter maxLifetime value.
[09:05:24:656] [WARN] - com.zaxxer.hikari.pool.PoolBase.isConnectionAlive(PoolBase.java:184) - data-pool- - Failed to validate connection org.mariadb.jdbc.Connection@7a82c04d ((conn=6668) Connection.setNetworkTimeout cannot be called on a closed connection). Possibly consider using a shorter maxLifetime value.
[09:08:24:654] [WARN] - com.zaxxer.hikari.pool.PoolBase.isConnectionAlive(PoolBase.java:184) - data-pool- - Failed to validate connection org.mariadb.jdbc.Connection@25a5bb64 ((conn=6673) Connection.setNetworkTimeout cannot be called on a closed connection). Possibly consider using a shorter maxLifetime value.
[09:15:24:661] [WARN] - com.zaxxer.hikari.pool.PoolBase.isConnectionAlive(PoolBase.java:184) - data-pool- - Failed to validate connection org.mariadb.jdbc.Connection@678ff6a3 ((conn=6684) Connection.setNetworkTimeout cannot be called on a closed connection). Possibly consider using a shorter maxLifetime value.
[09:17:34:652] [WARN] - com.zaxxer.hikari.pool.PoolBase.isConnectionAlive(PoolBase.java:184) - data-pool- - Failed to validate connection org.mariadb.jdbc.Connection@7c1003c2 ((conn=6689) Connection.setNetworkTimeout cannot be called on a closed connection). Possibly consider using a shorter maxLifetime value.
[09:23:34:663] [WARN] - com.zaxxer.hikari.pool.PoolBase.isConnectionAlive(PoolBase.java:184) - data-pool- - Failed to validate connection org.mariadb.jdbc.Connection@2b1e5059 ((conn=6700) Connection.setNetworkTimeout cannot be called on a closed connection). Possibly consider using a shorter maxLifetime value.
[09:26:14:652] [WARN] - com.zaxxer.hikari.pool.PoolBase.isConnectionAlive(PoolBase.java:184) - data-pool- - Failed to validate connection org.mariadb.jdbc.Connection@462afd18 ((conn=6704) Connection.setNetworkTimeout cannot be called on a closed connection). Possibly consider using a shorter maxLifetime value.
[09:26:14:654] [WARN] - com.zaxxer.hikari.pool.PoolBase.isConnectionAlive(PoolBase.java:184) - data-pool- - Failed to validate connection org.mariadb.jdbc.Connection@78780f17 ((conn=6705) Connection.setNetworkTimeout cannot be called on a closed connection). Possibly consider using a shorter maxLifetime value.
[09:26:14:658] [WARN] - com.zaxxer.hikari.pool.PoolBase.isConnectionAlive(PoolBase.java:184) - data-pool- - Failed to validate connection org.mariadb.jdbc.Connection@29b7b03e ((conn=6706) Connection.setNetworkTimeout cannot be called on a closed connection). Possibly consider using a shorter maxLifetime value.
[09:31:44:662] [WARN] - com.zaxxer.hikari.pool.PoolBase.isConnectionAlive(PoolBase.java:184) - data-pool- - Failed to validate connection org.mariadb.jdbc.Connection@5dbf2f66 ((conn=6714) Connection.setNetworkTimeout cannot be called on a closed connection). Possibly consider using a shorter maxLifetime value.
[09:31:44:664] [WARN] - com.zaxxer.hikari.pool.PoolBase.isConnectionAlive(PoolBase.java:184) - data-pool- - Failed to validate connection org.mariadb.jdbc.Connection@2d519e74 ((conn=6715) Connection.setNetworkTimeout cannot be called on a closed connection). Possibly consider using a shorter maxLifetime value.
[09:31:44:666] [WARN] - com.zaxxer.hikari.pool.PoolBase.isConnectionAlive(PoolBase.java:184) - data-pool- - Failed to validate connection org.mariadb.jdbc.Connection@466076 ((conn=6716) Connection.setNetworkTimeout cannot be called on a closed connection). Possibly consider using a shorter maxLifetime value.
[09:35:14:655] [WARN] - com.zaxxer.hikari.pool.PoolBase.isConnectionAlive(PoolBase.java:184) - data-pool- - Failed to validate connection org.mariadb.jdbc.Connection@245ce2ea ((conn=6722) Connection.setNetworkTimeout cannot be called on a closed connection). Possibly consider using a shorter maxLifetime value.
[09:40:54:658] [WARN] - com.zaxxer.hikari.pool.PoolBase.isConnectionAlive(PoolBase.java:184) - data-pool- - Failed to validate connection org.mariadb.jdbc.Connection@76baf5e2 ((conn=6731) Connection.setNetworkTimeout cannot be called on a closed connection). Possibly consider using a shorter maxLifetime value.
[09:40:54:660] [WARN] - com.zaxxer.hikari.pool.PoolBase.isConnectionAlive(PoolBase.java:184) - data-pool- - Failed to validate connection org.mariadb.jdbc.Connection@73f4ffb2 ((conn=6732) Connection.setNetworkTimeout cannot be called on a closed connection). Possibly consider using a shorter maxLifetime value.
[09:43:04:653] [WARN] - com.zaxxer.hikari.pool.PoolBase.isConnectionAlive(PoolBase.java:184) - data-pool- - Failed to validate connection org.mariadb.jdbc.Connection@7ea2a561 ((conn=6735) Connection.setNetworkTimeout cannot be called on a closed connection). Possibly consider using a shorter maxLifetime value.
[09:46:14:662] [WARN] - com.zaxxer.hikari.pool.PoolBase.isConnectionAlive(PoolBase.java:184) - data-pool- - Failed to validate connection org.mariadb.jdbc.Connection@1366b06c ((conn=6740) Connection.setNetworkTimeout cannot be called on a closed connection). Possibly consider using a shorter maxLifetime value.
[09:49:14:661] [WARN] - com.zaxxer.hikari.pool.PoolBase.isConnectionAlive(PoolBase.java:184) - data-pool- - Failed to validate connection org.mariadb.jdbc.Connection@18996a25 ((conn=6745) Connection.setNetworkTimeout cannot be called on a closed connection). Possibly consider using a shorter maxLifetime value.
[09:49:14:664] [WARN] - com.zaxxer.hikari.pool.PoolBase.isConnectionAlive(PoolBase.java:184) - data-pool- - Failed to validate connection org.mariadb.jdbc.Connection@461c7608 ((conn=6746) Connection.setNetworkTimeout cannot be called on a closed connection). Possibly consider using a shorter maxLifetime value.
[09:49:14:665] [WARN] - com.zaxxer.hikari.pool.PoolBase.isConnectionAlive(PoolBase.java:184) - data-pool- - Failed to validate connection org.mariadb.jdbc.Connection@79b4fb35 ((conn=6747) Connection.setNetworkTimeout cannot be called on a closed connection). Possibly consider using a shorter maxLifetime value.
[10:00:54:653] [WARN] - com.zaxxer.hikari.pool.PoolBase.isConnectionAlive(PoolBase.java:184) - data-pool- - Failed to validate connection org.mariadb.jdbc.Connection@5820186a ((conn=6766) Connection.setNetworkTimeout cannot be called on a closed connection). Possibly consider using a shorter maxLifetime value.
[10:00:54:657] [WARN] - com.zaxxer.hikari.pool.PoolBase.isConnectionAlive(PoolBase.java:184) - data-pool- - Failed to validate connection org.mariadb.jdbc.Connection@149c9698 ((conn=6767) Connection.setNetworkTimeout cannot be called on a closed connection). Possibly consider using a shorter maxLifetime value.
[10:09:54:663] [WARN] - com.zaxxer.hikari.pool.PoolBase.isConnectionAlive(PoolBase.java:184) - data-pool- - Failed to validate connection org.mariadb.jdbc.Connection@4119fad9 ((conn=6781) Connection.setNetworkTimeout cannot be called on a closed connection). Possibly consider using a shorter maxLifetime value.
[10:09:54:666] [WARN] - com.zaxxer.hikari.pool.PoolBase.isConnectionAlive(PoolBase.java:184) - data-pool- - Failed to validate connection org.mariadb.jdbc.Connection@7edf4fec ((conn=6782) Connection.setNetworkTimeout cannot be called on a closed connection). Possibly consider using a shorter maxLifetime value.
[10:09:54:671] [WARN] - com.zaxxer.hikari.pool.PoolBase.isConnectionAlive(PoolBase.java:184) - data-pool- - Failed to validate connection org.mariadb.jdbc.Connection@22e103ab ((conn=6783) Connection.setNetworkTimeout cannot be called on a closed connection). Possibly consider using a shorter maxLifetime value.
[10:12:44:660] [WARN] - com.zaxxer.hikari.pool.PoolBase.isConnectionAlive(PoolBase.java:184) - data-pool- - Failed to validate connection org.mariadb.jdbc.Connection@59672fa0 ((conn=6786) Connection.setNetworkTimeout cannot be called on a closed connection). Possibly consider using a shorter maxLifetime value.
[10:15:54:657] [WARN] - com.zaxxer.hikari.pool.PoolBase.isConnectionAlive(PoolBase.java:184) - data-pool- - Failed to validate connection org.mariadb.jdbc.Connection@28f58839 ((conn=6794) Connection.setNetworkTimeout cannot be called on a closed connection). Possibly consider using a shorter maxLifetime value.
[10:24:44:653] [WARN] - com.zaxxer.hikari.pool.PoolBase.isConnectionAlive(PoolBase.java:184) - data-pool- - Failed to validate connection org.mariadb.jdbc.Connection@4ec03f5f ((conn=6809) Connection.setNetworkTimeout cannot be called on a closed connection). Possibly consider using a shorter maxLifetime value.
[10:30:34:662] [WARN] - com.zaxxer.hikari.pool.PoolBase.isConnectionAlive(PoolBase.java:184) - data-pool- - Failed to validate connection org.mariadb.jdbc.Connection@204ba1eb ((conn=6817) Connection.setNetworkTimeout cannot be called on a closed connection). Possibly consider using a shorter maxLifetime value.
[10:33:34:662] [WARN] - com.zaxxer.hikari.pool.PoolBase.isConnectionAlive(PoolBase.java:184) - data-pool- - Failed to validate connection org.mariadb.jdbc.Connection@464eca15 ((conn=6824) Connection.setNetworkTimeout cannot be called on a closed connection). Possibly consider using a shorter maxLifetime value.
[10:35:54:656] [WARN] - com.zaxxer.hikari.pool.PoolBase.isConnectionAlive(PoolBase.java:184) - data-pool- - Failed to validate connection org.mariadb.jdbc.Connection@50626a4b ((conn=6827) Connection.setNetworkTimeout cannot be called on a closed connection). Possibly consider using a shorter maxLifetime value.
[10:35:54:657] [WARN] - com.zaxxer.hikari.pool.PoolBase.isConnectionAlive(PoolBase.java:184) - data-pool- - Failed to validate connection org.mariadb.jdbc.Connection@7917c70a ((conn=6828) Connection.setNetworkTimeout cannot be called on a closed connection). Possibly consider using a shorter maxLifetime value.
[10:35:54:657] [WARN] - com.zaxxer.hikari.pool.PoolBase.isConnectionAlive(PoolBase.java:184) - data-pool- - Failed to validate connection org.mariadb.jdbc.Connection@3b26617a ((conn=6829) Connection.setNetworkTimeout cannot be called on a closed connection). Possibly consider using a shorter maxLifetime value.
[10:39:04:662] [WARN] - com.zaxxer.hikari.pool.PoolBase.isConnectionAlive(PoolBase.java:184) - data-pool- - Failed to validate connection org.mariadb.jdbc.Connection@4e98b72 ((conn=6833) Connection.setNetworkTimeout cannot be called on a closed connection). Possibly consider using a shorter maxLifetime value.
[10:39:04:663] [WARN] - com.zaxxer.hikari.pool.PoolBase.isConnectionAlive(PoolBase.java:184) - data-pool- - Failed to validate connection org.mariadb.jdbc.Connection@3fce5f27 ((conn=6834) Connection.setNetworkTimeout cannot be called on a closed connection). Possibly consider using a shorter maxLifetime value.
[10:41:24:658] [WARN] - com.zaxxer.hikari.pool.PoolBase.isConnectionAlive(PoolBase.java:184) - data-pool- - Failed to validate connection org.mariadb.jdbc.Connection@2651630b ((conn=6837) Connection.setNetworkTimeout cannot be called on a closed connection). Possibly consider using a shorter maxLifetime value.
[10:44:50:797] [WARN] - com.zaxxer.hikari.pool.PoolBase.isConnectionAlive(PoolBase.java:184) - data-pool- - Failed to validate connection org.mariadb.jdbc.Connection@43053e05 ((conn=6843) Connection.setNetworkTimeout cannot be called on a closed connection). Possibly consider using a shorter maxLifetime value.
[10:44:50:798] [WARN] - com.zaxxer.hikari.pool.PoolBase.isConnectionAlive(PoolBase.java:184) - data-pool- - Failed to validate connection org.mariadb.jdbc.Connection@63c544bd ((conn=6844) Connection.setNetworkTimeout cannot be called on a closed connection). Possibly consider using a shorter maxLifetime value.
[10:53:44:656] [WARN] - com.zaxxer.hikari.pool.PoolBase.isConnectionAlive(PoolBase.java:184) - data-pool- - Failed to validate connection org.mariadb.jdbc.Connection@763689fb ((conn=6859) Connection.setNetworkTimeout cannot be called on a closed connection). Possibly consider using a shorter maxLifetime value.
[10:56:34:661] [WARN] - com.zaxxer.hikari.pool.PoolBase.isConnectionAlive(PoolBase.java:184) - data-pool- - Failed to validate connection org.mariadb.jdbc.Connection@6b0a6d7e ((conn=6862) Connection.setNetworkTimeout cannot be called on a closed connection). Possibly consider using a shorter maxLifetime value.
[10:56:34:661] [WARN] - com.zaxxer.hikari.pool.PoolBase.isConnectionAlive(PoolBase.java:184) - data-pool- - Failed to validate connection org.mariadb.jdbc.Connection@48fa1088 ((conn=6863) Connection.setNetworkTimeout cannot be called on a closed connection). Possibly consider using a shorter maxLifetime value.
[10:56:34:662] [WARN] - com.zaxxer.hikari.pool.PoolBase.isConnectionAlive(PoolBase.java:184) - data-pool- - Failed to validate connection org.mariadb.jdbc.Connection@4a6b4078 ((conn=6864) Connection.setNetworkTimeout cannot be called on a closed connection). Possibly consider using a shorter maxLifetime value.
[11:02:04:661] [WARN] - com.zaxxer.hikari.pool.PoolBase.isConnectionAlive(PoolBase.java:184) - data-pool- - Failed to validate connection org.mariadb.jdbc.Connection@510d1f8c ((conn=6872) Connection.setNetworkTimeout cannot be called on a closed connection). Possibly consider using a shorter maxLifetime value.
[11:05:24:650] [WARN] - com.zaxxer.hikari.pool.PoolBase.isConnectionAlive(PoolBase.java:184) - data-pool- - Failed to validate connection org.mariadb.jdbc.Connection@4cc85be6 ((conn=6877) Connection.setNetworkTimeout cannot be called on a closed connection). Possibly consider using a shorter maxLifetime value.
[11:05:24:650] [WARN] - com.zaxxer.hikari.pool.PoolBase.isConnectionAlive(PoolBase.java:184) - data-pool- - Failed to validate connection org.mariadb.jdbc.Connection@31394224 ((conn=6878) Connection.setNetworkTimeout cannot be called on a closed connection). Possibly consider using a shorter maxLifetime value.
[11:05:24:650] [WARN] - com.zaxxer.hikari.pool.PoolBase.isConnectionAlive(PoolBase.java:184) - data-pool- - Failed to validate connection org.mariadb.jdbc.Connection@74724879 ((conn=6879) Connection.setNetworkTimeout cannot be called on a closed connection). Possibly consider using a shorter maxLifetime value.
[11:07:24:661] [WARN] - com.zaxxer.hikari.pool.PoolBase.isConnectionAlive(PoolBase.java:184) - data-pool- - Failed to validate connection org.mariadb.jdbc.Connection@49cce498 ((conn=6882) Connection.setNetworkTimeout cannot be called on a closed connection). Possibly consider using a shorter maxLifetime value.
[11:10:34:659] [WARN] - com.zaxxer.hikari.pool.PoolBase.isConnectionAlive(PoolBase.java:184) - data-pool- - Failed to validate connection org.mariadb.jdbc.Connection@67a81b7b ((conn=6888) Connection.setNetworkTimeout cannot be called on a closed connection). Possibly consider using a shorter maxLifetime value.
[11:10:34:659] [WARN] - com.zaxxer.hikari.pool.PoolBase.isConnectionAlive(PoolBase.java:184) - data-pool- - Failed to validate connection org.mariadb.jdbc.Connection@19265352 ((conn=6887) Connection.setNetworkTimeout cannot be called on a closed connection). Possibly consider using a shorter maxLifetime value.
[11:10:34:661] [WARN] - com.zaxxer.hikari.pool.PoolBase.isConnectionAlive(PoolBase.java:184) - data-pool- - Failed to validate connection org.mariadb.jdbc.Connection@59117780 ((conn=6889) Connection.setNetworkTimeout cannot be called on a closed connection). Possibly consider using a shorter maxLifetime value.
[11:12:44:659] [WARN] - com.zaxxer.hikari.pool.PoolBase.isConnectionAlive(PoolBase.java:184) - data-pool- - Failed to validate connection org.mariadb.jdbc.Connection@72dd50c ((conn=6892) Connection.setNetworkTimeout cannot be called on a closed connection). Possibly consider using a shorter maxLifetime value.
[11:13:00:594] [WARN] - com.zaxxer.hikari.pool.PoolBase.isConnectionAlive(PoolBase.java:184) - data-pool- - Failed to validate connection org.mariadb.jdbc.Connection@3b2e90ba ((conn=6893) Connection.setNetworkTimeout cannot be called on a closed connection). Possibly consider using a shorter maxLifetime value.
[11:13:54:658] [WARN] - com.zaxxer.hikari.pool.PoolBase.isConnectionAlive(PoolBase.java:184) - data-pool- - Failed to validate connection org.mariadb.jdbc.Connection@66925f49 ((conn=6894) Connection.setNetworkTimeout cannot be called on a closed connection). Possibly consider using a shorter maxLifetime value.
[11:16:44:657] [WARN] - com.zaxxer.hikari.pool.PoolBase.isConnectionAlive(PoolBase.java:184) - data-pool- - Failed to validate connection org.mariadb.jdbc.Connection@1a0aed52 ((conn=6899) Connection.setNetworkTimeout cannot be called on a closed connection). Possibly consider using a shorter maxLifetime value.
[11:19:14:652] [WARN] - com.zaxxer.hikari.pool.PoolBase.isConnectionAlive(PoolBase.java:184) - data-pool- - Failed to validate connection org.mariadb.jdbc.Connection@46d38d60 ((conn=6904) Connection.setNetworkTimeout cannot be called on a closed connection). Possibly consider using a shorter maxLifetime value.
[11:19:14:652] [WARN] - com.zaxxer.hikari.pool.PoolBase.isConnectionAlive(PoolBase.java:184) - data-pool- - Failed to validate connection org.mariadb.jdbc.Connection@a0e3de6 ((conn=6903) Connection.setNetworkTimeout cannot be called on a closed connection). Possibly consider using a shorter maxLifetime value.
[11:22:24:656] [WARN] - com.zaxxer.hikari.pool.PoolBase.isConnectionAlive(PoolBase.java:184) - data-pool- - Failed to validate connection org.mariadb.jdbc.Connection@58a0eb56 ((conn=6910) Connection.setNetworkTimeout cannot be called on a closed connection). Possibly consider using a shorter maxLifetime value.
[11:25:14:664] [WARN] - com.zaxxer.hikari.pool.PoolBase.isConnectionAlive(PoolBase.java:184) - data-pool- - Failed to validate connection org.mariadb.jdbc.Connection@128dabe4 ((conn=6915) Connection.setNetworkTimeout cannot be called on a closed connection). Possibly consider using a shorter maxLifetime value.
[11:27:18:113] [WARN] - com.zaxxer.hikari.pool.PoolBase.isConnectionAlive(PoolBase.java:184) - data-pool- - Failed to validate connection org.mariadb.jdbc.Connection@2af05c83 ((conn=6918) Connection.setNetworkTimeout cannot be called on a closed connection). Possibly consider using a shorter maxLifetime value.
[11:30:56:554] [WARN] - com.zaxxer.hikari.pool.PoolBase.isConnectionAlive(PoolBase.java:184) - data-pool- - Failed to validate connection org.mariadb.jdbc.Connection@43b2e793 ((conn=6923) Connection.setNetworkTimeout cannot be called on a closed connection). Possibly consider using a shorter maxLifetime value.
[11:30:56:557] [WARN] - com.zaxxer.hikari.pool.PoolBase.isConnectionAlive(PoolBase.java:184) - data-pool- - Failed to validate connection org.mariadb.jdbc.Connection@135846cc ((conn=6924) Connection.setNetworkTimeout cannot be called on a closed connection). Possibly consider using a shorter maxLifetime value.
[11:30:56:560] [WARN] - com.zaxxer.hikari.pool.PoolBase.isConnectionAlive(PoolBase.java:184) - data-pool- - Failed to validate connection org.mariadb.jdbc.Connection@72736ba8 ((conn=6925) Connection.setNetworkTimeout cannot be called on a closed connection). Possibly consider using a shorter maxLifetime value.
[11:36:34:662] [WARN] - com.zaxxer.hikari.pool.PoolBase.isConnectionAlive(PoolBase.java:184) - data-pool- - Failed to validate connection org.mariadb.jdbc.Connection@6dd02011 ((conn=6934) Connection.setNetworkTimeout cannot be called on a closed connection). Possibly consider using a shorter maxLifetime value.
[11:36:47:845] [WARN] - com.zaxxer.hikari.pool.PoolBase.isConnectionAlive(PoolBase.java:184) - data-pool- - Failed to validate connection org.mariadb.jdbc.Connection@6f039135 ((conn=6935) Connection.setNetworkTimeout cannot be called on a closed connection). Possibly consider using a shorter maxLifetime value.
[11:39:44:655] [WARN] - com.zaxxer.hikari.pool.PoolBase.isConnectionAlive(PoolBase.java:184) - data-pool- - Failed to validate connection org.mariadb.jdbc.Connection@3e18142d ((conn=6940) Connection.setNetworkTimeout cannot be called on a closed connection). Possibly consider using a shorter maxLifetime value.
[11:39:44:655] [WARN] - com.zaxxer.hikari.pool.PoolBase.isConnectionAlive(PoolBase.java:184) - data-pool- - Failed to validate connection org.mariadb.jdbc.Connection@114f5833 ((conn=6939) Connection.setNetworkTimeout cannot be called on a closed connection). Possibly consider using a shorter maxLifetime value.
[11:39:44:659] [WARN] - com.zaxxer.hikari.pool.PoolBase.isConnectionAlive(PoolBase.java:184) - data-pool- - Failed to validate connection org.mariadb.jdbc.Connection@1a78e2ea ((conn=6941) Connection.setNetworkTimeout cannot be called on a closed connection). Possibly consider using a shorter maxLifetime value.
[11:48:14:660] [WARN] - com.zaxxer.hikari.pool.PoolBase.isConnectionAlive(PoolBase.java:184) - data-pool- - Failed to validate connection org.mariadb.jdbc.Connection@5579bdc9 ((conn=6955) Connection.setNetworkTimeout cannot be called on a closed connection). Possibly consider using a shorter maxLifetime value.
[11:48:14:660] [WARN] - com.zaxxer.hikari.pool.PoolBase.isConnectionAlive(PoolBase.java:184) - data-pool- - Failed to validate connection org.mariadb.jdbc.Connection@4eb86b22 ((conn=6954) Connection.setNetworkTimeout cannot be called on a closed connection). Possibly consider using a shorter maxLifetime value.
[11:51:24:653] [WARN] - com.zaxxer.hikari.pool.PoolBase.isConnectionAlive(PoolBase.java:184) - data-pool- - Failed to validate connection org.mariadb.jdbc.Connection@6898f631 ((conn=6961) Connection.setNetworkTimeout cannot be called on a closed connection). Possibly consider using a shorter maxLifetime value.
[11:51:24:653] [WARN] - com.zaxxer.hikari.pool.PoolBase.isConnectionAlive(PoolBase.java:184) - data-pool- - Failed to validate connection org.mariadb.jdbc.Connection@ef7a474 ((conn=6960) Connection.setNetworkTimeout cannot be called on a closed connection). Possibly consider using a shorter maxLifetime value.
[12:03:05:929] [WARN] - com.zaxxer.hikari.pool.PoolBase.isConnectionAlive(PoolBase.java:184) - data-pool- - Failed to validate connection org.mariadb.jdbc.Connection@1cb99381 ((conn=6980) Connection.setNetworkTimeout cannot be called on a closed connection). Possibly consider using a shorter maxLifetime value.
[12:03:05:931] [WARN] - com.zaxxer.hikari.pool.PoolBase.isConnectionAlive(PoolBase.java:184) - data-pool- - Failed to validate connection org.mariadb.jdbc.Connection@197d804d ((conn=6981) Connection.setNetworkTimeout cannot be called on a closed connection). Possibly consider using a shorter maxLifetime value.
[12:06:04:658] [WARN] - com.zaxxer.hikari.pool.PoolBase.isConnectionAlive(PoolBase.java:184) - data-pool- - Failed to validate connection org.mariadb.jdbc.Connection@53e0b5c9 ((conn=6986) Connection.setNetworkTimeout cannot be called on a closed connection). Possibly consider using a shorter maxLifetime value.
[12:12:18:606] [WARN] - com.zaxxer.hikari.pool.PoolBase.isConnectionAlive(PoolBase.java:184) - data-pool- - Failed to validate connection org.mariadb.jdbc.Connection@75f5b0b7 ((conn=6998) Connection.setNetworkTimeout cannot be called on a closed connection). Possibly consider using a shorter maxLifetime value.
[12:15:04:658] [WARN] - com.zaxxer.hikari.pool.PoolBase.isConnectionAlive(PoolBase.java:184) - data-pool- - Failed to validate connection org.mariadb.jdbc.Connection@74136de4 ((conn=7002) Connection.setNetworkTimeout cannot be called on a closed connection). Possibly consider using a shorter maxLifetime value.
[12:15:04:658] [WARN] - com.zaxxer.hikari.pool.PoolBase.isConnectionAlive(PoolBase.java:184) - data-pool- - Failed to validate connection org.mariadb.jdbc.Connection@5cafa2d7 ((conn=7004) Connection.setNetworkTimeout cannot be called on a closed connection). Possibly consider using a shorter maxLifetime value.
[12:15:04:658] [WARN] - com.zaxxer.hikari.pool.PoolBase.isConnectionAlive(PoolBase.java:184) - data-pool- - Failed to validate connection org.mariadb.jdbc.Connection@21780a2d ((conn=7003) Connection.setNetworkTimeout cannot be called on a closed connection). Possibly consider using a shorter maxLifetime value.
[12:23:54:661] [WARN] - com.zaxxer.hikari.pool.PoolBase.isConnectionAlive(PoolBase.java:184) - data-pool- - Failed to validate connection org.mariadb.jdbc.Connection@1b4b0ea9 ((conn=7017) Connection.setNetworkTimeout cannot be called on a closed connection). Possibly consider using a shorter maxLifetime value.
[12:23:54:661] [WARN] - com.zaxxer.hikari.pool.PoolBase.isConnectionAlive(PoolBase.java:184) - data-pool- - Failed to validate connection org.mariadb.jdbc.Connection@56100f51 ((conn=7019) Connection.setNetworkTimeout cannot be called on a closed connection). Possibly consider using a shorter maxLifetime value.
[12:23:54:661] [WARN] - com.zaxxer.hikari.pool.PoolBase.isConnectionAlive(PoolBase.java:184) - data-pool- - Failed to validate connection org.mariadb.jdbc.Connection@7b7804e9 ((conn=7018) Connection.setNetworkTimeout cannot be called on a closed connection). Possibly consider using a shorter maxLifetime value.
[12:26:47:605] [WARN] - com.zaxxer.hikari.pool.PoolBase.isConnectionAlive(PoolBase.java:184) - data-pool- - Failed to validate connection org.mariadb.jdbc.Connection@64df7729 ((conn=7023) Connection.setNetworkTimeout cannot be called on a closed connection). Possibly consider using a shorter maxLifetime value.
[13:43:22:989] [WARN] - com.zaxxer.hikari.pool.HikariPool$HouseKeeper.run(HikariPool.java:788) - data-pool- - Thread starvation or clock leap detected (housekeeper delta=1h12m5s376ms549µs900ns).
[13:57:44:584] [WARN] - com.zaxxer.hikari.pool.PoolBase.isConnectionAlive(PoolBase.java:184) - data-pool- - Failed to validate connection org.mariadb.jdbc.Connection@3baf5232 ((conn=7059) Connection.setNetworkTimeout cannot be called on a closed connection). Possibly consider using a shorter maxLifetime value.
[14:00:54:587] [WARN] - com.zaxxer.hikari.pool.PoolBase.isConnectionAlive(PoolBase.java:184) - data-pool- - Failed to validate connection org.mariadb.jdbc.Connection@3d118201 ((conn=7064) Connection.setNetworkTimeout cannot be called on a closed connection). Possibly consider using a shorter maxLifetime value.
[14:00:54:588] [WARN] - com.zaxxer.hikari.pool.PoolBase.isConnectionAlive(PoolBase.java:184) - data-pool- - Failed to validate connection org.mariadb.jdbc.Connection@3fc5c512 ((conn=7065) Connection.setNetworkTimeout cannot be called on a closed connection). Possibly consider using a shorter maxLifetime value.
[14:01:44:579] [WARN] - com.zaxxer.hikari.pool.PoolBase.isConnectionAlive(PoolBase.java:184) - data-pool- - Failed to validate connection org.mariadb.jdbc.Connection@12b5b22a ((conn=7066) Connection.setNetworkTimeout cannot be called on a closed connection). Possibly consider using a shorter maxLifetime value.
[14:04:04:573] [WARN] - com.zaxxer.hikari.pool.PoolBase.isConnectionAlive(PoolBase.java:184) - data-pool- - Failed to validate connection org.mariadb.jdbc.Connection@5dae09d3 ((conn=7070) Connection.setNetworkTimeout cannot be called on a closed connection). Possibly consider using a shorter maxLifetime value.
[14:04:04:575] [WARN] - com.zaxxer.hikari.pool.PoolBase.isConnectionAlive(PoolBase.java:184) - data-pool- - Failed to validate connection org.mariadb.jdbc.Connection@345c9b49 ((conn=7071) Connection.setNetworkTimeout cannot be called on a closed connection). Possibly consider using a shorter maxLifetime value.
[14:09:34:591] [WARN] - com.zaxxer.hikari.pool.PoolBase.isConnectionAlive(PoolBase.java:184) - data-pool- - Failed to validate connection org.mariadb.jdbc.Connection@7e652c2d ((conn=7079) Connection.setNetworkTimeout cannot be called on a closed connection). Possibly consider using a shorter maxLifetime value.
[14:09:45:462] [WARN] - com.zaxxer.hikari.pool.PoolBase.isConnectionAlive(PoolBase.java:184) - data-pool- - Failed to validate connection org.mariadb.jdbc.Connection@5cc22480 ((conn=7080) Connection.setNetworkTimeout cannot be called on a closed connection). Possibly consider using a shorter maxLifetime value.
[14:09:45:464] [WARN] - com.zaxxer.hikari.pool.PoolBase.isConnectionAlive(PoolBase.java:184) - data-pool- - Failed to validate connection org.mariadb.jdbc.Connection@24bf0ff3 ((conn=7081) Connection.setNetworkTimeout cannot be called on a closed connection). Possibly consider using a shorter maxLifetime value.
[14:09:45:464] [WARN] - com.zaxxer.hikari.pool.PoolBase.isConnectionAlive(PoolBase.java:184) - data-pool- - Failed to validate connection org.mariadb.jdbc.Connection@8c25e48 ((conn=7082) Connection.setNetworkTimeout cannot be called on a closed connection). Possibly consider using a shorter maxLifetime value.
[14:12:44:587] [WARN] - com.zaxxer.hikari.pool.PoolBase.isConnectionAlive(PoolBase.java:184) - data-pool- - Failed to validate connection org.mariadb.jdbc.Connection@44b47fce ((conn=7087) Connection.setNetworkTimeout cannot be called on a closed connection). Possibly consider using a shorter maxLifetime value.
[14:24:34:581] [WARN] - com.zaxxer.hikari.pool.PoolBase.isConnectionAlive(PoolBase.java:184) - data-pool- - Failed to validate connection org.mariadb.jdbc.Connection@5d3409da ((conn=7106) Connection.setNetworkTimeout cannot be called on a closed connection). Possibly consider using a shorter maxLifetime value.
[14:24:34:581] [WARN] - com.zaxxer.hikari.pool.PoolBase.isConnectionAlive(PoolBase.java:184) - data-pool- - Failed to validate connection org.mariadb.jdbc.Connection@5e75a853 ((conn=7107) Connection.setNetworkTimeout cannot be called on a closed connection). Possibly consider using a shorter maxLifetime value.
[14:33:24:575] [WARN] - com.zaxxer.hikari.pool.PoolBase.isConnectionAlive(PoolBase.java:184) - data-pool- - Failed to validate connection org.mariadb.jdbc.Connection@465c5120 ((conn=7122) Connection.setNetworkTimeout cannot be called on a closed connection). Possibly consider using a shorter maxLifetime value.
[14:35:34:582] [WARN] - com.zaxxer.hikari.pool.PoolBase.isConnectionAlive(PoolBase.java:184) - data-pool- - Failed to validate connection org.mariadb.jdbc.Connection@795c3157 ((conn=7126) Connection.setNetworkTimeout cannot be called on a closed connection). Possibly consider using a shorter maxLifetime value.
[14:38:44:576] [WARN] - com.zaxxer.hikari.pool.PoolBase.isConnectionAlive(PoolBase.java:184) - data-pool- - Failed to validate connection org.mariadb.jdbc.Connection@21502b5c ((conn=7130) Connection.setNetworkTimeout cannot be called on a closed connection). Possibly consider using a shorter maxLifetime value.
[14:38:44:578] [WARN] - com.zaxxer.hikari.pool.PoolBase.isConnectionAlive(PoolBase.java:184) - data-pool- - Failed to validate connection org.mariadb.jdbc.Connection@27bbf81d ((conn=7131) Connection.setNetworkTimeout cannot be called on a closed connection). Possibly consider using a shorter maxLifetime value.
[14:38:44:579] [WARN] - com.zaxxer.hikari.pool.PoolBase.isConnectionAlive(PoolBase.java:184) - data-pool- - Failed to validate connection org.mariadb.jdbc.Connection@3cc00622 ((conn=7132) Connection.setNetworkTimeout cannot be called on a closed connection). Possibly consider using a shorter maxLifetime value.
[14:41:34:590] [WARN] - com.zaxxer.hikari.pool.PoolBase.isConnectionAlive(PoolBase.java:184) - data-pool- - Failed to validate connection org.mariadb.jdbc.Connection@6b50d777 ((conn=7135) Connection.setNetworkTimeout cannot be called on a closed connection). Possibly consider using a shorter maxLifetime value.
[14:41:34:592] [WARN] - com.zaxxer.hikari.pool.PoolBase.isConnectionAlive(PoolBase.java:184) - data-pool- - Failed to validate connection org.mariadb.jdbc.Connection@5bd0b235 ((conn=7136) Connection.setNetworkTimeout cannot be called on a closed connection). Possibly consider using a shorter maxLifetime value.
[14:41:34:593] [WARN] - com.zaxxer.hikari.pool.PoolBase.isConnectionAlive(PoolBase.java:184) - data-pool- - Failed to validate connection org.mariadb.jdbc.Connection@7859960b ((conn=7137) Connection.setNetworkTimeout cannot be called on a closed connection). Possibly consider using a shorter maxLifetime value.
[23:12:34:178] [WARN] - com.zaxxer.hikari.pool.PoolBase.isConnectionAlive(PoolBase.java:184) - data-pool- - Failed to validate connection org.mariadb.jdbc.Connection@1ccb9328 ((conn=7140) Connection.setNetworkTimeout cannot be called on a closed connection). Possibly consider using a shorter maxLifetime value.
[23:12:34:247] [WARN] - com.zaxxer.hikari.pool.PoolBase.isConnectionAlive(PoolBase.java:184) - data-pool- - Failed to validate connection org.mariadb.jdbc.Connection@382cb5f0 ((conn=7141) Connection.setNetworkTimeout cannot be called on a closed connection). Possibly consider using a shorter maxLifetime value.
[23:12:34:247] [WARN] - com.zaxxer.hikari.pool.PoolBase.isConnectionAlive(PoolBase.java:184) - data-pool- - Failed to validate connection org.mariadb.jdbc.Connection@6be30fa6 ((conn=7142) Connection.setNetworkTimeout cannot be called on a closed connection). Possibly consider using a shorter maxLifetime value.
[23:12:56:146] [WARN] - com.zaxxer.hikari.pool.HikariPool$HouseKeeper.run(HikariPool.java:788) - data-pool- - Thread starvation or clock leap detected (housekeeper delta=8h28m59s615ms777µs100ns).
[23:21:34:514] [WARN] - com.zaxxer.hikari.pool.PoolBase.isConnectionAlive(PoolBase.java:184) - data-pool- - Failed to validate connection org.mariadb.jdbc.Connection@63061d1a ((conn=7157) Connection.setNetworkTimeout cannot be called on a closed connection). Possibly consider using a shorter maxLifetime value.
[23:21:34:517] [WARN] - com.zaxxer.hikari.pool.PoolBase.isConnectionAlive(PoolBase.java:184) - data-pool- - Failed to validate connection org.mariadb.jdbc.Connection@35376d16 ((conn=7158) Connection.setNetworkTimeout cannot be called on a closed connection). Possibly consider using a shorter maxLifetime value.
[23:27:04:506] [WARN] - com.zaxxer.hikari.pool.PoolBase.isConnectionAlive(PoolBase.java:184) - data-pool- - Failed to validate connection org.mariadb.jdbc.Connection@d090573 ((conn=7166) Connection.setNetworkTimeout cannot be called on a closed connection). Possibly consider using a shorter maxLifetime value.
[23:30:24:511] [WARN] - com.zaxxer.hikari.pool.PoolBase.isConnectionAlive(PoolBase.java:184) - data-pool- - Failed to validate connection org.mariadb.jdbc.Connection@32fc5d92 ((conn=7172) Connection.setNetworkTimeout cannot be called on a closed connection). Possibly consider using a shorter maxLifetime value.
[23:30:24:512] [WARN] - com.zaxxer.hikari.pool.PoolBase.isConnectionAlive(PoolBase.java:184) - data-pool- - Failed to validate connection org.mariadb.jdbc.Connection@6e151d9f ((conn=7173) Connection.setNetworkTimeout cannot be called on a closed connection). Possibly consider using a shorter maxLifetime value.
[10:32:34:087] [INFO] - my.utils.loggerUtils.info(loggerUtils.java:18) - 加载version文件完成！
[10:32:34:092] [INFO] - my.utils.loggerUtils.info(loggerUtils.java:18) - 加载nmb.apk完成！
[10:32:34:170] [INFO] - my.utils.loggerUtils.info(loggerUtils.java:18) - 实例化服务完成！
[10:32:34:425] [WARN] - com.zaxxer.hikari.HikariConfig.validateNumerics(HikariConfig.java:1084) - data-pool- - idleTimeout is close to or more than maxLifetime, disabling it.
[10:32:34:446] [INFO] - com.zaxxer.hikari.HikariDataSource.<init>(HikariDataSource.java:80) - data-pool- - Starting...
[10:32:34:585] [INFO] - com.zaxxer.hikari.HikariDataSource.<init>(HikariDataSource.java:82) - data-pool- - Start completed.
[10:32:35:182] [INFO] - my.utils.loggerUtils.info(loggerUtils.java:18) - 定时任务启动完成！
[10:32:35:778] [INFO] - my.utils.loggerUtils.info(loggerUtils.java:18) - 服务已经启动/9668
[10:36:05:183] [WARN] - com.zaxxer.hikari.pool.PoolBase.isConnectionAlive(PoolBase.java:184) - data-pool- - Failed to validate connection org.mariadb.jdbc.Connection@24ab4945 ((conn=7190) Connection.setNetworkTimeout cannot be called on a closed connection). Possibly consider using a shorter maxLifetime value.
[10:38:35:188] [WARN] - com.zaxxer.hikari.pool.PoolBase.isConnectionAlive(PoolBase.java:184) - data-pool- - Failed to validate connection org.mariadb.jdbc.Connection@531e3572 ((conn=7195) Connection.setNetworkTimeout cannot be called on a closed connection). Possibly consider using a shorter maxLifetime value.
[10:44:25:179] [WARN] - com.zaxxer.hikari.pool.PoolBase.isConnectionAlive(PoolBase.java:184) - data-pool- - Failed to validate connection org.mariadb.jdbc.Connection@62f6d2d2 ((conn=7203) Connection.setNetworkTimeout cannot be called on a closed connection). Possibly consider using a shorter maxLifetime value.
[10:44:25:181] [WARN] - com.zaxxer.hikari.pool.PoolBase.isConnectionAlive(PoolBase.java:184) - data-pool- - Failed to validate connection org.mariadb.jdbc.Connection@1312b2c3 ((conn=7204) Connection.setNetworkTimeout cannot be called on a closed connection). Possibly consider using a shorter maxLifetime value.
[10:44:25:182] [WARN] - com.zaxxer.hikari.pool.PoolBase.isConnectionAlive(PoolBase.java:184) - data-pool- - Failed to validate connection org.mariadb.jdbc.Connection@615c0c98 ((conn=7205) Connection.setNetworkTimeout cannot be called on a closed connection). Possibly consider using a shorter maxLifetime value.
[10:47:15:190] [WARN] - com.zaxxer.hikari.pool.PoolBase.isConnectionAlive(PoolBase.java:184) - data-pool- - Failed to validate connection org.mariadb.jdbc.Connection@30a35abd ((conn=7208) Connection.setNetworkTimeout cannot be called on a closed connection). Possibly consider using a shorter maxLifetime value.
[10:47:15:193] [WARN] - com.zaxxer.hikari.pool.PoolBase.isConnectionAlive(PoolBase.java:184) - data-pool- - Failed to validate connection org.mariadb.jdbc.Connection@52788cb7 ((conn=7209) Connection.setNetworkTimeout cannot be called on a closed connection). Possibly consider using a shorter maxLifetime value.
[10:50:15:181] [WARN] - com.zaxxer.hikari.pool.PoolBase.isConnectionAlive(PoolBase.java:184) - data-pool- - Failed to validate connection org.mariadb.jdbc.Connection@708a7807 ((conn=7213) Connection.setNetworkTimeout cannot be called on a closed connection). Possibly consider using a shorter maxLifetime value.
[10:50:15:182] [WARN] - com.zaxxer.hikari.pool.PoolBase.isConnectionAlive(PoolBase.java:184) - data-pool- - Failed to validate connection org.mariadb.jdbc.Connection@2ea91100 ((conn=7214) Connection.setNetworkTimeout cannot be called on a closed connection). Possibly consider using a shorter maxLifetime value.
[10:50:15:184] [WARN] - com.zaxxer.hikari.pool.PoolBase.isConnectionAlive(PoolBase.java:184) - data-pool- - Failed to validate connection org.mariadb.jdbc.Connection@425b7bc2 ((conn=7215) Connection.setNetworkTimeout cannot be called on a closed connection). Possibly consider using a shorter maxLifetime value.
[10:58:25:190] [WARN] - com.zaxxer.hikari.pool.PoolBase.isConnectionAlive(PoolBase.java:184) - data-pool- - Failed to validate connection org.mariadb.jdbc.Connection@65c51211 ((conn=7228) Connection.setNetworkTimeout cannot be called on a closed connection). Possibly consider using a shorter maxLifetime value.
[11:01:35:188] [WARN] - com.zaxxer.hikari.pool.PoolBase.isConnectionAlive(PoolBase.java:184) - data-pool- - Failed to validate connection org.mariadb.jdbc.Connection@2721fa4a ((conn=7233) Connection.setNetworkTimeout cannot be called on a closed connection). Possibly consider using a shorter maxLifetime value.
[11:04:45:189] [WARN] - com.zaxxer.hikari.pool.PoolBase.isConnectionAlive(PoolBase.java:184) - data-pool- - Failed to validate connection org.mariadb.jdbc.Connection@37fc1d47 ((conn=7238) Connection.setNetworkTimeout cannot be called on a closed connection). Possibly consider using a shorter maxLifetime value.
[11:04:45:192] [WARN] - com.zaxxer.hikari.pool.PoolBase.isConnectionAlive(PoolBase.java:184) - data-pool- - Failed to validate connection org.mariadb.jdbc.Connection@3ed28676 ((conn=7239) Connection.setNetworkTimeout cannot be called on a closed connection). Possibly consider using a shorter maxLifetime value.
[11:04:45:193] [WARN] - com.zaxxer.hikari.pool.PoolBase.isConnectionAlive(PoolBase.java:184) - data-pool- - Failed to validate connection org.mariadb.jdbc.Connection@54d1bedc ((conn=7240) Connection.setNetworkTimeout cannot be called on a closed connection). Possibly consider using a shorter maxLifetime value.
[11:07:45:192] [WARN] - com.zaxxer.hikari.pool.PoolBase.isConnectionAlive(PoolBase.java:184) - data-pool- - Failed to validate connection org.mariadb.jdbc.Connection@79ad1a3a ((conn=7245) Connection.setNetworkTimeout cannot be called on a closed connection). Possibly consider using a shorter maxLifetime value.
[11:10:15:189] [WARN] - com.zaxxer.hikari.pool.PoolBase.isConnectionAlive(PoolBase.java:184) - data-pool- - Failed to validate connection org.mariadb.jdbc.Connection@7f144f52 ((conn=7248) Connection.setNetworkTimeout cannot be called on a closed connection). Possibly consider using a shorter maxLifetime value.
[11:10:15:192] [WARN] - com.zaxxer.hikari.pool.PoolBase.isConnectionAlive(PoolBase.java:184) - data-pool- - Failed to validate connection org.mariadb.jdbc.Connection@24ee1eff ((conn=7250) Connection.setNetworkTimeout cannot be called on a closed connection). Possibly consider using a shorter maxLifetime value.
[11:10:15:192] [WARN] - com.zaxxer.hikari.pool.PoolBase.isConnectionAlive(PoolBase.java:184) - data-pool- - Failed to validate connection org.mariadb.jdbc.Connection@43cab5d7 ((conn=7249) Connection.setNetworkTimeout cannot be called on a closed connection). Possibly consider using a shorter maxLifetime value.
[11:12:25:196] [WARN] - com.zaxxer.hikari.pool.PoolBase.isConnectionAlive(PoolBase.java:184) - data-pool- - Failed to validate connection org.mariadb.jdbc.Connection@728c49b4 ((conn=7253) Connection.setNetworkTimeout cannot be called on a closed connection). Possibly consider using a shorter maxLifetime value.
[11:12:25:196] [WARN] - com.zaxxer.hikari.pool.PoolBase.isConnectionAlive(PoolBase.java:184) - data-pool- - Failed to validate connection org.mariadb.jdbc.Connection@4675d169 ((conn=7254) Connection.setNetworkTimeout cannot be called on a closed connection). Possibly consider using a shorter maxLifetime value.
[11:15:55:186] [WARN] - com.zaxxer.hikari.pool.PoolBase.isConnectionAlive(PoolBase.java:184) - data-pool- - Failed to validate connection org.mariadb.jdbc.Connection@56c7dcba ((conn=7259) Connection.setNetworkTimeout cannot be called on a closed connection). Possibly consider using a shorter maxLifetime value.
[11:15:55:188] [WARN] - com.zaxxer.hikari.pool.PoolBase.isConnectionAlive(PoolBase.java:184) - data-pool- - Failed to validate connection org.mariadb.jdbc.Connection@48519b00 ((conn=7260) Connection.setNetworkTimeout cannot be called on a closed connection). Possibly consider using a shorter maxLifetime value.
[11:18:45:193] [WARN] - com.zaxxer.hikari.pool.PoolBase.isConnectionAlive(PoolBase.java:184) - data-pool- - Failed to validate connection org.mariadb.jdbc.Connection@2a4d5d6c ((conn=7263) Connection.setNetworkTimeout cannot be called on a closed connection). Possibly consider using a shorter maxLifetime value.
[11:18:45:194] [WARN] - com.zaxxer.hikari.pool.PoolBase.isConnectionAlive(PoolBase.java:184) - data-pool- - Failed to validate connection org.mariadb.jdbc.Connection@54549ab3 ((conn=7264) Connection.setNetworkTimeout cannot be called on a closed connection). Possibly consider using a shorter maxLifetime value.
[11:18:45:195] [WARN] - com.zaxxer.hikari.pool.PoolBase.isConnectionAlive(PoolBase.java:184) - data-pool- - Failed to validate connection org.mariadb.jdbc.Connection@4654d4d1 ((conn=7265) Connection.setNetworkTimeout cannot be called on a closed connection). Possibly consider using a shorter maxLifetime value.
[11:20:55:185] [WARN] - com.zaxxer.hikari.pool.PoolBase.isConnectionAlive(PoolBase.java:184) - data-pool- - Failed to validate connection org.mariadb.jdbc.Connection@5ef84060 ((conn=7268) Connection.setNetworkTimeout cannot be called on a closed connection). Possibly consider using a shorter maxLifetime value.
[17:04:09:676] [WARN] - com.zaxxer.hikari.pool.PoolBase.isConnectionAlive(PoolBase.java:184) - data-pool- - Failed to validate connection org.mariadb.jdbc.Connection@29f0e024 ((conn=7273) Connection.setNetworkTimeout cannot be called on a closed connection). Possibly consider using a shorter maxLifetime value.
[17:04:09:676] [WARN] - com.zaxxer.hikari.pool.PoolBase.isConnectionAlive(PoolBase.java:184) - data-pool- - Failed to validate connection org.mariadb.jdbc.Connection@67891b1d ((conn=7274) Connection.setNetworkTimeout cannot be called on a closed connection). Possibly consider using a shorter maxLifetime value.
[17:04:09:676] [WARN] - com.zaxxer.hikari.pool.PoolBase.isConnectionAlive(PoolBase.java:184) - data-pool- - Failed to validate connection org.mariadb.jdbc.Connection@10157913 ((conn=7275) Connection.setNetworkTimeout cannot be called on a closed connection). Possibly consider using a shorter maxLifetime value.
[17:04:17:751] [WARN] - com.zaxxer.hikari.pool.HikariPool$HouseKeeper.run(HikariPool.java:788) - data-pool- - Thread starvation or clock leap detected (housekeeper delta=5h40m42s266ms589µs400ns).
[17:07:15:120] [WARN] - com.zaxxer.hikari.pool.PoolBase.isConnectionAlive(PoolBase.java:184) - data-pool- - Failed to validate connection org.mariadb.jdbc.Connection@1fd43d6 ((conn=7280) Connection.setNetworkTimeout cannot be called on a closed connection). Possibly consider using a shorter maxLifetime value.
[17:07:15:121] [WARN] - com.zaxxer.hikari.pool.PoolBase.isConnectionAlive(PoolBase.java:184) - data-pool- - Failed to validate connection org.mariadb.jdbc.Connection@664c9d41 ((conn=7281) Connection.setNetworkTimeout cannot be called on a closed connection). Possibly consider using a shorter maxLifetime value.
[17:16:05:119] [WARN] - com.zaxxer.hikari.pool.PoolBase.isConnectionAlive(PoolBase.java:184) - data-pool- - Failed to validate connection org.mariadb.jdbc.Connection@17444d18 ((conn=7296) Connection.setNetworkTimeout cannot be called on a closed connection). Possibly consider using a shorter maxLifetime value.
[17:16:05:119] [WARN] - com.zaxxer.hikari.pool.PoolBase.isConnectionAlive(PoolBase.java:184) - data-pool- - Failed to validate connection org.mariadb.jdbc.Connection@44c4c384 ((conn=7295) Connection.setNetworkTimeout cannot be called on a closed connection). Possibly consider using a shorter maxLifetime value.
[17:22:45:121] [WARN] - com.zaxxer.hikari.pool.PoolBase.isConnectionAlive(PoolBase.java:184) - data-pool- - Failed to validate connection org.mariadb.jdbc.Connection@787e1c63 ((conn=7307) Connection.setNetworkTimeout cannot be called on a closed connection). Possibly consider using a shorter maxLifetime value.
[17:24:55:116] [WARN] - com.zaxxer.hikari.pool.PoolBase.isConnectionAlive(PoolBase.java:184) - data-pool- - Failed to validate connection org.mariadb.jdbc.Connection@143ba173 ((conn=7311) Connection.setNetworkTimeout cannot be called on a closed connection). Possibly consider using a shorter maxLifetime value.
[17:25:05:108] [WARN] - com.zaxxer.hikari.pool.PoolBase.isConnectionAlive(PoolBase.java:184) - data-pool- - Failed to validate connection org.mariadb.jdbc.Connection@477f7836 ((conn=7312) Connection.setNetworkTimeout cannot be called on a closed connection). Possibly consider using a shorter maxLifetime value.
[17:27:15:117] [WARN] - com.zaxxer.hikari.pool.PoolBase.isConnectionAlive(PoolBase.java:184) - data-pool- - Failed to validate connection org.mariadb.jdbc.Connection@4486ab78 ((conn=7315) Connection.setNetworkTimeout cannot be called on a closed connection). Possibly consider using a shorter maxLifetime value.
[17:30:35:117] [WARN] - com.zaxxer.hikari.pool.PoolBase.isConnectionAlive(PoolBase.java:184) - data-pool- - Failed to validate connection org.mariadb.jdbc.Connection@73a99432 ((conn=7320) Connection.setNetworkTimeout cannot be called on a closed connection). Possibly consider using a shorter maxLifetime value.
[17:30:35:119] [WARN] - com.zaxxer.hikari.pool.PoolBase.isConnectionAlive(PoolBase.java:184) - data-pool- - Failed to validate connection org.mariadb.jdbc.Connection@3c25f7e4 ((conn=7321) Connection.setNetworkTimeout cannot be called on a closed connection). Possibly consider using a shorter maxLifetime value.
[17:30:35:120] [WARN] - com.zaxxer.hikari.pool.PoolBase.isConnectionAlive(PoolBase.java:184) - data-pool- - Failed to validate connection org.mariadb.jdbc.Connection@24e9526b ((conn=7322) Connection.setNetworkTimeout cannot be called on a closed connection). Possibly consider using a shorter maxLifetime value.
[17:33:45:121] [WARN] - com.zaxxer.hikari.pool.PoolBase.isConnectionAlive(PoolBase.java:184) - data-pool- - Failed to validate connection org.mariadb.jdbc.Connection@23e28805 ((conn=7327) Connection.setNetworkTimeout cannot be called on a closed connection). Possibly consider using a shorter maxLifetime value.
[17:39:35:109] [WARN] - com.zaxxer.hikari.pool.PoolBase.isConnectionAlive(PoolBase.java:184) - data-pool- - Failed to validate connection org.mariadb.jdbc.Connection@1e0e48ee ((conn=7337) Connection.setNetworkTimeout cannot be called on a closed connection). Possibly consider using a shorter maxLifetime value.
[17:44:55:122] [WARN] - com.zaxxer.hikari.pool.PoolBase.isConnectionAlive(PoolBase.java:184) - data-pool- - Failed to validate connection org.mariadb.jdbc.Connection@25091ab5 ((conn=7345) Connection.setNetworkTimeout cannot be called on a closed connection). Possibly consider using a shorter maxLifetime value.
[17:48:05:120] [WARN] - com.zaxxer.hikari.pool.PoolBase.isConnectionAlive(PoolBase.java:184) - data-pool- - Failed to validate connection org.mariadb.jdbc.Connection@1e7ccffa ((conn=7352) Connection.setNetworkTimeout cannot be called on a closed connection). Possibly consider using a shorter maxLifetime value.
[17:51:25:108] [WARN] - com.zaxxer.hikari.pool.PoolBase.isConnectionAlive(PoolBase.java:184) - data-pool- - Failed to validate connection org.mariadb.jdbc.Connection@7788d005 ((conn=7358) Connection.setNetworkTimeout cannot be called on a closed connection). Possibly consider using a shorter maxLifetime value.
[17:54:15:108] [WARN] - com.zaxxer.hikari.pool.PoolBase.isConnectionAlive(PoolBase.java:184) - data-pool- - Failed to validate connection org.mariadb.jdbc.Connection@6d64caad ((conn=7362) Connection.setNetworkTimeout cannot be called on a closed connection). Possibly consider using a shorter maxLifetime value.
[17:54:15:110] [WARN] - com.zaxxer.hikari.pool.PoolBase.isConnectionAlive(PoolBase.java:184) - data-pool- - Failed to validate connection org.mariadb.jdbc.Connection@33bfb188 ((conn=7363) Connection.setNetworkTimeout cannot be called on a closed connection). Possibly consider using a shorter maxLifetime value.
[17:56:35:120] [WARN] - com.zaxxer.hikari.pool.PoolBase.isConnectionAlive(PoolBase.java:184) - data-pool- - Failed to validate connection org.mariadb.jdbc.Connection@5952ef6a ((conn=7366) Connection.setNetworkTimeout cannot be called on a closed connection). Possibly consider using a shorter maxLifetime value.
[17:56:35:123] [WARN] - com.zaxxer.hikari.pool.PoolBase.isConnectionAlive(PoolBase.java:184) - data-pool- - Failed to validate connection org.mariadb.jdbc.Connection@602e46d3 ((conn=7367) Connection.setNetworkTimeout cannot be called on a closed connection). Possibly consider using a shorter maxLifetime value.
[17:56:35:123] [WARN] - com.zaxxer.hikari.pool.PoolBase.isConnectionAlive(PoolBase.java:184) - data-pool- - Failed to validate connection org.mariadb.jdbc.Connection@3c458b3d ((conn=7368) Connection.setNetworkTimeout cannot be called on a closed connection). Possibly consider using a shorter maxLifetime value.
[17:59:45:123] [WARN] - com.zaxxer.hikari.pool.PoolBase.isConnectionAlive(PoolBase.java:184) - data-pool- - Failed to validate connection org.mariadb.jdbc.Connection@55479f01 ((conn=7372) Connection.setNetworkTimeout cannot be called on a closed connection). Possibly consider using a shorter maxLifetime value.
[17:59:45:123] [WARN] - com.zaxxer.hikari.pool.PoolBase.isConnectionAlive(PoolBase.java:184) - data-pool- - Failed to validate connection org.mariadb.jdbc.Connection@3235db8f ((conn=7373) Connection.setNetworkTimeout cannot be called on a closed connection). Possibly consider using a shorter maxLifetime value.
[18:08:35:115] [WARN] - com.zaxxer.hikari.pool.PoolBase.isConnectionAlive(PoolBase.java:184) - data-pool- - Failed to validate connection org.mariadb.jdbc.Connection@7f58d73a ((conn=7387) Connection.setNetworkTimeout cannot be called on a closed connection). Possibly consider using a shorter maxLifetime value.
[18:08:35:119] [WARN] - com.zaxxer.hikari.pool.PoolBase.isConnectionAlive(PoolBase.java:184) - data-pool- - Failed to validate connection org.mariadb.jdbc.Connection@6b6269fb ((conn=7388) Connection.setNetworkTimeout cannot be called on a closed connection). Possibly consider using a shorter maxLifetime value.
[18:17:25:111] [WARN] - com.zaxxer.hikari.pool.PoolBase.isConnectionAlive(PoolBase.java:184) - data-pool- - Failed to validate connection org.mariadb.jdbc.Connection@1132573 ((conn=7402) Connection.setNetworkTimeout cannot be called on a closed connection). Possibly consider using a shorter maxLifetime value.
[18:17:25:116] [WARN] - com.zaxxer.hikari.pool.PoolBase.isConnectionAlive(PoolBase.java:184) - data-pool- - Failed to validate connection org.mariadb.jdbc.Connection@2ea01298 ((conn=7404) Connection.setNetworkTimeout cannot be called on a closed connection). Possibly consider using a shorter maxLifetime value.
[18:17:25:117] [WARN] - com.zaxxer.hikari.pool.PoolBase.isConnectionAlive(PoolBase.java:184) - data-pool- - Failed to validate connection org.mariadb.jdbc.Connection@26dc3e77 ((conn=7403) Connection.setNetworkTimeout cannot be called on a closed connection). Possibly consider using a shorter maxLifetime value.
[18:26:55:106] [WARN] - com.zaxxer.hikari.pool.PoolBase.isConnectionAlive(PoolBase.java:184) - data-pool- - Failed to validate connection org.mariadb.jdbc.Connection@11e8421f ((conn=7420) Connection.setNetworkTimeout cannot be called on a closed connection). Possibly consider using a shorter maxLifetime value.
[18:29:35:109] [WARN] - com.zaxxer.hikari.pool.PoolBase.isConnectionAlive(PoolBase.java:184) - data-pool- - Failed to validate connection org.mariadb.jdbc.Connection@781b847d ((conn=7425) Connection.setNetworkTimeout cannot be called on a closed connection). Possibly consider using a shorter maxLifetime value.
[22:32:57:591] [WARN] - com.zaxxer.hikari.pool.HikariPool$HouseKeeper.run(HikariPool.java:788) - data-pool- - Thread starvation or clock leap detected (housekeeper delta=3h57m33s767ms274µs100ns).
[22:56:35:041] [WARN] - com.zaxxer.hikari.pool.PoolBase.isConnectionAlive(PoolBase.java:184) - data-pool- - Failed to validate connection org.mariadb.jdbc.Connection@196ea3da ((conn=7478) Connection.setNetworkTimeout cannot be called on a closed connection). Possibly consider using a shorter maxLifetime value.
[22:56:35:043] [WARN] - com.zaxxer.hikari.pool.PoolBase.isConnectionAlive(PoolBase.java:184) - data-pool- - Failed to validate connection org.mariadb.jdbc.Connection@3a344046 ((conn=7479) Connection.setNetworkTimeout cannot be called on a closed connection). Possibly consider using a shorter maxLifetime value.
[22:56:35:043] [WARN] - com.zaxxer.hikari.pool.PoolBase.isConnectionAlive(PoolBase.java:184) - data-pool- - Failed to validate connection org.mariadb.jdbc.Connection@302996d5 ((conn=7480) Connection.setNetworkTimeout cannot be called on a closed connection). Possibly consider using a shorter maxLifetime value.
[22:56:35:045] [WARN] - com.zaxxer.hikari.pool.PoolBase.isConnectionAlive(PoolBase.java:184) - data-pool- - Failed to validate connection org.mariadb.jdbc.Connection@2e379706 ((conn=7481) Connection.setNetworkTimeout cannot be called on a closed connection). Possibly consider using a shorter maxLifetime value.
[23:11:25:035] [WARN] - com.zaxxer.hikari.pool.PoolBase.isConnectionAlive(PoolBase.java:184) - data-pool- - Failed to validate connection org.mariadb.jdbc.Connection@28505400 ((conn=7504) Connection.setNetworkTimeout cannot be called on a closed connection). Possibly consider using a shorter maxLifetime value.
[23:11:25:036] [WARN] - com.zaxxer.hikari.pool.PoolBase.isConnectionAlive(PoolBase.java:184) - data-pool- - Failed to validate connection org.mariadb.jdbc.Connection@2de9812d ((conn=7505) Connection.setNetworkTimeout cannot be called on a closed connection). Possibly consider using a shorter maxLifetime value.
[23:11:25:037] [WARN] - com.zaxxer.hikari.pool.PoolBase.isConnectionAlive(PoolBase.java:184) - data-pool- - Failed to validate connection org.mariadb.jdbc.Connection@3cd62e7d ((conn=7506) Connection.setNetworkTimeout cannot be called on a closed connection). Possibly consider using a shorter maxLifetime value.
[23:13:45:049] [WARN] - com.zaxxer.hikari.pool.PoolBase.isConnectionAlive(PoolBase.java:184) - data-pool- - Failed to validate connection org.mariadb.jdbc.Connection@63e2ee68 ((conn=7509) Connection.setNetworkTimeout cannot be called on a closed connection). Possibly consider using a shorter maxLifetime value.
[06:07:30:273] [WARN] - com.zaxxer.hikari.pool.HikariPool$HouseKeeper.run(HikariPool.java:788) - data-pool- - Thread starvation or clock leap detected (housekeeper delta=6h51m28s962ms612µs700ns).
[06:13:24:968] [WARN] - com.zaxxer.hikari.pool.PoolBase.isConnectionAlive(PoolBase.java:184) - data-pool- - Failed to validate connection org.mariadb.jdbc.Connection@713dc28b ((conn=7525) Connection.setNetworkTimeout cannot be called on a closed connection). Possibly consider using a shorter maxLifetime value.
[06:13:24:969] [WARN] - com.zaxxer.hikari.pool.PoolBase.isConnectionAlive(PoolBase.java:184) - data-pool- - Failed to validate connection org.mariadb.jdbc.Connection@1d60de6d ((conn=7526) Connection.setNetworkTimeout cannot be called on a closed connection). Possibly consider using a shorter maxLifetime value.
[06:28:14:973] [WARN] - com.zaxxer.hikari.pool.PoolBase.isConnectionAlive(PoolBase.java:184) - data-pool- - Failed to validate connection org.mariadb.jdbc.Connection@168bb3b2 ((conn=7549) Connection.setNetworkTimeout cannot be called on a closed connection). Possibly consider using a shorter maxLifetime value.
[06:28:14:974] [WARN] - com.zaxxer.hikari.pool.PoolBase.isConnectionAlive(PoolBase.java:184) - data-pool- - Failed to validate connection org.mariadb.jdbc.Connection@157c3544 ((conn=7550) Connection.setNetworkTimeout cannot be called on a closed connection). Possibly consider using a shorter maxLifetime value.
[06:28:14:975] [WARN] - com.zaxxer.hikari.pool.PoolBase.isConnectionAlive(PoolBase.java:184) - data-pool- - Failed to validate connection org.mariadb.jdbc.Connection@7b7e81ca ((conn=7551) Connection.setNetworkTimeout cannot be called on a closed connection). Possibly consider using a shorter maxLifetime value.
[06:48:54:967] [WARN] - com.zaxxer.hikari.pool.PoolBase.isConnectionAlive(PoolBase.java:184) - data-pool- - Failed to validate connection org.mariadb.jdbc.Connection@2c794e9 ((conn=7584) Connection.setNetworkTimeout cannot be called on a closed connection). Possibly consider using a shorter maxLifetime value.
[06:51:04:967] [WARN] - com.zaxxer.hikari.pool.PoolBase.isConnectionAlive(PoolBase.java:184) - data-pool- - Failed to validate connection org.mariadb.jdbc.Connection@40893cfe ((conn=7589) Connection.setNetworkTimeout cannot be called on a closed connection). Possibly consider using a shorter maxLifetime value.
[06:51:04:969] [WARN] - com.zaxxer.hikari.pool.PoolBase.isConnectionAlive(PoolBase.java:184) - data-pool- - Failed to validate connection org.mariadb.jdbc.Connection@3e4f4322 ((conn=7590) Connection.setNetworkTimeout cannot be called on a closed connection). Possibly consider using a shorter maxLifetime value.
[06:54:14:967] [WARN] - com.zaxxer.hikari.pool.PoolBase.isConnectionAlive(PoolBase.java:184) - data-pool- - Failed to validate connection org.mariadb.jdbc.Connection@40697efd ((conn=7595) Connection.setNetworkTimeout cannot be called on a closed connection). Possibly consider using a shorter maxLifetime value.
[06:57:14:976] [WARN] - com.zaxxer.hikari.pool.PoolBase.isConnectionAlive(PoolBase.java:184) - data-pool- - Failed to validate connection org.mariadb.jdbc.Connection@2c7a45d4 ((conn=7600) Connection.setNetworkTimeout cannot be called on a closed connection). Possibly consider using a shorter maxLifetime value.
[06:57:14:977] [WARN] - com.zaxxer.hikari.pool.PoolBase.isConnectionAlive(PoolBase.java:184) - data-pool- - Failed to validate connection org.mariadb.jdbc.Connection@1472cf57 ((conn=7601) Connection.setNetworkTimeout cannot be called on a closed connection). Possibly consider using a shorter maxLifetime value.
[07:02:54:965] [WARN] - com.zaxxer.hikari.pool.PoolBase.isConnectionAlive(PoolBase.java:184) - data-pool- - Failed to validate connection org.mariadb.jdbc.Connection@4a93000a ((conn=7609) Connection.setNetworkTimeout cannot be called on a closed connection). Possibly consider using a shorter maxLifetime value.
[07:02:54:967] [WARN] - com.zaxxer.hikari.pool.PoolBase.isConnectionAlive(PoolBase.java:184) - data-pool- - Failed to validate connection org.mariadb.jdbc.Connection@4c113731 ((conn=7610) Connection.setNetworkTimeout cannot be called on a closed connection). Possibly consider using a shorter maxLifetime value.
[07:06:04:973] [WARN] - com.zaxxer.hikari.pool.PoolBase.isConnectionAlive(PoolBase.java:184) - data-pool- - Failed to validate connection org.mariadb.jdbc.Connection@1545a1bb ((conn=7616) Connection.setNetworkTimeout cannot be called on a closed connection). Possibly consider using a shorter maxLifetime value.
[07:11:24:966] [WARN] - com.zaxxer.hikari.pool.PoolBase.isConnectionAlive(PoolBase.java:184) - data-pool- - Failed to validate connection org.mariadb.jdbc.Connection@2f56abf6 ((conn=7624) Connection.setNetworkTimeout cannot be called on a closed connection). Possibly consider using a shorter maxLifetime value.
[07:11:24:968] [WARN] - com.zaxxer.hikari.pool.PoolBase.isConnectionAlive(PoolBase.java:184) - data-pool- - Failed to validate connection org.mariadb.jdbc.Connection@7ead2ff9 ((conn=7625) Connection.setNetworkTimeout cannot be called on a closed connection). Possibly consider using a shorter maxLifetime value.
[07:11:54:968] [WARN] - com.zaxxer.hikari.pool.PoolBase.isConnectionAlive(PoolBase.java:184) - data-pool- - Failed to validate connection org.mariadb.jdbc.Connection@4e71e1c5 ((conn=7626) Connection.setNetworkTimeout cannot be called on a closed connection). Possibly consider using a shorter maxLifetime value.
[07:14:34:977] [WARN] - com.zaxxer.hikari.pool.PoolBase.isConnectionAlive(PoolBase.java:184) - data-pool- - Failed to validate connection org.mariadb.jdbc.Connection@7cbbfb14 ((conn=7629) Connection.setNetworkTimeout cannot be called on a closed connection). Possibly consider using a shorter maxLifetime value.
[07:14:34:979] [WARN] - com.zaxxer.hikari.pool.PoolBase.isConnectionAlive(PoolBase.java:184) - data-pool- - Failed to validate connection org.mariadb.jdbc.Connection@187d6d65 ((conn=7630) Connection.setNetworkTimeout cannot be called on a closed connection). Possibly consider using a shorter maxLifetime value.
[07:14:34:979] [WARN] - com.zaxxer.hikari.pool.PoolBase.isConnectionAlive(PoolBase.java:184) - data-pool- - Failed to validate connection org.mariadb.jdbc.Connection@41ffaf92 ((conn=7631) Connection.setNetworkTimeout cannot be called on a closed connection). Possibly consider using a shorter maxLifetime value.
[07:23:14:978] [WARN] - com.zaxxer.hikari.pool.PoolBase.isConnectionAlive(PoolBase.java:184) - data-pool- - Failed to validate connection org.mariadb.jdbc.Connection@54059ba1 ((conn=7645) Connection.setNetworkTimeout cannot be called on a closed connection). Possibly consider using a shorter maxLifetime value.
[07:23:14:978] [WARN] - com.zaxxer.hikari.pool.PoolBase.isConnectionAlive(PoolBase.java:184) - data-pool- - Failed to validate connection org.mariadb.jdbc.Connection@6a5b2d14 ((conn=7646) Connection.setNetworkTimeout cannot be called on a closed connection). Possibly consider using a shorter maxLifetime value.
[07:25:24:966] [WARN] - com.zaxxer.hikari.pool.PoolBase.isConnectionAlive(PoolBase.java:184) - data-pool- - Failed to validate connection org.mariadb.jdbc.Connection@788cc417 ((conn=7649) Connection.setNetworkTimeout cannot be called on a closed connection). Possibly consider using a shorter maxLifetime value.
[07:26:24:969] [WARN] - com.zaxxer.hikari.pool.PoolBase.isConnectionAlive(PoolBase.java:184) - data-pool- - Failed to validate connection org.mariadb.jdbc.Connection@6e48cca2 ((conn=7651) Connection.setNetworkTimeout cannot be called on a closed connection). Possibly consider using a shorter maxLifetime value.
[07:28:34:980] [WARN] - com.zaxxer.hikari.pool.PoolBase.isConnectionAlive(PoolBase.java:184) - data-pool- - Failed to validate connection org.mariadb.jdbc.Connection@5421c27b ((conn=7654) Connection.setNetworkTimeout cannot be called on a closed connection). Possibly consider using a shorter maxLifetime value.
[07:31:44:971] [WARN] - com.zaxxer.hikari.pool.PoolBase.isConnectionAlive(PoolBase.java:184) - data-pool- - Failed to validate connection org.mariadb.jdbc.Connection@30ad0385 ((conn=7660) Connection.setNetworkTimeout cannot be called on a closed connection). Possibly consider using a shorter maxLifetime value.
[07:31:44:974] [WARN] - com.zaxxer.hikari.pool.PoolBase.isConnectionAlive(PoolBase.java:184) - data-pool- - Failed to validate connection org.mariadb.jdbc.Connection@5e61b80d ((conn=7661) Connection.setNetworkTimeout cannot be called on a closed connection). Possibly consider using a shorter maxLifetime value.
[07:34:44:971] [WARN] - com.zaxxer.hikari.pool.PoolBase.isConnectionAlive(PoolBase.java:184) - data-pool- - Failed to validate connection org.mariadb.jdbc.Connection@23ae7177 ((conn=7666) Connection.setNetworkTimeout cannot be called on a closed connection). Possibly consider using a shorter maxLifetime value.
[07:37:04:970] [WARN] - com.zaxxer.hikari.pool.PoolBase.isConnectionAlive(PoolBase.java:184) - data-pool- - Failed to validate connection org.mariadb.jdbc.Connection@306cd84c ((conn=7669) Connection.setNetworkTimeout cannot be called on a closed connection). Possibly consider using a shorter maxLifetime value.
[07:37:04:973] [WARN] - com.zaxxer.hikari.pool.PoolBase.isConnectionAlive(PoolBase.java:184) - data-pool- - Failed to validate connection org.mariadb.jdbc.Connection@66ae8f35 ((conn=7670) Connection.setNetworkTimeout cannot be called on a closed connection). Possibly consider using a shorter maxLifetime value.
[07:37:04:974] [WARN] - com.zaxxer.hikari.pool.PoolBase.isConnectionAlive(PoolBase.java:184) - data-pool- - Failed to validate connection org.mariadb.jdbc.Connection@40d76323 ((conn=7671) Connection.setNetworkTimeout cannot be called on a closed connection). Possibly consider using a shorter maxLifetime value.
[07:40:14:974] [WARN] - com.zaxxer.hikari.pool.PoolBase.isConnectionAlive(PoolBase.java:184) - data-pool- - Failed to validate connection org.mariadb.jdbc.Connection@7262e4c0 ((conn=7676) Connection.setNetworkTimeout cannot be called on a closed connection). Possibly consider using a shorter maxLifetime value.
[07:48:44:974] [WARN] - com.zaxxer.hikari.pool.PoolBase.isConnectionAlive(PoolBase.java:184) - data-pool- - Failed to validate connection org.mariadb.jdbc.Connection@7879c95c ((conn=7689) Connection.setNetworkTimeout cannot be called on a closed connection). Possibly consider using a shorter maxLifetime value.
[07:52:04:962] [WARN] - com.zaxxer.hikari.pool.PoolBase.isConnectionAlive(PoolBase.java:184) - data-pool- - Failed to validate connection org.mariadb.jdbc.Connection@2f5c162e ((conn=7696) Connection.setNetworkTimeout cannot be called on a closed connection). Possibly consider using a shorter maxLifetime value.
[08:00:25:000] [WARN] - com.zaxxer.hikari.pool.PoolBase.isConnectionAlive(PoolBase.java:184) - data-pool- - Failed to validate connection org.mariadb.jdbc.Connection@13c48705 ((conn=7709) Connection.setNetworkTimeout cannot be called on a closed connection). Possibly consider using a shorter maxLifetime value.
[08:03:35:021] [WARN] - com.zaxxer.hikari.pool.PoolBase.isConnectionAlive(PoolBase.java:184) - data-pool- - Failed to validate connection org.mariadb.jdbc.Connection@caed724 ((conn=7714) Connection.setNetworkTimeout cannot be called on a closed connection). Possibly consider using a shorter maxLifetime value.
[08:03:35:022] [WARN] - com.zaxxer.hikari.pool.PoolBase.isConnectionAlive(PoolBase.java:184) - data-pool- - Failed to validate connection org.mariadb.jdbc.Connection@483964b0 ((conn=7715) Connection.setNetworkTimeout cannot be called on a closed connection). Possibly consider using a shorter maxLifetime value.
[08:03:35:024] [WARN] - com.zaxxer.hikari.pool.PoolBase.isConnectionAlive(PoolBase.java:184) - data-pool- - Failed to validate connection org.mariadb.jdbc.Connection@60be7836 ((conn=7716) Connection.setNetworkTimeout cannot be called on a closed connection). Possibly consider using a shorter maxLifetime value.
[08:18:55:117] [WARN] - com.zaxxer.hikari.pool.PoolBase.isConnectionAlive(PoolBase.java:184) - data-pool- - Failed to validate connection org.mariadb.jdbc.Connection@631f2ad0 ((conn=7742) Connection.setNetworkTimeout cannot be called on a closed connection). Possibly consider using a shorter maxLifetime value.
[08:21:25:129] [WARN] - com.zaxxer.hikari.pool.PoolBase.isConnectionAlive(PoolBase.java:184) - data-pool- - Failed to validate connection org.mariadb.jdbc.Connection@5451e3ca ((conn=7747) Connection.setNetworkTimeout cannot be called on a closed connection). Possibly consider using a shorter maxLifetime value.
[08:27:15:164] [WARN] - com.zaxxer.hikari.pool.PoolBase.isConnectionAlive(PoolBase.java:184) - data-pool- - Failed to validate connection org.mariadb.jdbc.Connection@4098388 ((conn=7757) Connection.setNetworkTimeout cannot be called on a closed connection). Possibly consider using a shorter maxLifetime value.
[08:27:15:164] [WARN] - com.zaxxer.hikari.pool.PoolBase.isConnectionAlive(PoolBase.java:184) - data-pool- - Failed to validate connection org.mariadb.jdbc.Connection@76ef0800 ((conn=7756) Connection.setNetworkTimeout cannot be called on a closed connection). Possibly consider using a shorter maxLifetime value.
[08:27:15:164] [WARN] - com.zaxxer.hikari.pool.PoolBase.isConnectionAlive(PoolBase.java:184) - data-pool- - Failed to validate connection org.mariadb.jdbc.Connection@15b2d227 ((conn=7755) Connection.setNetworkTimeout cannot be called on a closed connection). Possibly consider using a shorter maxLifetime value.
[08:42:05:220] [WARN] - com.zaxxer.hikari.pool.PoolBase.isConnectionAlive(PoolBase.java:184) - data-pool- - Failed to validate connection org.mariadb.jdbc.Connection@58ed098b ((conn=7783) Connection.setNetworkTimeout cannot be called on a closed connection). Possibly consider using a shorter maxLifetime value.
[08:42:05:222] [WARN] - com.zaxxer.hikari.pool.PoolBase.isConnectionAlive(PoolBase.java:184) - data-pool- - Failed to validate connection org.mariadb.jdbc.Connection@6646744b ((conn=7782) Connection.setNetworkTimeout cannot be called on a closed connection). Possibly consider using a shorter maxLifetime value.
[11:13:39:258] [WARN] - com.zaxxer.hikari.pool.HikariPool$HouseKeeper.run(HikariPool.java:788) - data-pool- - Thread starvation or clock leap detected (housekeeper delta=2h31m2s990ms457µs200ns).
[11:31:25:163] [WARN] - com.zaxxer.hikari.pool.PoolBase.isConnectionAlive(PoolBase.java:184) - data-pool- - Failed to validate connection org.mariadb.jdbc.Connection@67f56c6f ((conn=7818) Connection.setNetworkTimeout cannot be called on a closed connection). Possibly consider using a shorter maxLifetime value.
[11:33:45:157] [WARN] - com.zaxxer.hikari.pool.PoolBase.isConnectionAlive(PoolBase.java:184) - data-pool- - Failed to validate connection org.mariadb.jdbc.Connection@16a481ff ((conn=7821) Connection.setNetworkTimeout cannot be called on a closed connection). Possibly consider using a shorter maxLifetime value.
[11:33:45:158] [WARN] - com.zaxxer.hikari.pool.PoolBase.isConnectionAlive(PoolBase.java:184) - data-pool- - Failed to validate connection org.mariadb.jdbc.Connection@1b6b00c4 ((conn=7822) Connection.setNetworkTimeout cannot be called on a closed connection). Possibly consider using a shorter maxLifetime value.
[11:36:55:149] [WARN] - com.zaxxer.hikari.pool.PoolBase.isConnectionAlive(PoolBase.java:184) - data-pool- - Failed to validate connection org.mariadb.jdbc.Connection@5a2a79d2 ((conn=7827) Connection.setNetworkTimeout cannot be called on a closed connection). Possibly consider using a shorter maxLifetime value.
[11:36:55:151] [WARN] - com.zaxxer.hikari.pool.PoolBase.isConnectionAlive(PoolBase.java:184) - data-pool- - Failed to validate connection org.mariadb.jdbc.Connection@2bd4408c ((conn=7828) Connection.setNetworkTimeout cannot be called on a closed connection). Possibly consider using a shorter maxLifetime value.
[11:42:35:161] [WARN] - com.zaxxer.hikari.pool.PoolBase.isConnectionAlive(PoolBase.java:184) - data-pool- - Failed to validate connection org.mariadb.jdbc.Connection@275587bc ((conn=7836) Connection.setNetworkTimeout cannot be called on a closed connection). Possibly consider using a shorter maxLifetime value.
[11:42:45:157] [WARN] - com.zaxxer.hikari.pool.PoolBase.isConnectionAlive(PoolBase.java:184) - data-pool- - Failed to validate connection org.mariadb.jdbc.Connection@5b33e92 ((conn=7837) Connection.setNetworkTimeout cannot be called on a closed connection). Possibly consider using a shorter maxLifetime value.
[11:42:45:160] [WARN] - com.zaxxer.hikari.pool.PoolBase.isConnectionAlive(PoolBase.java:184) - data-pool- - Failed to validate connection org.mariadb.jdbc.Connection@16cb1788 ((conn=7838) Connection.setNetworkTimeout cannot be called on a closed connection). Possibly consider using a shorter maxLifetime value.
[11:48:35:156] [WARN] - com.zaxxer.hikari.pool.PoolBase.isConnectionAlive(PoolBase.java:184) - data-pool- - Failed to validate connection org.mariadb.jdbc.Connection@7b48b782 ((conn=7847) Connection.setNetworkTimeout cannot be called on a closed connection). Possibly consider using a shorter maxLifetime value.
[11:48:35:158] [WARN] - com.zaxxer.hikari.pool.PoolBase.isConnectionAlive(PoolBase.java:184) - data-pool- - Failed to validate connection org.mariadb.jdbc.Connection@23212245 ((conn=7848) Connection.setNetworkTimeout cannot be called on a closed connection). Possibly consider using a shorter maxLifetime value.
[11:51:25:161] [WARN] - com.zaxxer.hikari.pool.PoolBase.isConnectionAlive(PoolBase.java:184) - data-pool- - Failed to validate connection org.mariadb.jdbc.Connection@61086b85 ((conn=7851) Connection.setNetworkTimeout cannot be called on a closed connection). Possibly consider using a shorter maxLifetime value.
[11:51:25:162] [WARN] - com.zaxxer.hikari.pool.PoolBase.isConnectionAlive(PoolBase.java:184) - data-pool- - Failed to validate connection org.mariadb.jdbc.Connection@3ad12f8e ((conn=7852) Connection.setNetworkTimeout cannot be called on a closed connection). Possibly consider using a shorter maxLifetime value.
[11:51:25:163] [WARN] - com.zaxxer.hikari.pool.PoolBase.isConnectionAlive(PoolBase.java:184) - data-pool- - Failed to validate connection org.mariadb.jdbc.Connection@47b0f914 ((conn=7853) Connection.setNetworkTimeout cannot be called on a closed connection). Possibly consider using a shorter maxLifetime value.
[12:00:15:161] [WARN] - com.zaxxer.hikari.pool.PoolBase.isConnectionAlive(PoolBase.java:184) - data-pool- - Failed to validate connection org.mariadb.jdbc.Connection@77fd941f ((conn=7866) Connection.setNetworkTimeout cannot be called on a closed connection). Possibly consider using a shorter maxLifetime value.
[12:00:15:161] [WARN] - com.zaxxer.hikari.pool.PoolBase.isConnectionAlive(PoolBase.java:184) - data-pool- - Failed to validate connection org.mariadb.jdbc.Connection@603bdd83 ((conn=7867) Connection.setNetworkTimeout cannot be called on a closed connection). Possibly consider using a shorter maxLifetime value.
[12:00:15:163] [WARN] - com.zaxxer.hikari.pool.PoolBase.isConnectionAlive(PoolBase.java:184) - data-pool- - Failed to validate connection org.mariadb.jdbc.Connection@30c0e1de ((conn=7868) Connection.setNetworkTimeout cannot be called on a closed connection). Possibly consider using a shorter maxLifetime value.
[08:59:00:134] [WARN] - com.zaxxer.hikari.pool.HikariPool$HouseKeeper.run(HikariPool.java:788) - data-pool- - Thread starvation or clock leap detected (housekeeper delta=20h37m45s533ms37µs100ns).
[09:04:55:085] [WARN] - com.zaxxer.hikari.pool.PoolBase.isConnectionAlive(PoolBase.java:184) - data-pool- - Failed to validate connection org.mariadb.jdbc.Connection@67ae0ed3 ((conn=7917) Connection.setNetworkTimeout cannot be called on a closed connection). Possibly consider using a shorter maxLifetime value.
[09:04:55:088] [WARN] - com.zaxxer.hikari.pool.PoolBase.isConnectionAlive(PoolBase.java:184) - data-pool- - Failed to validate connection org.mariadb.jdbc.Connection@1e671c6d ((conn=7918) Connection.setNetworkTimeout cannot be called on a closed connection). Possibly consider using a shorter maxLifetime value.
[09:07:23:835] [WARN] - com.zaxxer.hikari.pool.PoolBase.isConnectionAlive(PoolBase.java:184) - data-pool- - Failed to validate connection org.mariadb.jdbc.Connection@4cb10d06 ((conn=7922) Connection.setNetworkTimeout cannot be called on a closed connection). Possibly consider using a shorter maxLifetime value.
[09:10:25:089] [WARN] - com.zaxxer.hikari.pool.PoolBase.isConnectionAlive(PoolBase.java:184) - data-pool- - Failed to validate connection org.mariadb.jdbc.Connection@6b9b8c16 ((conn=7926) Connection.setNetworkTimeout cannot be called on a closed connection). Possibly consider using a shorter maxLifetime value.
[09:10:25:090] [WARN] - com.zaxxer.hikari.pool.PoolBase.isConnectionAlive(PoolBase.java:184) - data-pool- - Failed to validate connection org.mariadb.jdbc.Connection@10960533 ((conn=7927) Connection.setNetworkTimeout cannot be called on a closed connection). Possibly consider using a shorter maxLifetime value.
[09:10:25:091] [WARN] - com.zaxxer.hikari.pool.PoolBase.isConnectionAlive(PoolBase.java:184) - data-pool- - Failed to validate connection org.mariadb.jdbc.Connection@31bf4022 ((conn=7928) Connection.setNetworkTimeout cannot be called on a closed connection). Possibly consider using a shorter maxLifetime value.
[09:13:05:087] [WARN] - com.zaxxer.hikari.pool.PoolBase.isConnectionAlive(PoolBase.java:184) - data-pool- - Failed to validate connection org.mariadb.jdbc.Connection@26e4cf78 ((conn=7931) Connection.setNetworkTimeout cannot be called on a closed connection). Possibly consider using a shorter maxLifetime value.
[09:16:15:084] [WARN] - com.zaxxer.hikari.pool.PoolBase.isConnectionAlive(PoolBase.java:184) - data-pool- - Failed to validate connection org.mariadb.jdbc.Connection@1427267d ((conn=7936) Connection.setNetworkTimeout cannot be called on a closed connection). Possibly consider using a shorter maxLifetime value.
[09:16:15:085] [WARN] - com.zaxxer.hikari.pool.PoolBase.isConnectionAlive(PoolBase.java:184) - data-pool- - Failed to validate connection org.mariadb.jdbc.Connection@614d0c8b ((conn=7937) Connection.setNetworkTimeout cannot be called on a closed connection). Possibly consider using a shorter maxLifetime value.
[09:16:15:085] [WARN] - com.zaxxer.hikari.pool.PoolBase.isConnectionAlive(PoolBase.java:184) - data-pool- - Failed to validate connection org.mariadb.jdbc.Connection@18223dba ((conn=7938) Connection.setNetworkTimeout cannot be called on a closed connection). Possibly consider using a shorter maxLifetime value.
[09:21:55:070] [WARN] - com.zaxxer.hikari.pool.PoolBase.isConnectionAlive(PoolBase.java:184) - data-pool- - Failed to validate connection org.mariadb.jdbc.Connection@1efa5d8b ((conn=7946) Connection.setNetworkTimeout cannot be called on a closed connection). Possibly consider using a shorter maxLifetime value.
[09:21:55:071] [WARN] - com.zaxxer.hikari.pool.PoolBase.isConnectionAlive(PoolBase.java:184) - data-pool- - Failed to validate connection org.mariadb.jdbc.Connection@4fc1b552 ((conn=7947) Connection.setNetworkTimeout cannot be called on a closed connection). Possibly consider using a shorter maxLifetime value.
[09:21:55:072] [WARN] - com.zaxxer.hikari.pool.PoolBase.isConnectionAlive(PoolBase.java:184) - data-pool- - Failed to validate connection org.mariadb.jdbc.Connection@bdc5891 ((conn=7948) Connection.setNetworkTimeout cannot be called on a closed connection). Possibly consider using a shorter maxLifetime value.
[09:30:45:022] [WARN] - com.zaxxer.hikari.pool.PoolBase.isConnectionAlive(PoolBase.java:184) - data-pool- - Failed to validate connection org.mariadb.jdbc.Connection@7c9e1f70 ((conn=7962) Connection.setNetworkTimeout cannot be called on a closed connection). Possibly consider using a shorter maxLifetime value.
[09:30:45:022] [WARN] - com.zaxxer.hikari.pool.PoolBase.isConnectionAlive(PoolBase.java:184) - data-pool- - Failed to validate connection org.mariadb.jdbc.Connection@60b0e2f7 ((conn=7961) Connection.setNetworkTimeout cannot be called on a closed connection). Possibly consider using a shorter maxLifetime value.
[09:30:45:026] [WARN] - com.zaxxer.hikari.pool.PoolBase.isConnectionAlive(PoolBase.java:184) - data-pool- - Failed to validate connection org.mariadb.jdbc.Connection@17e5e9ed ((conn=7963) Connection.setNetworkTimeout cannot be called on a closed connection). Possibly consider using a shorter maxLifetime value.
[09:45:34:956] [WARN] - com.zaxxer.hikari.pool.PoolBase.isConnectionAlive(PoolBase.java:184) - data-pool- - Failed to validate connection org.mariadb.jdbc.Connection@400e416c ((conn=7987) Connection.setNetworkTimeout cannot be called on a closed connection). Possibly consider using a shorter maxLifetime value.
[09:45:34:957] [WARN] - com.zaxxer.hikari.pool.PoolBase.isConnectionAlive(PoolBase.java:184) - data-pool- - Failed to validate connection org.mariadb.jdbc.Connection@739dbeec ((conn=7988) Connection.setNetworkTimeout cannot be called on a closed connection). Possibly consider using a shorter maxLifetime value.
[09:47:44:959] [WARN] - com.zaxxer.hikari.pool.PoolBase.isConnectionAlive(PoolBase.java:184) - data-pool- - Failed to validate connection org.mariadb.jdbc.Connection@7b6f426c ((conn=7992) Connection.setNetworkTimeout cannot be called on a closed connection). Possibly consider using a shorter maxLifetime value.
[09:56:44:931] [WARN] - com.zaxxer.hikari.pool.PoolBase.isConnectionAlive(PoolBase.java:184) - data-pool- - Failed to validate connection org.mariadb.jdbc.Connection@45dcb2d4 ((conn=8006) Connection.setNetworkTimeout cannot be called on a closed connection). Possibly consider using a shorter maxLifetime value.
[10:00:04:920] [WARN] - com.zaxxer.hikari.pool.PoolBase.isConnectionAlive(PoolBase.java:184) - data-pool- - Failed to validate connection org.mariadb.jdbc.Connection@9565ae5 ((conn=8011) Connection.setNetworkTimeout cannot be called on a closed connection). Possibly consider using a shorter maxLifetime value.
[10:00:04:926] [WARN] - com.zaxxer.hikari.pool.PoolBase.isConnectionAlive(PoolBase.java:184) - data-pool- - Failed to validate connection org.mariadb.jdbc.Connection@200518d6 ((conn=8012) Connection.setNetworkTimeout cannot be called on a closed connection). Possibly consider using a shorter maxLifetime value.
[10:00:04:926] [WARN] - com.zaxxer.hikari.pool.PoolBase.isConnectionAlive(PoolBase.java:184) - data-pool- - Failed to validate connection org.mariadb.jdbc.Connection@3629f4f7 ((conn=8013) Connection.setNetworkTimeout cannot be called on a closed connection). Possibly consider using a shorter maxLifetime value.
[10:02:44:916] [WARN] - com.zaxxer.hikari.pool.PoolBase.isConnectionAlive(PoolBase.java:184) - data-pool- - Failed to validate connection org.mariadb.jdbc.Connection@15b538ce ((conn=8016) Connection.setNetworkTimeout cannot be called on a closed connection). Possibly consider using a shorter maxLifetime value.
[10:02:44:919] [WARN] - com.zaxxer.hikari.pool.PoolBase.isConnectionAlive(PoolBase.java:184) - data-pool- - Failed to validate connection org.mariadb.jdbc.Connection@404a9f53 ((conn=8017) Connection.setNetworkTimeout cannot be called on a closed connection). Possibly consider using a shorter maxLifetime value.
[10:02:44:920] [WARN] - com.zaxxer.hikari.pool.PoolBase.isConnectionAlive(PoolBase.java:184) - data-pool- - Failed to validate connection org.mariadb.jdbc.Connection@42e5aa3c ((conn=8018) Connection.setNetworkTimeout cannot be called on a closed connection). Possibly consider using a shorter maxLifetime value.
[10:05:34:912] [WARN] - com.zaxxer.hikari.pool.PoolBase.isConnectionAlive(PoolBase.java:184) - data-pool- - Failed to validate connection org.mariadb.jdbc.Connection@27a999dd ((conn=8021) Connection.setNetworkTimeout cannot be called on a closed connection). Possibly consider using a shorter maxLifetime value.
[10:08:32:636] [WARN] - com.zaxxer.hikari.pool.PoolBase.isConnectionAlive(PoolBase.java:184) - data-pool- - Failed to validate connection org.mariadb.jdbc.Connection@6ebd0027 ((conn=8026) Connection.setNetworkTimeout cannot be called on a closed connection). Possibly consider using a shorter maxLifetime value.
[10:08:32:639] [WARN] - com.zaxxer.hikari.pool.PoolBase.isConnectionAlive(PoolBase.java:184) - data-pool- - Failed to validate connection org.mariadb.jdbc.Connection@45be2f64 ((conn=8027) Connection.setNetworkTimeout cannot be called on a closed connection). Possibly consider using a shorter maxLifetime value.
[10:08:32:640] [WARN] - com.zaxxer.hikari.pool.PoolBase.isConnectionAlive(PoolBase.java:184) - data-pool- - Failed to validate connection org.mariadb.jdbc.Connection@6bf61f5f ((conn=8028) Connection.setNetworkTimeout cannot be called on a closed connection). Possibly consider using a shorter maxLifetime value.
[10:13:41:185] [WARN] - com.zaxxer.hikari.pool.PoolBase.isConnectionAlive(PoolBase.java:184) - data-pool- - Failed to validate connection org.mariadb.jdbc.Connection@7eaa89e6 ((conn=8037) Connection.setNetworkTimeout cannot be called on a closed connection). Possibly consider using a shorter maxLifetime value.
[10:14:24:900] [WARN] - com.zaxxer.hikari.pool.PoolBase.isConnectionAlive(PoolBase.java:184) - data-pool- - Failed to validate connection org.mariadb.jdbc.Connection@3485239c ((conn=8038) Connection.setNetworkTimeout cannot be called on a closed connection). Possibly consider using a shorter maxLifetime value.
[10:14:24:904] [WARN] - com.zaxxer.hikari.pool.PoolBase.isConnectionAlive(PoolBase.java:184) - data-pool- - Failed to validate connection org.mariadb.jdbc.Connection@54ea0105 ((conn=8039) Connection.setNetworkTimeout cannot be called on a closed connection). Possibly consider using a shorter maxLifetime value.
[10:20:04:879] [WARN] - com.zaxxer.hikari.pool.PoolBase.isConnectionAlive(PoolBase.java:184) - data-pool- - Failed to validate connection org.mariadb.jdbc.Connection@105492a5 ((conn=8047) Connection.setNetworkTimeout cannot be called on a closed connection). Possibly consider using a shorter maxLifetime value.
[10:23:14:876] [WARN] - com.zaxxer.hikari.pool.PoolBase.isConnectionAlive(PoolBase.java:184) - data-pool- - Failed to validate connection org.mariadb.jdbc.Connection@4a7c3504 ((conn=8052) Connection.setNetworkTimeout cannot be called on a closed connection). Possibly consider using a shorter maxLifetime value.
[10:23:14:876] [WARN] - com.zaxxer.hikari.pool.PoolBase.isConnectionAlive(PoolBase.java:184) - data-pool- - Failed to validate connection org.mariadb.jdbc.Connection@1da61a98 ((conn=8053) Connection.setNetworkTimeout cannot be called on a closed connection). Possibly consider using a shorter maxLifetime value.
[10:23:14:880] [WARN] - com.zaxxer.hikari.pool.PoolBase.isConnectionAlive(PoolBase.java:184) - data-pool- - Failed to validate connection org.mariadb.jdbc.Connection@5c9daec1 ((conn=8054) Connection.setNetworkTimeout cannot be called on a closed connection). Possibly consider using a shorter maxLifetime value.
[10:28:26:613] [WARN] - com.zaxxer.hikari.pool.PoolBase.isConnectionAlive(PoolBase.java:184) - data-pool- - Failed to validate connection org.mariadb.jdbc.Connection@26b79b2d ((conn=8062) Connection.setNetworkTimeout cannot be called on a closed connection). Possibly consider using a shorter maxLifetime value.
[10:28:40:095] [WARN] - com.zaxxer.hikari.pool.PoolBase.isConnectionAlive(PoolBase.java:184) - data-pool- - Failed to validate connection org.mariadb.jdbc.Connection@300f1d66 ((conn=8064) Connection.setNetworkTimeout cannot be called on a closed connection). Possibly consider using a shorter maxLifetime value.
[10:28:40:095] [WARN] - com.zaxxer.hikari.pool.PoolBase.isConnectionAlive(PoolBase.java:184) - data-pool- - Failed to validate connection org.mariadb.jdbc.Connection@11ad81c ((conn=8063) Connection.setNetworkTimeout cannot be called on a closed connection). Possibly consider using a shorter maxLifetime value.
[10:34:34:852] [WARN] - com.zaxxer.hikari.pool.PoolBase.isConnectionAlive(PoolBase.java:184) - data-pool- - Failed to validate connection org.mariadb.jdbc.Connection@54b17737 ((conn=8074) Connection.setNetworkTimeout cannot be called on a closed connection). Possibly consider using a shorter maxLifetime value.
[10:43:24:845] [WARN] - com.zaxxer.hikari.pool.PoolBase.isConnectionAlive(PoolBase.java:184) - data-pool- - Failed to validate connection org.mariadb.jdbc.Connection@6c9a7d4b ((conn=8089) Connection.setNetworkTimeout cannot be called on a closed connection). Possibly consider using a shorter maxLifetime value.
[10:45:55:047] [WARN] - com.zaxxer.hikari.pool.PoolBase.isConnectionAlive(PoolBase.java:184) - data-pool- - Failed to validate connection org.mariadb.jdbc.Connection@b5ba780 ((conn=8092) Connection.setNetworkTimeout cannot be called on a closed connection). Possibly consider using a shorter maxLifetime value.
[10:48:54:849] [WARN] - com.zaxxer.hikari.pool.PoolBase.isConnectionAlive(PoolBase.java:184) - data-pool- - Failed to validate connection org.mariadb.jdbc.Connection@d3a1d80 ((conn=8097) Connection.setNetworkTimeout cannot be called on a closed connection). Possibly consider using a shorter maxLifetime value.
[10:49:14:841] [WARN] - com.zaxxer.hikari.pool.PoolBase.isConnectionAlive(PoolBase.java:184) - data-pool- - Failed to validate connection org.mariadb.jdbc.Connection@2c47bf66 ((conn=8098) Connection.setNetworkTimeout cannot be called on a closed connection). Possibly consider using a shorter maxLifetime value.
[10:49:14:843] [WARN] - com.zaxxer.hikari.pool.PoolBase.isConnectionAlive(PoolBase.java:184) - data-pool- - Failed to validate connection org.mariadb.jdbc.Connection@50de15cf ((conn=8099) Connection.setNetworkTimeout cannot be called on a closed connection). Possibly consider using a shorter maxLifetime value.
[10:51:54:846] [WARN] - com.zaxxer.hikari.pool.PoolBase.isConnectionAlive(PoolBase.java:184) - data-pool- - Failed to validate connection org.mariadb.jdbc.Connection@fd37053 ((conn=8102) Connection.setNetworkTimeout cannot be called on a closed connection). Possibly consider using a shorter maxLifetime value.
[10:51:54:851] [WARN] - com.zaxxer.hikari.pool.PoolBase.isConnectionAlive(PoolBase.java:184) - data-pool- - Failed to validate connection org.mariadb.jdbc.Connection@1a94d681 ((conn=8103) Connection.setNetworkTimeout cannot be called on a closed connection). Possibly consider using a shorter maxLifetime value.
[10:51:54:854] [WARN] - com.zaxxer.hikari.pool.PoolBase.isConnectionAlive(PoolBase.java:184) - data-pool- - Failed to validate connection org.mariadb.jdbc.Connection@1a23e9b6 ((conn=8104) Connection.setNetworkTimeout cannot be called on a closed connection). Possibly consider using a shorter maxLifetime value.
[10:57:44:844] [WARN] - com.zaxxer.hikari.pool.PoolBase.isConnectionAlive(PoolBase.java:184) - data-pool- - Failed to validate connection org.mariadb.jdbc.Connection@107cf2fc ((conn=8113) Connection.setNetworkTimeout cannot be called on a closed connection). Possibly consider using a shorter maxLifetime value.
[11:12:44:823] [WARN] - com.zaxxer.hikari.pool.PoolBase.isConnectionAlive(PoolBase.java:184) - data-pool- - Failed to validate connection org.mariadb.jdbc.Connection@d1da3f3 ((conn=8140) Connection.setNetworkTimeout cannot be called on a closed connection). Possibly consider using a shorter maxLifetime value.
[22:32:35:707] [WARN] - com.zaxxer.hikari.pool.HikariPool$HouseKeeper.run(HikariPool.java:788) - data-pool- - Thread starvation or clock leap detected (housekeeper delta=11h15m27s641ms273µs600ns).
[22:47:24:677] [WARN] - com.zaxxer.hikari.pool.PoolBase.isConnectionAlive(PoolBase.java:184) - data-pool- - Failed to validate connection org.mariadb.jdbc.Connection@63cf5b7e ((conn=8174) Connection.setNetworkTimeout cannot be called on a closed connection). Possibly consider using a shorter maxLifetime value.
[22:53:14:683] [WARN] - com.zaxxer.hikari.pool.PoolBase.isConnectionAlive(PoolBase.java:184) - data-pool- - Failed to validate connection org.mariadb.jdbc.Connection@21963cad ((conn=8183) Connection.setNetworkTimeout cannot be called on a closed connection). Possibly consider using a shorter maxLifetime value.
[22:56:34:671] [WARN] - com.zaxxer.hikari.pool.PoolBase.isConnectionAlive(PoolBase.java:184) - data-pool- - Failed to validate connection org.mariadb.jdbc.Connection@1fe37119 ((conn=8191) Connection.setNetworkTimeout cannot be called on a closed connection). Possibly consider using a shorter maxLifetime value.
[23:05:14:683] [WARN] - com.zaxxer.hikari.pool.PoolBase.isConnectionAlive(PoolBase.java:184) - data-pool- - Failed to validate connection org.mariadb.jdbc.Connection@35b597dd ((conn=8205) Connection.setNetworkTimeout cannot be called on a closed connection). Possibly consider using a shorter maxLifetime value.
[23:05:14:683] [WARN] - com.zaxxer.hikari.pool.PoolBase.isConnectionAlive(PoolBase.java:184) - data-pool- - Failed to validate connection org.mariadb.jdbc.Connection@69819ca2 ((conn=8206) Connection.setNetworkTimeout cannot be called on a closed connection). Possibly consider using a shorter maxLifetime value.
[23:10:44:674] [WARN] - com.zaxxer.hikari.pool.PoolBase.isConnectionAlive(PoolBase.java:184) - data-pool- - Failed to validate connection org.mariadb.jdbc.Connection@6bf4438f ((conn=8214) Connection.setNetworkTimeout cannot be called on a closed connection). Possibly consider using a shorter maxLifetime value.
[23:13:54:680] [WARN] - com.zaxxer.hikari.pool.PoolBase.isConnectionAlive(PoolBase.java:184) - data-pool- - Failed to validate connection org.mariadb.jdbc.Connection@203913cd ((conn=8219) Connection.setNetworkTimeout cannot be called on a closed connection). Possibly consider using a shorter maxLifetime value.
[23:13:54:683] [WARN] - com.zaxxer.hikari.pool.PoolBase.isConnectionAlive(PoolBase.java:184) - data-pool- - Failed to validate connection org.mariadb.jdbc.Connection@6a98d045 ((conn=8220) Connection.setNetworkTimeout cannot be called on a closed connection). Possibly consider using a shorter maxLifetime value.
[23:20:04:679] [WARN] - com.zaxxer.hikari.pool.PoolBase.isConnectionAlive(PoolBase.java:184) - data-pool- - Failed to validate connection org.mariadb.jdbc.Connection@5f338200 ((conn=8231) Connection.setNetworkTimeout cannot be called on a closed connection). Possibly consider using a shorter maxLifetime value.
[23:25:54:671] [WARN] - com.zaxxer.hikari.pool.PoolBase.isConnectionAlive(PoolBase.java:184) - data-pool- - Failed to validate connection org.mariadb.jdbc.Connection@55c83917 ((conn=8240) Connection.setNetworkTimeout cannot be called on a closed connection). Possibly consider using a shorter maxLifetime value.
[23:25:54:672] [WARN] - com.zaxxer.hikari.pool.PoolBase.isConnectionAlive(PoolBase.java:184) - data-pool- - Failed to validate connection org.mariadb.jdbc.Connection@6dc3adaf ((conn=8241) Connection.setNetworkTimeout cannot be called on a closed connection). Possibly consider using a shorter maxLifetime value.
[23:31:44:684] [WARN] - com.zaxxer.hikari.pool.PoolBase.isConnectionAlive(PoolBase.java:184) - data-pool- - Failed to validate connection org.mariadb.jdbc.Connection@3cfedaf9 ((conn=8249) Connection.setNetworkTimeout cannot be called on a closed connection). Possibly consider using a shorter maxLifetime value.
[23:31:44:684] [WARN] - com.zaxxer.hikari.pool.PoolBase.isConnectionAlive(PoolBase.java:184) - data-pool- - Failed to validate connection org.mariadb.jdbc.Connection@21fa8739 ((conn=8250) Connection.setNetworkTimeout cannot be called on a closed connection). Possibly consider using a shorter maxLifetime value.
[23:31:44:685] [WARN] - com.zaxxer.hikari.pool.PoolBase.isConnectionAlive(PoolBase.java:184) - data-pool- - Failed to validate connection org.mariadb.jdbc.Connection@251c582a ((conn=8251) Connection.setNetworkTimeout cannot be called on a closed connection). Possibly consider using a shorter maxLifetime value.
[23:37:04:683] [WARN] - com.zaxxer.hikari.pool.PoolBase.isConnectionAlive(PoolBase.java:184) - data-pool- - Failed to validate connection org.mariadb.jdbc.Connection@4d7463f4 ((conn=8259) Connection.setNetworkTimeout cannot be called on a closed connection). Possibly consider using a shorter maxLifetime value.
[23:43:24:678] [WARN] - com.zaxxer.hikari.pool.PoolBase.isConnectionAlive(PoolBase.java:184) - data-pool- - Failed to validate connection org.mariadb.jdbc.Connection@5dab3e9a ((conn=8269) Connection.setNetworkTimeout cannot be called on a closed connection). Possibly consider using a shorter maxLifetime value.
[23:43:36:172] [WARN] - com.zaxxer.hikari.pool.PoolBase.isConnectionAlive(PoolBase.java:184) - data-pool- - Failed to validate connection org.mariadb.jdbc.Connection@5c81edfe ((conn=8271) Connection.setNetworkTimeout cannot be called on a closed connection). Possibly consider using a shorter maxLifetime value.
